id,source,source_type,timestamp,date,text,title,url,author_or_author_id_if_appropriate,engagement_score,comment_count,upvote_count_if_available,query_term,topic_relevance,story_id,story_url,collected_at,collection_timezone,cleaned_text,relevance_filter_reason,predicted_sentiment,negative_probability,neutral_probability,positive_probability
hn_2169332,Hacker News,public_story,2011-02-02 06:34:14+00:00,2011-02-02,YouTube uses Amazon's recommendation algorithm,YouTube uses Amazon's recommendation algorithm,https://news.ycombinator.com/item?id=2169332,davidst,2.0,0.0,2.0,recommendation algorithm,Conservative keyword/context screen: recommendation/ranking/feed plus change/platform context.,2169332,,2026-09-21T19:44:34.808161+00:00,UTC,YouTube uses Amazon's recommendation algorithm,direct public story about a platform recommendation algorithm,Negative,0.4705499010066968,0.15088049503202727,0.3785696039612758
hn_2940140,Hacker News,public_comment,2011-08-30 04:40:15+00:00,2011-08-30,"I had thought about something like this, sort of a combination of karma scores and netflix/pandora-style recommendations for ranking user content on sites like HN. I could say 'I like what tptacek has to say' and give your content a higher precedence for ME, rather than for the whole of the site user base. Others could say 'I dislike what tptacek has to say', and you get a corresponding drop for THAT USER, not everyone. Now add a chain - if I 'like' you, all that you 'like' gets a smaller, but significant bump for me, and so on. Add in 'OSCP' style repudiation if the source of your trust for someone changes their mind for any reason. Moving this into authentication/trust - how do you 'start' something like this at an Internet scale, assuming actively hostile, nation-state level players, such as in this article? It seems very chicken-and-egg for something as critical as encryption and protection of important content. Just thoughts - it seems there's some big issues I'm missing though, such as initial seeding for 'new' users en masse. I can also see the code to keep track of all the trust vectors, etc. becoming VERY complicated...",Gmail.com being MITM'd by Iran using this certificate,https://news.ycombinator.com/item?id=2940140,count,,,,recommendation ranking,Conservative keyword/context screen: recommendation/ranking/feed plus change/platform context.,2938516,http://pastebin.com/ff7Yg663,2026-09-21T19:44:34.808161+00:00,UTC,"I had thought about something like this, sort of a combination of karma scores and netflix/pandora-style recommendations for ranking user content on sites like HN. I could say 'I like what tptacek has to say' and give your content a higher precedence for ME, rather than for the whole of the site user base. Others could say 'I dislike what tptacek has to say', and you get a corresponding drop for THAT USER, not everyone. Now add a chain - if I 'like' you, all that you 'like' gets a smaller, but significant bump for me, and so on. Add in 'OSCP' style repudiation if the source of your trust for someone changes their mind for any reason. Moving this into authentication/trust - how do you 'start' something like this at an Internet scale, assuming actively hostile, nation-state level players, such as in this article? It seems very chicken-and-egg for something as critical as encryption and protection of important content. Just thoughts - it seems there's some big issues I'm missing though, such as initial seeding for 'new' users en masse. I can also see the code to keep track of all the trust vectors, etc. becoming VERY complicated...","recommendation/feed context plus documented change, reaction, quality, or user-control signal",Negative,0.639277580411806,0.1894029677447254,0.17131945184346853
hn_3301483,Hacker News,public_story,2011-12-01 21:34:54+00:00,2011-12-01,YouTube’s New Homepage Goes Social With Algorithmic Feeds,YouTube’s New Homepage Goes Social With Algorithmic Feeds,https://news.ycombinator.com/item?id=3301483,nickfrost,6.0,1.0,6.0,feed algorithm,Conservative keyword/context screen: recommendation/ranking/feed plus change/platform context.,3301483,,2026-09-21T19:44:34.808161+00:00,UTC,YouTube’s New Homepage Goes Social With Algorithmic Feeds,"recommendation/feed context plus documented change, reaction, quality, or user-control signal",Positive,0.13470908881340274,0.40990264890181305,0.45538826228478413
hn_3719435,Hacker News,public_comment,2012-03-18 09:52:37+00:00,2012-03-18,"Out of curiosity, did you compare to any other baselines? I suspect you did a lot better than you think you did, because that particular baseline is actually very misleading for ranking/recommendation tasks (this is a common source of confusion for newcomers). Here's why, in two parts: 1) Say you estimate (as you propose) that a user will always give their average rating. This might get you good-ish error and ROC as a prediction task , but will give zero recommendation value because the prediction for a given user will be constant for all possible recommendations. 2) Say you estimate that a user will give the average score that the item has received across all users. Again, possibly good-ish in terms of prediction ROC and RMS error, but this offers no personalization (all users get the same predictions, i.e. you're basically just showing the default Reddit ranking). Both of these baselines are vastly inferior to even really stupid models like ""how many times have I upvoted stories from this submitter"" in terms of recommendation value, but the latter is (if I recall from my own experiments) much worse when evaluated on the basis of overall ROC. I would strongly suspect that a correctly implemented NB or S1 would vastly outperform either of the two baselines in terms of actual recommendation utility (even though when you look at the baseline's ability to predict actual numbers, they might be comparably good in an RMS sense). The moral of the story: one must be very careful when trying to quantify the performance of learning systems; actual utility is often difficult to evaluate merely by looking at standard statistical measures of accuracy.",Help Reddit build a recommender,https://news.ycombinator.com/item?id=3719435,_dps,,,,recommendation ranking,Conservative keyword/context screen: recommendation/ranking/feed plus change/platform context.,3719003,http://www.reddit.com/r/redditdev/comments/lowwf/attempt_2_want_to_help_reddit_build_a_recommender/,2026-09-21T19:44:34.808161+00:00,UTC,"Out of curiosity, did you compare to any other baselines? I suspect you did a lot better than you think you did, because that particular baseline is actually very misleading for ranking/recommendation tasks (this is a common source of confusion for newcomers). Here's why, in two parts: 1) Say you estimate (as you propose) that a user will always give their average rating. This might get you good-ish error and ROC as a prediction task , but will give zero recommendation value because the prediction for a given user will be constant for all possible recommendations. 2) Say you estimate that a user will give the average score that the item has received across all users. Again, possibly good-ish in terms of prediction ROC and RMS error, but this offers no personalization (all users get the same predictions, i.e. you're basically just showing the default Reddit ranking). Both of these baselines are vastly inferior to even really stupid models like ""how many times have I upvoted stories from this submitter"" in terms of recommendation value, but the latter is (if I recall from my own experiments) much worse when evaluated on the basis of overall ROC. I would strongly suspect that a correctly implemented NB or S1 would vastly outperform either of the two baselines in terms of actual recommendation utility (even though when you look at the baseline's ability to predict actual numbers, they might be comparably good in an RMS sense). The moral of the story: one must be very careful when trying to quantify the performance of learning systems; actual utility is often difficult to evaluate merely by looking at standard statistical measures of accuracy.","recommendation/feed context plus documented change, reaction, quality, or user-control signal",Negative,0.6404966670882836,0.20806957624102296,0.15143375667069353
hn_4437467,Hacker News,public_comment,2012-08-27 04:43:14+00:00,2012-08-27,"Yes I realize that my dumbass friends are posting all these meme's and pictures. But what I want facebook to do is show me their status updates and other meaningful things other than the ""Don't worry be happy"" meme that shows up on my feed. The problem is that I get all this junk from them and have no way of turning off that part of it and keeping the other part. Not an unreasonable feature request IMO. I would love a text-based facebook feed. Like a twitter within facebook - one where I see all my friends status/profile updates to begin with.. Facebook's algorithms prioritize picture uploads over and above status updates. If you've been a long time Facebook user you'll see how now you see way more picture posts as opposed to status updates (just check the occurrences on your feed..) In fact, it appears that picture based posts are prioritized. So a picture post of a cat/anything-else will have a higher probability of showing up on your feed as opposed to ""YAY We're getting married!"" (unless that status update has a lot of likes.. etc..) What I meant in my initial post was that facebook's news feed algorithm is changing and the end result will naturally be quite different from what it started out as. As this algorithm evolves to keep investors happy and ad revenues up, things will change considerably. If that pisses users off, then another social network might be able to fill in/take over. As an example, Path has had plenty of success so far - not a facebook killer but in a nice niche..",Google+ Will Dominate Facebook - Here's Why,https://news.ycombinator.com/item?id=4437467,ashray,,,,Facebook news feed algorithm,Conservative keyword/context screen: recommendation/ranking/feed plus change/platform context.,4436847,https://plus.google.com/116024884086268367178/posts/j6FbZtpSDJs,2026-09-21T19:44:34.808161+00:00,UTC,"Yes I realize that my dumbass friends are posting all these meme's and pictures. But what I want facebook to do is show me their status updates and other meaningful things other than the ""Don't worry be happy"" meme that shows up on my feed. The problem is that I get all this junk from them and have no way of turning off that part of it and keeping the other part. Not an unreasonable feature request IMO. I would love a text-based facebook feed. Like a twitter within facebook - one where I see all my friends status/profile updates to begin with.. Facebook's algorithms prioritize picture uploads over and above status updates. If you've been a long time Facebook user you'll see how now you see way more picture posts as opposed to status updates (just check the occurrences on your feed..) In fact, it appears that picture based posts are prioritized. So a picture post of a cat/anything-else will have a higher probability of showing up on your feed as opposed to ""YAY We're getting married!"" (unless that status update has a lot of likes.. etc..) What I meant in my initial post was that facebook's news feed algorithm is changing and the end result will naturally be quite different from what it started out as. As this algorithm evolves to keep investors happy and ad revenues up, things will change considerably. If that pisses users off, then another social network might be able to fill in/take over. As an example, Path has had plenty of success so far - not a facebook killer but in a nice niche..","recommendation/feed context plus documented change, reaction, quality, or user-control signal",Negative,0.5132500851461368,0.07373814833484776,0.4130117665190154
hn_4786011,Hacker News,public_comment,2012-11-14 22:42:08+00:00,2012-11-14,"All great points. One note: the $3 I noted in the article actually isn't CPM, it's Cost-Per-Reach, or Cost Per Unique Impression. This is an important distinction because most digital/display advertising functions on a CPM basis, where one person might see an ad multiple times. On Facebook, when a Page promotes a post, that post is only displayed to that user once. Brands have a tendency to abuse the trust of someone opting-in, whether that's on Twitter, Facebook, Email, etc. When this happens, most people aren't aware enough to understand the cause and effect - instead of blaming the brand for being spammy, they get frustrated with Facebook. The News Feed Algorithm and Sponsored Stories are Facebook's way of ensuring a better user experience. By pushing brands to pay a small price for distribution, Facebook gets brands to think about what they're publishing and to take advantage of the targeting options that Facebook makes available, so that their content reaches the right people.",Why Mark Cuban is wrong about Facebook,https://news.ycombinator.com/item?id=4786011,brendanib,,,,Facebook news feed algorithm,Conservative keyword/context screen: recommendation/ranking/feed plus change/platform context.,4785787,http://pagelever.com/fact-check-why-mark-cuban-is-wrong-about-facebook/,2026-09-21T19:44:34.808161+00:00,UTC,"All great points. One note: the $3 I noted in the article actually isn't CPM, it's Cost-Per-Reach, or Cost Per Unique Impression. This is an important distinction because most digital/display advertising functions on a CPM basis, where one person might see an ad multiple times. On Facebook, when a Page promotes a post, that post is only displayed to that user once. Brands have a tendency to abuse the trust of someone opting-in, whether that's on Twitter, Facebook, Email, etc. When this happens, most people aren't aware enough to understand the cause and effect - instead of blaming the brand for being spammy, they get frustrated with Facebook. The News Feed Algorithm and Sponsored Stories are Facebook's way of ensuring a better user experience. By pushing brands to pay a small price for distribution, Facebook gets brands to think about what they're publishing and to take advantage of the targeting options that Facebook makes available, so that their content reaches the right people.","recommendation/feed context plus documented change, reaction, quality, or user-control signal",Negative,0.5594353509931366,0.20783134280755491,0.23273330619930854
hn_5271653,Hacker News,public_story,2013-02-23 21:46:35+00:00,2013-02-23,"Python, Ruby, Vim package updates notifications, rankings and recommendations","Python, Ruby, Vim package updates notifications, rankings and recommendations",https://news.ycombinator.com/item?id=5271653,gklein,3.0,0.0,3.0,recommendation ranking,Conservative keyword/context screen: recommendation/ranking/feed plus change/platform context.,5271653,,2026-09-21T19:44:34.808161+00:00,UTC,"Python, Ruby, Vim package updates notifications, rankings and recommendations","recommendation/feed context plus documented change, reaction, quality, or user-control signal",Neutral,0.20931586026083138,0.588604612317576,0.20207952742159263
hn_6220222,Hacker News,public_story,2013-08-15 20:02:53+00:00,2013-08-15,Facebook Updates News Feed Algorithm With Story Bumping & Last Actor,Facebook Updates News Feed Algorithm With Story Bumping & Last Actor,https://news.ycombinator.com/item?id=6220222,techaddict009,2.0,0.0,2.0,feed algorithm,Conservative keyword/context screen: recommendation/ranking/feed plus change/platform context.,6220222,,2026-09-21T19:44:34.808161+00:00,UTC,Facebook Updates News Feed Algorithm With Story Bumping & Last Actor,"recommendation/feed context plus documented change, reaction, quality, or user-control signal",Neutral,0.2427570094976687,0.5957012055041616,0.16154178499816976
hn_7218374,Hacker News,public_comment,2014-02-11 16:27:00+00:00,2014-02-11,"""Facebook Inc. changed its newsfeed algorithm. You’ll never believe what happened to Upworthy’s traffic next."" The start of the article is gold.",Facebook Puts a Downer on Upworthy,https://news.ycombinator.com/item?id=7218374,xux,,,,Facebook news feed algorithm,Conservative keyword/context screen: recommendation/ranking/feed plus change/platform context.,7217986,http://www.bloomberg.com/news/2014-02-11/facebook-puts-a-downer-on-upworthy.html,2026-09-21T19:44:34.808161+00:00,UTC,"""Facebook Inc. changed its newsfeed algorithm. You’ll never believe what happened to Upworthy’s traffic next."" The start of the article is gold.","recommendation/feed context plus documented change, reaction, quality, or user-control signal",Negative,0.5020295041694451,0.32208663685961214,0.1758838589709426
hn_7220336,Hacker News,public_comment,2014-02-11 20:50:01+00:00,2014-02-11,Facebook Inc. changed its newsfeed algorithm. You’ll never believe what happened to Upworthy’s traffic next. A little subtle humor from our friends at Bloomberg! This is the type of sly writing I'd expect from the Economist.,Facebook Puts a Downer on Upworthy,https://news.ycombinator.com/item?id=7220336,mathattack,,,,Facebook news feed algorithm,Conservative keyword/context screen: recommendation/ranking/feed plus change/platform context.,7217986,http://www.bloomberg.com/news/2014-02-11/facebook-puts-a-downer-on-upworthy.html,2026-09-21T19:44:34.808161+00:00,UTC,Facebook Inc. changed its newsfeed algorithm. You’ll never believe what happened to Upworthy’s traffic next. A little subtle humor from our friends at Bloomberg! This is the type of sly writing I'd expect from the Economist.,"recommendation/feed context plus documented change, reaction, quality, or user-control signal",Neutral,0.27650499234295756,0.3893707746541857,0.3341242330028569
hn_7947713,Hacker News,public_comment,2014-06-26 01:34:42+00:00,2014-06-26,">Snapchat launches a fantastic re-design. so? how does this affect your product? >Facebook changes its newsfeed algorithm with significant implications for marketing agencies and small businesses. Facebook replaces its complete Android SDK with a new API yeah, that sucks. >Apple releases a completely new programming language. so? you don't have to use it. >Apple releases new versions of iOS and OS X. if your app works on Mavericks, it works on Yosemite. if it works on iOS7, it works on iOS8 >Google brings Android to TV and your wrist. You don't have to integrate with it. >They release a brand-new Android version. same comment as the apple OS releases >A new cross-platform design language. You don't have to use it. Your product already has a design, and a brand. consistency is important. Your users are probably even more afraid of change than you are. Don't inflict google's new design on them unless they're begging for it. >They replace the Android VM. your app probably already works with it. most do. >Notifications change how they work. no they didn't. they added new features, but your old notifications still work like they did yesterday. >This. And that. And this. And that. Build your product, make it as good as it can be, and build what your customers are actually asking for. Stop caring about all that crap the tech blogs are posting, and focus on what your customers are asking for. You don't have to react to everything that theverge reports on, 90% of it goes away after a couple months or has a similarly small effect on the industry.",Tech is moving too fast for me: I'm out.,https://news.ycombinator.com/item?id=7947713,notatoad,,,,Facebook news feed algorithm,Conservative keyword/context screen: recommendation/ranking/feed plus change/platform context.,7947551,,2026-09-21T19:44:34.808161+00:00,UTC,">Snapchat launches a fantastic re-design. so? how does this affect your product? >Facebook changes its newsfeed algorithm with significant implications for marketing agencies and small businesses. Facebook replaces its complete Android SDK with a new API yeah, that sucks. >Apple releases a completely new programming language. so? you don't have to use it. >Apple releases new versions of iOS and OS X. if your app works on Mavericks, it works on Yosemite. if it works on iOS7, it works on iOS8 >Google brings Android to TV and your wrist. You don't have to integrate with it. >They release a brand-new Android version. same comment as the apple OS releases >A new cross-platform design language. You don't have to use it. Your product already has a design, and a brand. consistency is important. Your users are probably even more afraid of change than you are. Don't inflict google's new design on them unless they're begging for it. >They replace the Android VM. your app probably already works with it. most do. >Notifications change how they work. no they didn't. they added new features, but your old notifications still work like they did yesterday. >This. And that. And this. And that. Build your product, make it as good as it can be, and build what your customers are actually asking for. Stop caring about all that crap the tech blogs are posting, and focus on what your customers are asking for. You don't have to react to everything that theverge reports on, 90% of it goes away after a couple months or has a similarly small effect on the industry.","recommendation/feed context plus documented change, reaction, quality, or user-control signal",Negative,0.7742390912149444,0.05300635240032745,0.17275455638472806
hn_7972600,Hacker News,public_comment,2014-07-01 18:29:05+00:00,2014-07-01,"Vurb - San Francisco, CA - http://vurb.com We just won TechCrunch Disrupt NYC - http://techcrunch.com/2014/05/05/vurb/ Vurb is working on reinventing search, browsing, and sharing - by creating an intelligent layer over the Internet that helps you get things done in one place. Rather than opening lots of windows/tabs or hopping from mobile app to mobile app, we're building a platform that brings everything together. We do this by connecting the services we use in a contextual way, through data technologies (search, machine learning, big data, etc.) and original thinking around UI/UX. We're funded by Max Levchin, Drew Houston (Dropbox), Naval Ravikant (AngelList), CrunchFund, and many others. This is a hard problem, but it has the potential to change the behavior of how we do things on the Internet (and make it fun!) Full-time opportunities in San Francisco (3+ yrs experience, interview on-site) * Search / Data Scientist / Data Engineer - search, classification, ranking, ML, recommendation systems, NLP, graph dbs, data crawling/processing. Search experience strongly desired. * Full-stack Engineer - experience in JavaScript and async programming (e.g., node.js) preferable * Android Engineer * Lead Designer - visual design, interaction design, and experience design - please include your portfolio or Dribbble when applying jobs@vurb.com | angel.co/vurb",Ask HN: Who is hiring? (July 2014),https://news.ycombinator.com/item?id=7972600,blo,,,,recommendation ranking,Conservative keyword/context screen: recommendation/ranking/feed plus change/platform context.,7970366,,2026-09-21T19:44:34.808161+00:00,UTC,"Vurb - San Francisco, CA - URL We just won TechCrunch Disrupt NYC - URL Vurb is working on reinventing search, browsing, and sharing - by creating an intelligent layer over the Internet that helps you get things done in one place. Rather than opening lots of windows/tabs or hopping from mobile app to mobile app, we're building a platform that brings everything together. We do this by connecting the services we use in a contextual way, through data technologies (search, machine learning, big data, etc.) and original thinking around UI/UX. We're funded by Max Levchin, Drew Houston (Dropbox), Naval Ravikant (AngelList), CrunchFund, and many others. This is a hard problem, but it has the potential to change the behavior of how we do things on the Internet (and make it fun!) Full-time opportunities in San Francisco (3+ yrs experience, interview on-site) * Search / Data Scientist / Data Engineer - search, classification, ranking, ML, recommendation systems, NLP, graph dbs, data crawling/processing. Search experience strongly desired. * Full-stack Engineer - experience in JavaScript and async programming (e.g., node.js) preferable * Android Engineer * Lead Designer - visual design, interaction design, and experience design - please include your portfolio or Dribbble when applying jobs@vurb.com | angel.co/vurb","recommendation/feed context plus documented change, reaction, quality, or user-control signal",Positive,0.2282015766840584,0.36640846905172675,0.40538995426421487
hn_8121824,Hacker News,public_comment,2014-08-01 18:01:10+00:00,2014-08-01,"Vurb - San Francisco, CA - http://vurb.com We won TechCrunch Disrupt NYC - http://techcrunch.com/2014/05/05/vurb/ Vurb is working on reinventing search, browsing, and sharing - by creating an intelligent layer over the Internet that helps you get things done in one place. Rather than opening lots of windows/tabs or hopping from mobile app to mobile app, we're building a platform that brings everything together. We do this by connecting the services we use in a contextual way, through data technologies (search, machine learning, big data, etc.) and original thinking around UI/UX. We're very well funded - Max Levchin, Drew Houston (Dropbox), Naval Ravikant (AngelList), CrunchFund, and many others. This is a hard problem, but it has the potential to change the behavior of how we do things on the Internet (and make it fun!) Full-time opportunities in San Francisco (interview on-site, H1B transfers OK) * Search / Data Scientist / Data Engineer - search, classification, ranking, ML, recommendation systems, NLP, graph dbs, data crawling/processing. Search experience strongly desired. * Full-stack Engineer - experience in JavaScript and async programming (e.g., node.js) a plus * Lead Android Engineer - help bring our Android version to market * Lead Designer - sharp eye for visual and/or UX design - please include your portfolio or Dribbble jobs@vurb.com | angel.co/vurb",Ask HN: Who is hiring? (August 2014),https://news.ycombinator.com/item?id=8121824,blo,,,,recommendation ranking,Conservative keyword/context screen: recommendation/ranking/feed plus change/platform context.,8120070,,2026-09-21T19:44:34.808161+00:00,UTC,"Vurb - San Francisco, CA - URL We won TechCrunch Disrupt NYC - URL Vurb is working on reinventing search, browsing, and sharing - by creating an intelligent layer over the Internet that helps you get things done in one place. Rather than opening lots of windows/tabs or hopping from mobile app to mobile app, we're building a platform that brings everything together. We do this by connecting the services we use in a contextual way, through data technologies (search, machine learning, big data, etc.) and original thinking around UI/UX. We're very well funded - Max Levchin, Drew Houston (Dropbox), Naval Ravikant (AngelList), CrunchFund, and many others. This is a hard problem, but it has the potential to change the behavior of how we do things on the Internet (and make it fun!) Full-time opportunities in San Francisco (interview on-site, H1B transfers OK) * Search / Data Scientist / Data Engineer - search, classification, ranking, ML, recommendation systems, NLP, graph dbs, data crawling/processing. Search experience strongly desired. * Full-stack Engineer - experience in JavaScript and async programming (e.g., node.js) a plus * Lead Android Engineer - help bring our Android version to market * Lead Designer - sharp eye for visual and/or UX design - please include your portfolio or Dribbble jobs@vurb.com | angel.co/vurb","recommendation/feed context plus documented change, reaction, quality, or user-control signal",Positive,0.17435093814937697,0.31915675989772796,0.5064923019528951
hn_8765504,Hacker News,public_comment,2014-12-18 01:12:39+00:00,2014-12-18,"> Am I missing something here? Yes. Facebook announced updates to their Newsfeed algorithm to reduce the amount of ""promotional"" content people see in their feeds. https://www.facebook.com/business/news/update-to-facebook-ne...",The beginning of the end of Facebook’s traffic engine?,https://news.ycombinator.com/item?id=8765504,balls187,,,,Facebook news feed algorithm,Conservative keyword/context screen: recommendation/ranking/feed plus change/platform context.,8765033,http://www.niemanlab.org/2014/12/the-beginning-of-the-end-of-facebook-as-a-traffic-engine,2026-09-21T19:44:34.808161+00:00,UTC,"> Am I missing something here? Yes. Facebook announced updates to their Newsfeed algorithm to reduce the amount of ""promotional"" content people see in their feeds. URL","recommendation/feed context plus documented change, reaction, quality, or user-control signal",Neutral,0.32731337970632596,0.5172909655291231,0.1553956547645509
hn_9090700,Hacker News,public_comment,2015-02-22 19:44:13+00:00,2015-02-22,"I never post on here, but as someone who has struggled with these same feelings since childhood, I thought I'd offer my perspective. I've come to look at it like this: depression is like an Instagram filter. (Wait, just...bear with me.) Go take a picture of a tree outside with Instagram. Now lower the saturation, pump up the shadows, add vignette edges. You'll end up with something that looks like a goth album cover. Is it still an accurate picture of the tree? Yes...but you've chosen which aspects of it to focus on. You've given it an emotional coloring. Being depressed is like having that Instagram filter on your entire worldview. You're not delusional, you're not just imagining that the world sucks...but your ability to see the full spectrum of things has been limited. And the worst part is, you can't control when that filter gets slammed down on you. Sometimes it's situational. Here's a hypothetical for you: if somebody showed up at your door tomorrow with a check for a billion dollars and the deed to your own private island where you could go be alone or be surrounded only by people you wanted around you, do you think you would still be depressed? If not, then you know the answer: go find a billion dollars and a private island, obviously. (Go find Peter Thiel and hit him up, he's into big money and private islands these days, I hear.) But in all seriousness, if your depression seems tied to circumstance, never forget that circumstance can change, either on its own or by your own effort of will. Unless you are actually in prison right now, you can almost always walk away from where you are and find somewhere else to be. Someone else to be, in some sense. But you have to be honest with yourself and willing to admit that maybe you're not where you're supposed to be, even if you've spent your whole life headed in this direction. Maybe you'd be better served working as a bartender in some roadhouse down on the Gulf Coast, or living in a shit apartment doing sculpture and working part-time as a barista just to afford rent and ramen noodles. I know people who are perfectly content with the idea of never being rich or successful, but just doing what they want and not worrying about whether anybody else gives a shit at all. (I'm becoming one of them myself.) And there's always the possibility that your depression is, at some point in the stack, hardware-based -- that you've got a chemical imbalance in your head meat. And listen, as a longtime freelancer and contractor who's been doing the startup dance for a real long goddamn time now, I feel you on the medical thing -- hell, I wrote a book about going to Juarez, Mexico to get my wisdom teeth fixed because it was cheaper to do it there, including travel expenses, than to get it done at the dentist down the street. And that shit can be tricky in America, especially if you're not actually indigent but can't afford to spend hundreds or thousands of dollars on doctors and medicine. (I think your income level at that point is legally defined as ""between a rock and a hard place"".) But there are resources. If you live in an urban area there are almost certainly free mental health resources. You can go and sit in line and find out if you qualify. It sucks and it's boring and it can make you feel like a pathetic crazy person, but never forget: that's not about you, that's about the way the system is set up in this country. Or look at it another way: if you had diabetes, or a weak heart or your legs stopped working, wouldn't you do whatever it took to figure out why it was happening to you and how to stop it, even if it meant sitting in some overcrowded janky-ass waiting room for a day? You've got a potentially life-threatening condition that may or may not be caused by bad wiring. If there's a way to fix it, fix it. Because here's the thing, sir or madam, and please, please take this from someone who has spent more than one night staring at a razor blade or a handful of pills: this is a fucking glorious universe we live in. Really. The moments when depression leaves me entirely are the moments when I'm just alive in the world, looking at how ridiculous and amazing it is. I don't kill myself because I'm not done with the awesome. I'm not done with eating the food and seeing the cities and sleeping with wonderful ladies and watching the Marvel Cinematic Universe unfold and listening to all the goddamn rock and roll I possibly can and just finding nice, quiet places to stare up at the Milky Way and think about whether or not this is all just one great big algorithm, playing out over billions of years. We live in a mystery, homes, and you'll never come to the end of it. But isn't that worth something? I hope my advice helps, or at least puts some perspective on things. I don't know you and probably never will, but I'm rooting for you. You can handle this. Don't give up. As the writer Neil Gaiman once put it -- and this is maybe the best advice any human ever gave another -- you don't have to stay anywhere forever. Vaya con Dios.",Ask HN: Why keep living?,https://news.ycombinator.com/item?id=9090700,jzellis,,,,Instagram algorithm change,Conservative keyword/context screen: recommendation/ranking/feed plus change/platform context.,9088680,,2026-09-21T19:44:34.808161+00:00,UTC,"I never post on here, but as someone who has struggled with these same feelings since childhood, I thought I'd offer my perspective. I've come to look at it like this: depression is like an Instagram filter. (Wait, just...bear with me.) Go take a picture of a tree outside with Instagram. Now lower the saturation, pump up the shadows, add vignette edges. You'll end up with something that looks like a goth album cover. Is it still an accurate picture of the tree? Yes...but you've chosen which aspects of it to focus on. You've given it an emotional coloring. Being depressed is like having that Instagram filter on your entire worldview. You're not delusional, you're not just imagining that the world sucks...but your ability to see the full spectrum of things has been limited. And the worst part is, you can't control when that filter gets slammed down on you. Sometimes it's situational. Here's a hypothetical for you: if somebody showed up at your door tomorrow with a check for a billion dollars and the deed to your own private island where you could go be alone or be surrounded only by people you wanted around you, do you think you would still be depressed? If not, then you know the answer: go find a billion dollars and a private island, obviously. (Go find Peter Thiel and hit him up, he's into big money and private islands these days, I hear.) But in all seriousness, if your depression seems tied to circumstance, never forget that circumstance can change, either on its own or by your own effort of will. Unless you are actually in prison right now, you can almost always walk away from where you are and find somewhere else to be. Someone else to be, in some sense. But you have to be honest with yourself and willing to admit that maybe you're not where you're supposed to be, even if you've spent your whole life headed in this direction. Maybe you'd be better served working as a bartender in some roadhouse down on the Gulf Coast, or living in a shit apartment doing sculpture and working part-time as a barista just to afford rent and ramen noodles. I know people who are perfectly content with the idea of never being rich or successful, but just doing what they want and not worrying about whether anybody else gives a shit at all. (I'm becoming one of them myself.) And there's always the possibility that your depression is, at some point in the stack, hardware-based -- that you've got a chemical imbalance in your head meat. And listen, as a longtime freelancer and contractor who's been doing the startup dance for a real long goddamn time now, I feel you on the medical thing -- hell, I wrote a book about going to Juarez, Mexico to get my wisdom teeth fixed because it was cheaper to do it there, including travel expenses, than to get it done at the dentist down the street. And that shit can be tricky in America, especially if you're not actually indigent but can't afford to spend hundreds or thousands of dollars on doctors and medicine. (I think your income level at that point is legally defined as ""between a rock and a hard place"".) But there are resources. If you live in an urban area there are almost certainly free mental health resources. You can go and sit in line and find out if you qualify. It sucks and it's boring and it can make you feel like a pathetic crazy person, but never forget: that's not about you, that's about the way the system is set up in this country. Or look at it another way: if you had diabetes, or a weak heart or your legs stopped working, wouldn't you do whatever it took to figure out why it was happening to you and how to stop it, even if it meant sitting in some overcrowded janky-ass waiting room for a day? You've got a potentially life-threatening condition that may or may not be caused by bad wiring. If there's a way to fix it, fix it. Because here's the thing, sir or madam, and please, please take this from someone who has spent more than one night staring at a razor blade or a handful of pills: this is a fucking glorious universe we live in. Really. The moments when depression leaves me entirely are the moments when I'm just alive in the world, looking at how ridiculous and amazing it is. I don't kill myself because I'm not done with the awesome. I'm not done with eating the food and seeing the cities and sleeping with wonderful ladies and watching the Marvel Cinematic Universe unfold and listening to all the goddamn rock and roll I possibly can and just finding nice, quiet places to stare up at the Milky Way and think about whether or not this is all just one great big algorithm, playing out over billions of years. We live in a mystery, homes, and you'll never come to the end of it. But isn't that worth something? I hope my advice helps, or at least puts some perspective on things. I don't know you and probably never will, but I'm rooting for you. You can handle this. Don't give up. As the writer Neil Gaiman once put it -- and this is maybe the best advice any human ever gave another -- you don't have to stay anywhere forever. Vaya con Dios.","recommendation/feed context plus documented change, reaction, quality, or user-control signal",Negative,0.9230767962931037,0.01960064036197545,0.05732256334492093
hn_9858364,Hacker News,public_comment,2015-07-09 15:24:24+00:00,2015-07-09,"> What is perhaps more interesting, though, is whether Twitter ought to pursue an algorithmic feed When Twitter imposes a default algo driven timeline, instead of realizing that most of us power users are there because we want a raw reverse-chronological feed of our choosing, I will probably leave Twitter - or let it become a zombie account as my Facebook profile is today.",Curation and Algorithms,https://news.ycombinator.com/item?id=9858364,teaneedz,,,,algorithmic feed,Conservative keyword/context screen: recommendation/ranking/feed plus change/platform context.,9858222,https://stratechery.com/2015/curation-and-algorithms/,2026-09-21T19:44:34.808161+00:00,UTC,"> What is perhaps more interesting, though, is whether Twitter ought to pursue an algorithmic feed When Twitter imposes a default algo driven timeline, instead of realizing that most of us power users are there because we want a raw reverse-chronological feed of our choosing, I will probably leave Twitter - or let it become a zombie account as my Facebook profile is today.","recommendation/feed context plus documented change, reaction, quality, or user-control signal",Negative,0.4785980848403498,0.3604024249098116,0.1609994902498386
hn_9858498,Hacker News,public_comment,2015-07-09 15:39:04+00:00,2015-07-09,"> What is perhaps more interesting, though, is whether Twitter ought to pursue an algorithmic feed When Twitter introduces a default algo driven home timeline, instead of realizing that most of us power users are there because we want a raw reverse-chronological feed that ""we"" curate, I will no doubt leave or allow my account to become a zombie as my Facebook Profile has become these days. A default algo driven timeline will be the final nail in the coffin for Twitter.",Curation and Algorithms,https://news.ycombinator.com/item?id=9858498,teaneedz,,,,algorithmic feed,Conservative keyword/context screen: recommendation/ranking/feed plus change/platform context.,9858222,https://stratechery.com/2015/curation-and-algorithms/,2026-09-21T19:44:34.808161+00:00,UTC,"> What is perhaps more interesting, though, is whether Twitter ought to pursue an algorithmic feed When Twitter introduces a default algo driven home timeline, instead of realizing that most of us power users are there because we want a raw reverse-chronological feed that ""we"" curate, I will no doubt leave or allow my account to become a zombie as my Facebook Profile has become these days. A default algo driven timeline will be the final nail in the coffin for Twitter.","recommendation/feed context plus documented change, reaction, quality, or user-control signal",Negative,0.5289216107958773,0.37567973285276973,0.09539865635135282
hn_10803053,Hacker News,public_comment,2015-12-28 20:08:20+00:00,2015-12-28,"I haven't noticed their prices are significantly better than Amazon to warrant the switching costs, which include giving up one click purchasing and free two day shipping (Jet offers two-day shipping on some products, and shipping is only free if you spend $35 or more). Maybe they're better for household goods than electronics, but every time I browse Jet, it feels like I'm going through the bargain bin. Odd prices and odd sorting don't make for a great experience. For example, a search for ""iPhone"" returns one result for something that looks like a fishing pole. There's no product description and I can't tell if it's so you can play fishing games on your phone or if it's to attach your phone to a pole. Either way, to see iPhone accessories, you need to click the tiny ""Electronics (10,000+)"" link at the top of the page. Once you actually click into a product page, they seem really bare. Amazon offers some great tools to help make a purchase decision (ratings/reviews, category rankings, recommendations), which Jet doesn't (and can't) offer. They're really pushing Jet Anywhere, but I can't see how that does anything other than lose them more money. Along with a $50 off first purchase coupon and $100 in Jet Cash I racked up, I gave Jet $150 to buy me a $300 PlayStation 4 from Newegg. I know I'm an extreme case, but $150 customer acquisition cost for someone who didn't particularly enjoy the experience and probably won't shop there again seems to fit with the narrative that they're burning through cash.","Jet.com’s Strategy: Low Prices, Fast Delivery, Happy Workers",https://news.ycombinator.com/item?id=10803053,martingordon,,,,recommendation ranking,Conservative keyword/context screen: recommendation/ranking/feed plus change/platform context.,10798399,http://www.nytimes.com/2015/12/27/technology/jetcoms-strategy-low-prices-fast-delivery-happy-workers.html,2026-09-21T19:44:34.808161+00:00,UTC,"I haven't noticed their prices are significantly better than Amazon to warrant the switching costs, which include giving up one click purchasing and free two day shipping (Jet offers two-day shipping on some products, and shipping is only free if you spend $35 or more). Maybe they're better for household goods than electronics, but every time I browse Jet, it feels like I'm going through the bargain bin. Odd prices and odd sorting don't make for a great experience. For example, a search for ""iPhone"" returns one result for something that looks like a fishing pole. There's no product description and I can't tell if it's so you can play fishing games on your phone or if it's to attach your phone to a pole. Either way, to see iPhone accessories, you need to click the tiny ""Electronics (10,000+)"" link at the top of the page. Once you actually click into a product page, they seem really bare. Amazon offers some great tools to help make a purchase decision (ratings/reviews, category rankings, recommendations), which Jet doesn't (and can't) offer. They're really pushing Jet Anywhere, but I can't see how that does anything other than lose them more money. Along with a $50 off first purchase coupon and $100 in Jet Cash I racked up, I gave Jet $150 to buy me a $300 PlayStation 4 from Newegg. I know I'm an extreme case, but $150 customer acquisition cost for someone who didn't particularly enjoy the experience and probably won't shop there again seems to fit with the narrative that they're burning through cash.","recommendation/feed context plus documented change, reaction, quality, or user-control signal",Negative,0.6292559404326823,0.1294774309354447,0.241266628631873
hn_11066210,Hacker News,public_story,2016-02-09 16:11:53+00:00,2016-02-09,A tiny essay on Twitter changing its feed algorithm,A tiny essay on Twitter changing its feed algorithm,https://news.ycombinator.com/item?id=11066210,wyclif,2.0,0.0,2.0,feed algorithm,Conservative keyword/context screen: recommendation/ranking/feed plus change/platform context.,11066210,,2026-09-21T19:44:34.808161+00:00,UTC,A tiny essay on Twitter changing its feed algorithm,"recommendation/feed context plus documented change, reaction, quality, or user-control signal",Neutral,0.32334637836608265,0.3916933115022473,0.28496031013167006
hn_11072787,Hacker News,public_story,2016-02-10 14:11:23+00:00,2016-02-10,Surprise Twitter launches an algorithmic feed – kind of,Surprise Twitter launches an algorithmic feed – kind of,https://news.ycombinator.com/item?id=11072787,bontoJR,1.0,0.0,1.0,feed algorithm,Conservative keyword/context screen: recommendation/ranking/feed plus change/platform context.,11072787,,2026-09-21T19:44:34.808161+00:00,UTC,Surprise Twitter launches an algorithmic feed – kind of,"recommendation/feed context plus documented change, reaction, quality, or user-control signal",Negative,0.39218070249293685,0.2677220956881169,0.34009720181894615
hn_11701895,Hacker News,public_story,2016-05-15 17:47:58+00:00,2016-05-15,Instagram rolling out algorithmic feeds to some users,Instagram rolling out algorithmic feeds to some users,https://news.ycombinator.com/item?id=11701895,iamben,17.0,9.0,17.0,feed algorithm,Conservative keyword/context screen: recommendation/ranking/feed plus change/platform context.,11701895,,2026-09-21T19:44:34.808161+00:00,UTC,Instagram rolling out algorithmic feeds to some users,"recommendation/feed context plus documented change, reaction, quality, or user-control signal",Positive,0.22238758710501833,0.30689815358671774,0.4707142593082639
hn_11702072,Hacker News,public_comment,2016-05-15 18:25:32+00:00,2016-05-15,"This is 100% a play for increasing the types of ads for Instagram, but I think it will hurt the platform in the long run. When I started using snapchat, I thought one of the coolest features was that I could see everyone who viewed my story. Suddenly, I knew my audience and everyone who viewed my snaps. It made me want to post more on snapchat because I knew I had an audience. I've heard from multiple Instagram users that their recent photos have not gotten the same amount of likes or views as they used to before the algorithm change, and I think this will cause users to be discouraged from posting to Instagram. It almost gives the platform an illusion that it is on the decline, regardless of if it is true or not.",Instagram rolling out algorithmic feeds to some users,https://news.ycombinator.com/item?id=11702072,xGrill,,,,Instagram algorithm change,Conservative keyword/context screen: recommendation/ranking/feed plus change/platform context.,11701895,http://www.inc.com/joseph-steinberg/instagram-secretly-made-a-huge-change-and-its-not-its-logo.html,2026-09-21T19:44:34.808161+00:00,UTC,"This is 100% a play for increasing the types of ads for Instagram, but I think it will hurt the platform in the long run. When I started using snapchat, I thought one of the coolest features was that I could see everyone who viewed my story. Suddenly, I knew my audience and everyone who viewed my snaps. It made me want to post more on snapchat because I knew I had an audience. I've heard from multiple Instagram users that their recent photos have not gotten the same amount of likes or views as they used to before the algorithm change, and I think this will cause users to be discouraged from posting to Instagram. It almost gives the platform an illusion that it is on the decline, regardless of if it is true or not.","recommendation/feed context plus documented change, reaction, quality, or user-control signal",Negative,0.45585263326297376,0.3920811849423896,0.1520661817946367
hn_11831831,Hacker News,public_story,2016-06-03 17:39:40+00:00,2016-06-03,Instagram starts rolling out its algorithmic feed for all,Instagram starts rolling out its algorithmic feed for all,https://news.ycombinator.com/item?id=11831831,nikunjk,2.0,0.0,2.0,feed algorithm,Conservative keyword/context screen: recommendation/ranking/feed plus change/platform context.,11831831,,2026-09-21T19:44:34.808161+00:00,UTC,Instagram starts rolling out its algorithmic feed for all,"recommendation/feed context plus documented change, reaction, quality, or user-control signal",Negative,0.47687442302872696,0.26190940260047096,0.2612161743708019
hn_12012499,Hacker News,public_story,2016-06-30 22:57:30+00:00,2016-06-30,Facebook says its changes are good for you. But really they're good for Facebook,Facebook says its changes are good for you. But really they're good for Facebook,https://news.ycombinator.com/item?id=12012499,kafkaesq,2.0,0.0,2.0,Facebook news feed algorithm,Conservative keyword/context screen: recommendation/ranking/feed plus change/platform context.,12012499,,2026-09-21T19:44:34.808161+00:00,UTC,Facebook says its changes are good for you. But really they're good for Facebook,"recommendation/feed context plus documented change, reaction, quality, or user-control signal",Positive,0.24492759142673284,0.10435406992949384,0.6507183386437734
hn_14147201,Hacker News,public_comment,2017-04-19 12:24:53+00:00,2017-04-19,"This. From the article: > We went from roughly 20 posts per day to 24 posts per day. If you post that many articles to Facebook then I'm simply going to unfollow you. Imagine I have ten sources posting that much, or one hundred sources. You think I'm going to engage with everyone? Heck no. Post one thing a day, two absolute tops. Ideally one thing a week but obviously that's not many sources ideal model. If I really want to follow you I'll add your RSS feed to my reader. Facebook, Instagram, et al, have become one big screaming match and this is only going to get worse until people realise that less is more. If they decide to change their feed algorithm, well, sucks to be you.",Facebook’s algorithm isn’t surfacing one-third of Chicago Tribune’s posts,https://news.ycombinator.com/item?id=14147201,leejo,,,,Instagram algorithm change,Conservative keyword/context screen: recommendation/ranking/feed plus change/platform context.,14147064,https://medium.com/@kurtgessler/facebooks-algorithm-isn-t-surfacing-one-third-of-our-posts-and-it-s-getting-worse-68e37ee025a3,2026-09-21T19:44:34.808161+00:00,UTC,"This. From the article: > We went from roughly 20 posts per day to 24 posts per day. If you post that many articles to Facebook then I'm simply going to unfollow you. Imagine I have ten sources posting that much, or one hundred sources. You think I'm going to engage with everyone? Heck no. Post one thing a day, two absolute tops. Ideally one thing a week but obviously that's not many sources ideal model. If I really want to follow you I'll add your RSS feed to my reader. Facebook, Instagram, et al, have become one big screaming match and this is only going to get worse until people realise that less is more. If they decide to change their feed algorithm, well, sucks to be you.","recommendation/feed context plus documented change, reaction, quality, or user-control signal",Negative,0.670520920312625,0.15010687091748384,0.17937220876989105
hn_14278815,Hacker News,public_comment,2017-05-06 05:19:22+00:00,2017-05-06,"Facebook has definitely not left it as the ""same old Instagram"". They've changed the home feed algorithm to basically the same as the Facebook home feed algorithm, and there's been a lot of content creators negatively impacted by it (I know this because of the industry my wife works in, which is having major issues now, where engagement has basically halved among anybody except the top maybe 5% of content creators).",Instagram Is Becoming Facebook’s Next Facebook,https://news.ycombinator.com/item?id=14278815,mtrpcic,,,,Instagram algorithm change,Conservative keyword/context screen: recommendation/ranking/feed plus change/platform context.,14278358,https://www.nytimes.com/2017/04/26/technology/why-instagram-is-becoming-facebooks-next-facebook.html,2026-09-21T19:44:34.808161+00:00,UTC,"Facebook has definitely not left it as the ""same old Instagram"". They've changed the home feed algorithm to basically the same as the Facebook home feed algorithm, and there's been a lot of content creators negatively impacted by it (I know this because of the industry my wife works in, which is having major issues now, where engagement has basically halved among anybody except the top maybe 5% of content creators).","recommendation/feed context plus documented change, reaction, quality, or user-control signal",Negative,0.6267542361451816,0.3028156140136879,0.07043014984113068
hn_15252802,Hacker News,public_comment,2017-09-14 21:49:03+00:00,2017-09-14,"> I think describing it as a bias towards maximizing aggregate watch time is more accurate than a bias towards ""long form"" content. > It's definitely a balance. If a creator only pumps out high amounts of low quality content, they'll never gain a subscriber base. On the other hand, if the content is so short that subscribers only interact with their channel a minute per month, this isn't particularly useful to advertisers. I agree that the objective is definitely to maximize aggregate watch time, but, the practical implication that I've been hearing about is that longer more frequent uploads are key to getting a video to rise in search and recommendation rankings, and thus become discoverable. It's been a while since I've had any inside information, but this guide mentions as much http://techtipswithtea.com/youtube-tips/youtube-changes-algo... The thing is, what they're doing is clearly working as far as optimizing the key metrics that they're looking for. It's also not necessarily to call high volume game commentary low quality - it's a lot of fun, it just ignores the many dimensions of great videos that may account for the long tail of viewed minutes, but are still a big part of the soul of independent art. Those videos may never reach the critical mass to become viral and make money for their creators, where before, the algorithm gave them a better shot of being seen and shared until they take off under their own momentum. To make an unnecessary food analogy, it's like a marketplace that rewards a creator that can pump out $1 cheeseburgers at a huge rate - they're tasty and they're good enough to keep people coming back. Bigtime profits. Win! But it's sad, then ,if the marketplace is no longer viable for the artisan who can only make one fancy, excellent, but unconventionally flavored, cake per day. Hosting the cake maker may be a loss for a long time, but, if they never had a chance they'll never be around to have their innovative, challenging, masterwork (viral video) take the world by storm some day. Mr.Weebl, the animator who made the ubiquitous early-internet viral flash movie about badgers, mushrooms, and snakes was recently talking about the issues he's seeing. It doesn't seem like any of the early viral animations could have gotten featured and taken off in the current environment. Who knows, maybe everyone will go back to newgrounds?",YouTube Bans Award-Winning Short,https://news.ycombinator.com/item?id=15252802,Nihilartikel,,,,recommendation ranking,Conservative keyword/context screen: recommendation/ranking/feed plus change/platform context.,15248455,http://www.cartoonbrew.com/ideas-commentary/youtube-continues-hurt-independent-animators-bans-award-winning-animated-short-153430.html,2026-09-21T19:44:34.808161+00:00,UTC,"> I think describing it as a bias towards maximizing aggregate watch time is more accurate than a bias towards ""long form"" content. > It's definitely a balance. If a creator only pumps out high amounts of low quality content, they'll never gain a subscriber base. On the other hand, if the content is so short that subscribers only interact with their channel a minute per month, this isn't particularly useful to advertisers. I agree that the objective is definitely to maximize aggregate watch time, but, the practical implication that I've been hearing about is that longer more frequent uploads are key to getting a video to rise in search and recommendation rankings, and thus become discoverable. It's been a while since I've had any inside information, but this guide mentions as much URL The thing is, what they're doing is clearly working as far as optimizing the key metrics that they're looking for. It's also not necessarily to call high volume game commentary low quality - it's a lot of fun, it just ignores the many dimensions of great videos that may account for the long tail of viewed minutes, but are still a big part of the soul of independent art. Those videos may never reach the critical mass to become viral and make money for their creators, where before, the algorithm gave them a better shot of being seen and shared until they take off under their own momentum. To make an unnecessary food analogy, it's like a marketplace that rewards a creator that can pump out $1 cheeseburgers at a huge rate - they're tasty and they're good enough to keep people coming back. Bigtime profits. Win! But it's sad, then ,if the marketplace is no longer viable for the artisan who can only make one fancy, excellent, but unconventionally flavored, cake per day. Hosting the cake maker may be a loss for a long time, but, if they never had a chance they'll never be around to have their innovative, challenging, masterwork (viral video) take the world by storm some day. Mr.Weebl, the animator who made the ubiquitous early-internet viral flash movie about badgers, mushrooms, and snakes was recently talking about the issues he's seeing. It doesn't seem like any of the early viral animations could have gotten featured and taken off in the current environment. Who knows, maybe everyone will go back to newgrounds?","recommendation/feed context plus documented change, reaction, quality, or user-control signal",Negative,0.658006897353097,0.11256564816407703,0.22942745448282587
hn_15848214,Hacker News,public_comment,2017-12-04 22:39:24+00:00,2017-12-04,"This is clever idea. From my first look it appears to be an Instagram-like social network, but with no user generated content. While social graphs themselves have value, I think we have hit an inflection point with users getting tired of sharing their personal content. Personally, I am much more interested in what other people like and have to say about mass media content rather than their selfies or wedding pictures, frankly I just don't give a damn about user generated content and I think I'm not the only one. We need more platforms like this for other types of content such as movies, TV, music and vetted news publishers. Just curious, is the news feed 100% reverse chronological? Do you have any ranking/recommendation algorithm for the discover tab?",Show HN: Echo Podcasts – Goodreads for podcasts,https://news.ycombinator.com/item?id=15848214,tdevito,,,,recommendation ranking,Conservative keyword/context screen: recommendation/ranking/feed plus change/platform context.,15847575,https://echopodcasts.com,2026-09-21T19:44:34.808161+00:00,UTC,"This is clever idea. From my first look it appears to be an Instagram-like social network, but with no user generated content. While social graphs themselves have value, I think we have hit an inflection point with users getting tired of sharing their personal content. Personally, I am much more interested in what other people like and have to say about mass media content rather than their selfies or wedding pictures, frankly I just don't give a damn about user generated content and I think I'm not the only one. We need more platforms like this for other types of content such as movies, TV, music and vetted news publishers. Just curious, is the news feed 100% reverse chronological? Do you have any ranking/recommendation algorithm for the discover tab?","recommendation/feed context plus documented change, reaction, quality, or user-control signal",Negative,0.6476452967743839,0.2101401702934897,0.14221453293212638
hn_16135153,Hacker News,public_comment,2018-01-12 18:38:07+00:00,2018-01-12,"> As software developers and designers, we have a responsibility to the world to think these things through carefully and design software that makes the world better I’ve seen this opinion, especially in the post-2016 world. I’m not sure I agree completely. I think it totally misses the core issue, which is that somebody was incentivized to be paid to do this work. If you’re an engineer at Facebook who thinks the News Feed algorithm is tearing people apart, quitting is not going to solve the problem. Facebook has an incentive to make the algorithm the way it is. Your refusal just leads to your replacement with someone who will do the work (and get paid well for it). That’s not to say that you don’t have a moral responsibility to stop doing work that makes the world worse. But “all software engineers in the world should refuse to work on bad things” is hopelessly naive. If you want Facebook to stop showing people crappy news, find a way to stop Facebook from getting rewarded from it. Write laws. Raise awareness. Write a competitor that does better. But refrains like these, I worry, are just hoping that everyone will commit to doing the right thing 100% of the time. There are better solutions.",Joel on Software: Birdcage liners,https://news.ycombinator.com/item?id=16135153,pillowkusis,,,,Facebook news feed algorithm,Conservative keyword/context screen: recommendation/ranking/feed plus change/platform context.,16133145,https://www.joelonsoftware.com/2018/01/12/birdcage-liners/,2026-09-21T19:44:34.808161+00:00,UTC,"> As software developers and designers, we have a responsibility to the world to think these things through carefully and design software that makes the world better I’ve seen this opinion, especially in the post-2016 world. I’m not sure I agree completely. I think it totally misses the core issue, which is that somebody was incentivized to be paid to do this work. If you’re an engineer at Facebook who thinks the News Feed algorithm is tearing people apart, quitting is not going to solve the problem. Facebook has an incentive to make the algorithm the way it is. Your refusal just leads to your replacement with someone who will do the work (and get paid well for it). That’s not to say that you don’t have a moral responsibility to stop doing work that makes the world worse. But “all software engineers in the world should refuse to work on bad things” is hopelessly naive. If you want Facebook to stop showing people crappy news, find a way to stop Facebook from getting rewarded from it. Write laws. Raise awareness. Write a competitor that does better. But refrains like these, I worry, are just hoping that everyone will commit to doing the right thing 100% of the time. There are better solutions.","recommendation/feed context plus documented change, reaction, quality, or user-control signal",Negative,0.7109887668569267,0.21607475530879316,0.07293647783428009
hn_16340811,Hacker News,public_comment,2018-02-09 15:25:09+00:00,2018-02-09,"It's not society can only pursue one bad actor at a time. This is a tech forum so we're going to focus on the tech side. Also, I would say the flow if information is a more pressing priority, because its vital to solving those other problems as well. Imagine a future Facebook that takes a payoff from Monsanto to opaquely bury all criticism of it. > BUT Facebook already changed their news feed algorithm and many tech companies are making changes. Not saying they're doing it perfectly or even well, but still. Facebook's algorithm tweaks don't solve the problem of its market position and dominance.","Why Amazon, Apple, Facebook, and Google Need to Be Disrupted",https://news.ycombinator.com/item?id=16340811,Slansitartop,,,,Facebook news feed algorithm,Conservative keyword/context screen: recommendation/ranking/feed plus change/platform context.,16335205,http://www.esquire.com/news-politics/amp15895746/bust-big-tech-silicon-valley/,2026-09-21T19:44:34.808161+00:00,UTC,"It's not society can only pursue one bad actor at a time. This is a tech forum so we're going to focus on the tech side. Also, I would say the flow if information is a more pressing priority, because its vital to solving those other problems as well. Imagine a future Facebook that takes a payoff from Monsanto to opaquely bury all criticism of it. > BUT Facebook already changed their news feed algorithm and many tech companies are making changes. Not saying they're doing it perfectly or even well, but still. Facebook's algorithm tweaks don't solve the problem of its market position and dominance.","recommendation/feed context plus documented change, reaction, quality, or user-control signal",Negative,0.7999351210804587,0.12332772383691994,0.07673715508262144
hn_16341028,Hacker News,public_comment,2018-02-09 15:48:50+00:00,2018-02-09,"> Could you elaborate on their aloofness? For Google: If your site gets incorrectly fucked over by one of Google's ranking algorithm changes, try to find someone to talk to who cares enough to try to fix the issue. Ditto if your Gmail account gets wrongly flagged and closed for some reason. There's no one for you to call and you're fucked, unless you happen know someone inside Google. Neither of these have happened to me personally, but I've followed cases of each pretty closely. For Facebook: It's recent newsfeed changes have had a huge detrimental impact on legitimate news organizations, even more in some foreign markets than int the US. See how much Facebook cares. > What exactly do you hope to achieve by regulating them? The standard stuff, like elimination of unfair competition (e.g. Google using Search to push its other stuff). I'd also like to see some breakups/forced divestitures to increase overall competition. In Facebook's case, specifically: I'd like to see Instagram and Whatsapp spun off; and the core Facebook social network decentralized into several independent instances, with mandates to conform to open interoperability standards. Those standards should include a mandatory privacy permissioning system, to control how personal data is used across instance boundaries.","Why Amazon, Apple, Facebook, and Google Need to Be Disrupted",https://news.ycombinator.com/item?id=16341028,Slansitartop,,,,Instagram algorithm change,Conservative keyword/context screen: recommendation/ranking/feed plus change/platform context.,16335205,http://www.esquire.com/news-politics/amp15895746/bust-big-tech-silicon-valley/,2026-09-21T19:44:34.808161+00:00,UTC,"> Could you elaborate on their aloofness? For Google: If your site gets incorrectly fucked over by one of Google's ranking algorithm changes, try to find someone to talk to who cares enough to try to fix the issue. Ditto if your Gmail account gets wrongly flagged and closed for some reason. There's no one for you to call and you're fucked, unless you happen know someone inside Google. Neither of these have happened to me personally, but I've followed cases of each pretty closely. For Facebook: It's recent newsfeed changes have had a huge detrimental impact on legitimate news organizations, even more in some foreign markets than int the US. See how much Facebook cares. > What exactly do you hope to achieve by regulating them? The standard stuff, like elimination of unfair competition (e.g. Google using Search to push its other stuff). I'd also like to see some breakups/forced divestitures to increase overall competition. In Facebook's case, specifically: I'd like to see Instagram and Whatsapp spun off; and the core Facebook social network decentralized into several independent instances, with mandates to conform to open interoperability standards. Those standards should include a mandatory privacy permissioning system, to control how personal data is used across instance boundaries.","recommendation/feed context plus documented change, reaction, quality, or user-control signal",Negative,0.6729924417367019,0.20578944303167,0.121218115231628
hn_16364381,Hacker News,public_comment,2018-02-13 02:56:08+00:00,2018-02-13,"As noted in the article, Facebook has changed its News Feed algorithm to prioritize content from friends and family over publishers. This combined with their stated goal to increase moderation of all content should reduce perceived toxicity and increase relevancy. That's the theory at least, though like you I have yet to see it borne out in practice.",Unilever threatens to pull its ads from Facebook and Google over 'toxic content',https://news.ycombinator.com/item?id=16364381,SeanBoocock,,,,Facebook news feed algorithm,Conservative keyword/context screen: recommendation/ranking/feed plus change/platform context.,16362705,http://www.latimes.com/business/technology/la-fi-tn-unilever-ads-google-facebook-20180212-story.html,2026-09-21T19:44:34.808161+00:00,UTC,"As noted in the article, Facebook has changed its News Feed algorithm to prioritize content from friends and family over publishers. This combined with their stated goal to increase moderation of all content should reduce perceived toxicity and increase relevancy. That's the theory at least, though like you I have yet to see it borne out in practice.","recommendation/feed context plus documented change, reaction, quality, or user-control signal",Negative,0.4461004556099256,0.23977613580770604,0.31412340858236837
hn_16486116,Hacker News,public_comment,2018-02-28 19:46:13+00:00,2018-02-28,"That world existed pre-Facebook, but speaking as someone formerly in media, Facebook has become a very worthy successor to Microsoft's ""embrace, extend, extinguish"" strategy. Media used to live and die on search engine traffic. SEO was king, getting ranked in searches was how you thrived. Once Facebook (and to a much smaller extent, Twitter) showed up, it became about the all-important share. Facebook worked very hard to make sure that people consumed a vast majority of their news and media diet through Facebook itself, and consumption patterns heavily changed as a result. Facebook became the 9000lb gorilla driving your traffic, and the extent to which you lived and died depended on how much money you were willing to put towards paid promotion of your content. They even built out ecosystems like Facebook Instant Articles, which move content off the publisher's platform and directly into Facebook. With the newsfeed algorithm changes, media companies are left with an audience that doesn't use search and can't get contact with their articles via the channel they previously used to. Traffic is just gone , and it's going to kill a lot of already-struggling publishers as a result.","LittleThings online publisher shuts down, blames Facebook's algorithm",https://news.ycombinator.com/item?id=16486116,cheald,,,,Facebook news feed algorithm,Conservative keyword/context screen: recommendation/ranking/feed plus change/platform context.,16485147,http://www.businessinsider.com/littlethings-online-publisher-shuts-down-and-blames-facebook-algorithm-2018-2,2026-09-21T19:44:34.808161+00:00,UTC,"That world existed pre-Facebook, but speaking as someone formerly in media, Facebook has become a very worthy successor to Microsoft's ""embrace, extend, extinguish"" strategy. Media used to live and die on search engine traffic. SEO was king, getting ranked in searches was how you thrived. Once Facebook (and to a much smaller extent, Twitter) showed up, it became about the all-important share. Facebook worked very hard to make sure that people consumed a vast majority of their news and media diet through Facebook itself, and consumption patterns heavily changed as a result. Facebook became the 9000lb gorilla driving your traffic, and the extent to which you lived and died depended on how much money you were willing to put towards paid promotion of your content. They even built out ecosystems like Facebook Instant Articles, which move content off the publisher's platform and directly into Facebook. With the newsfeed algorithm changes, media companies are left with an audience that doesn't use search and can't get contact with their articles via the channel they previously used to. Traffic is just gone , and it's going to kill a lot of already-struggling publishers as a result.","recommendation/feed context plus documented change, reaction, quality, or user-control signal",Negative,0.6848796699896855,0.2554136763111931,0.059706653699121384
hn_16648895,Hacker News,public_comment,2018-03-22 14:25:44+00:00,2018-03-22,"I agree that it can be painful, but there are parallels that can be drawn. Dick's Sporting Goods just stopped selling certain kinds of guns. Those gun manufacturers can still sell their guns, but just not at Dick's, so they're losing part of their potential audience. There was a story a month or two ago about a publisher that went out of business because their whole business model (apparently) revolved around pushing their content on Facebook and then Facebook changed their newsfeed algorithm. I think that's a risk for anyone relying on a given channel for their product.",YouTube and Reddit roll out new restrictions including channel and sub bans,https://news.ycombinator.com/item?id=16648895,dangoor,,,,Facebook news feed algorithm,Conservative keyword/context screen: recommendation/ranking/feed plus change/platform context.,16643040,,2026-09-21T19:44:34.808161+00:00,UTC,"I agree that it can be painful, but there are parallels that can be drawn. Dick's Sporting Goods just stopped selling certain kinds of guns. Those gun manufacturers can still sell their guns, but just not at Dick's, so they're losing part of their potential audience. There was a story a month or two ago about a publisher that went out of business because their whole business model (apparently) revolved around pushing their content on Facebook and then Facebook changed their newsfeed algorithm. I think that's a risk for anyone relying on a given channel for their product.","recommendation/feed context plus documented change, reaction, quality, or user-control signal",Negative,0.6183474929213872,0.3532598307555252,0.028392676323087514
hn_16828160,Hacker News,public_comment,2018-04-13 08:59:01+00:00,2018-04-13,"Komoot | Backend Engineer (Algorithms, Rankings and Recommendations) | Full-Time | REMOTE Millions of people experience real-life adventures with our apps. We help users all over the world discover the best hiking and biking routes, working to empower everybody to explore more of the great outdoors. And we’re good at what we do: Google and Apple have listed us as one of their Apps of the Year numerous times—and we are consistently ranked amongst the highest-grossing apps in both Google Play and the App Store. One key driving factor to our growth has always been our understanding that a technological approach can provide an outdoor experience far beyond the possibilities of traditional services. On the one side, we collect, combine and process various open data sources (such as OSM and Wikipedia) and turn raw data into easily accessible information and understandable products, such as our easy-to-use outdoor route planner. On the other, we leverage the wisdom of our vast user base and use crowdsourced data for personalized, local outdoor recommendations. Now, with your strong analytical skills and your passion for building well-crafted and tested code, we’ll leave traditional, standard solutions even further behind—and we’ll truly change the way people explore. Your key responsibilities -Implement new features closely together with our web and mobile developers, designers, copywriters and product managers. -Develop and tune algorithms to leverage our content recommendation, rankings, content analyses and product smartness. -Build new and improve existing micro-services, primarily in Java/Kotlin and Python. -Use the AWS ecosystem to build resilient and high-performing systems. More information and application available at: https://www.komoot.com/jobs/backend-engineer-recommendations",Ask HN: Who is hiring? (April 2018),https://news.ycombinator.com/item?id=16828160,sara_komoot,,,,recommendation ranking,Conservative keyword/context screen: recommendation/ranking/feed plus change/platform context.,16735011,,2026-09-21T19:44:34.808161+00:00,UTC,"Komoot | Backend Engineer (Algorithms, Rankings and Recommendations) | Full-Time | REMOTE Millions of people experience real-life adventures with our apps. We help users all over the world discover the best hiking and biking routes, working to empower everybody to explore more of the great outdoors. And we’re good at what we do: Google and Apple have listed us as one of their Apps of the Year numerous times—and we are consistently ranked amongst the highest-grossing apps in both Google Play and the App Store. One key driving factor to our growth has always been our understanding that a technological approach can provide an outdoor experience far beyond the possibilities of traditional services. On the one side, we collect, combine and process various open data sources (such as OSM and Wikipedia) and turn raw data into easily accessible information and understandable products, such as our easy-to-use outdoor route planner. On the other, we leverage the wisdom of our vast user base and use crowdsourced data for personalized, local outdoor recommendations. Now, with your strong analytical skills and your passion for building well-crafted and tested code, we’ll leave traditional, standard solutions even further behind—and we’ll truly change the way people explore. Your key responsibilities -Implement new features closely together with our web and mobile developers, designers, copywriters and product managers. -Develop and tune algorithms to leverage our content recommendation, rankings, content analyses and product smartness. -Build new and improve existing micro-services, primarily in Java/Kotlin and Python. -Use the AWS ecosystem to build resilient and high-performing systems. More information and application available at: URL","recommendation/feed context plus documented change, reaction, quality, or user-control signal",Positive,0.07881955532876507,0.2093710211222696,0.7118094235489654
hn_17414280,Hacker News,public_comment,2018-06-28 05:24:11+00:00,2018-06-28,"> We do not know if the changes are permanent. Regardless, this should be a clear wake-up call for indie developers that any slight change in the Play Store’s ranking algorithm can significantly impact your app’s success. Developers are encouraged to proactively improve their app’s quality. 1. People use a platform controlled by others to get free marketing. 2. It works and people love free marketing. 3. Platform owner changes the rules of the platform, free marketing is heavily impacted. 4. People feel entitled to their free marketing and complain a lot. * The conclusion is so wrong: people should actually invest in other marketing channels, preferably in platforms they control, instead of relying solely on the platform owners goodwill. ”Platform“ applies to Play Store, App Store, Facebook, Google Search Results, Instagram, Twitter, ...","Google Play Store’s Algorithm Quietly Changes, Tanking Some Apps’ Rankings",https://news.ycombinator.com/item?id=17414280,WA,,,,Instagram algorithm change,Conservative keyword/context screen: recommendation/ranking/feed plus change/platform context.,17414164,https://www.xda-developers.com/developers-huge-drop-new-installs-play-store-algorithm-changes/,2026-09-21T19:44:34.808161+00:00,UTC,"> We do not know if the changes are permanent. Regardless, this should be a clear wake-up call for indie developers that any slight change in the Play Store’s ranking algorithm can significantly impact your app’s success. Developers are encouraged to proactively improve their app’s quality. 1. People use a platform controlled by others to get free marketing. 2. It works and people love free marketing. 3. Platform owner changes the rules of the platform, free marketing is heavily impacted. 4. People feel entitled to their free marketing and complain a lot. * The conclusion is so wrong: people should actually invest in other marketing channels, preferably in platforms they control, instead of relying solely on the platform owners goodwill. ”Platform“ applies to Play Store, App Store, Facebook, Google Search Results, Instagram, Twitter, ...","recommendation/feed context plus documented change, reaction, quality, or user-control signal",Neutral,0.2877276964100453,0.38128244634064884,0.33098985724930585
hn_18170085,Hacker News,public_story,2018-10-08 18:39:34+00:00,2018-10-08,Brainstorming a better YouTube recommendation algorithm,Brainstorming a better YouTube recommendation algorithm,https://news.ycombinator.com/item?id=18170085,frabcus,5.0,0.0,5.0,YouTube recommendation algorithm,Conservative keyword/context screen: recommendation/ranking/feed plus change/platform context.,18170085,,2026-09-21T19:44:34.808161+00:00,UTC,Brainstorming a better YouTube recommendation algorithm,direct public story about a platform recommendation algorithm,Positive,0.1627468043554875,0.14607451460273707,0.6911786810417755
hn_18178679,Hacker News,public_story,2018-10-09 18:42:46+00:00,2018-10-09,"Facebook Workplace adds algorithmic feed, Safety Check and enhanced chat","Facebook Workplace adds algorithmic feed, Safety Check and enhanced chat",https://news.ycombinator.com/item?id=18178679,kaboro,1.0,0.0,1.0,feed algorithm,Conservative keyword/context screen: recommendation/ranking/feed plus change/platform context.,18178679,,2026-09-21T19:44:34.808161+00:00,UTC,"Facebook Workplace adds algorithmic feed, Safety Check and enhanced chat","recommendation/feed context plus documented change, reaction, quality, or user-control signal",Neutral,0.21942132148506688,0.5755667978420601,0.205011880672873
hn_18448612,Hacker News,public_story,2018-11-14 09:29:37+00:00,2018-11-14,How YouTube’s recommendation algorithm works if you’re not the average user,How YouTube’s recommendation algorithm works if you’re not the average user,https://news.ycombinator.com/item?id=18448612,denzil_correa,17.0,7.0,17.0,YouTube recommendation algorithm,Conservative keyword/context screen: recommendation/ranking/feed plus change/platform context.,18448612,,2026-09-21T19:44:34.808161+00:00,UTC,How YouTube’s recommendation algorithm works if you’re not the average user,direct public story about a platform recommendation algorithm,Negative,0.5572227263875843,0.22237435244475867,0.220402921167657
hn_18613837,Hacker News,public_comment,2018-12-05 23:29:29+00:00,2018-12-05,"I think most people would categorize this as Psychological Experiments vs A/B testing. Most companies don't A/B test whether they can intentionally manipulate people into generally feeling negative. > To test that, Facebook data scientists tweaked the newsfeed algorithms of roughly 0.04 percent of Facebook users, or 698,003 people, for one week in January 2012. During the experiment, half of those subjects saw fewer positive posts than usual, while half of them saw fewer negative ones. To evaluate how that change affected mood, researchers also tracked the number of positive and negative words in subjects’ status updates during that week-long period. Put it all together, and you have a pretty clear causal relationship. The results were published last month in the Proceedings of the National Academy Sciences, which, for what it’s worth, is a pretty prestigious journal. https://www.washingtonpost.com/news/the-intersect/wp/2014/07...",Internal Tensions at Facebook Are Boiling Over,https://news.ycombinator.com/item?id=18613837,cronix,,,,Facebook news feed algorithm,Conservative keyword/context screen: recommendation/ranking/feed plus change/platform context.,18611678,https://www.buzzfeednews.com/article/charliewarzel/facebooks-tensions-zuckerberg-sandberg,2026-09-21T19:44:34.808161+00:00,UTC,"I think most people would categorize this as Psychological Experiments vs A/B testing. Most companies don't A/B test whether they can intentionally manipulate people into generally feeling negative. > To test that, Facebook data scientists tweaked the newsfeed algorithms of roughly 0.04 percent of Facebook users, or 698,003 people, for one week in January 2012. During the experiment, half of those subjects saw fewer positive posts than usual, while half of them saw fewer negative ones. To evaluate how that change affected mood, researchers also tracked the number of positive and negative words in subjects’ status updates during that week-long period. Put it all together, and you have a pretty clear causal relationship. The results were published last month in the Proceedings of the National Academy Sciences, which, for what it’s worth, is a pretty prestigious journal. URL","recommendation/feed context plus documented change, reaction, quality, or user-control signal",Negative,0.5439596030668628,0.21935111035491758,0.23668928657821955
hn_19655627,Hacker News,public_comment,2019-04-13 20:49:18+00:00,2019-04-13,"Back when Facebook changed to the Newsfeed algorithm I knew it wasn't good and I didnt like it. In retrospect its definently when it all started going downhill for me as a user of the platform. Now, I haven't posted anything in 3 years....",I miss Facebook,https://news.ycombinator.com/item?id=19655627,kerng,,,,Facebook news feed algorithm,Conservative keyword/context screen: recommendation/ranking/feed plus change/platform context.,19655411,https://cfenollosa.com/blog/i-miss-facebook-and-im-not-ashamed-to-admit-it.html,2026-09-21T19:44:34.808161+00:00,UTC,"Back when Facebook changed to the Newsfeed algorithm I knew it wasn't good and I didnt like it. In retrospect its definently when it all started going downhill for me as a user of the platform. Now, I haven't posted anything in 3 years....","recommendation/feed context plus documented change, reaction, quality, or user-control signal",Positive,0.3886083033167593,0.14445921549151003,0.46693248119173075
hn_19700206,Hacker News,public_comment,2019-04-19 15:09:03+00:00,2019-04-19,"I post unpopular opinions from my account all the time. I'm fine with people downvoting it, as the current state of our society is an overton window that I know I simply, at times, fall outside of. That being said, I've seen some powerful arguments against facebook already: the newsfeed algorithm, for example, is my most important one. It should be required, by law, to be a dumb feed. Outside of that we have to look at the evil companies that you speak of otherwise, and why we don't speak out against them, and I would draw that the reality and rules that society lives under are distorted by the existence of social media, which isn't necessarily a bad thing, many changes need to occur, however I argue the things that make facebook addictive (getting likes), and thus valuable, are the things that encourage the worst societal behaviors and extremism, making it impossible enough for society to compromise enough to do something about those bad actors. You demonstrate the power of getting likes by the fact that you used a throwaway account for your comment . I don't think that social media can effectively work unless it is stripped of the profit motive.",Instagram hides Like counts in leaked design prototype,https://news.ycombinator.com/item?id=19700206,moosey,,,,Facebook news feed algorithm,Conservative keyword/context screen: recommendation/ranking/feed plus change/platform context.,19696968,https://techcrunch.com/2019/04/18/instagram-no-like-counter/,2026-09-21T19:44:34.808161+00:00,UTC,"I post unpopular opinions from my account all the time. I'm fine with people downvoting it, as the current state of our society is an overton window that I know I simply, at times, fall outside of. That being said, I've seen some powerful arguments against facebook already: the newsfeed algorithm, for example, is my most important one. It should be required, by law, to be a dumb feed. Outside of that we have to look at the evil companies that you speak of otherwise, and why we don't speak out against them, and I would draw that the reality and rules that society lives under are distorted by the existence of social media, which isn't necessarily a bad thing, many changes need to occur, however I argue the things that make facebook addictive (getting likes), and thus valuable, are the things that encourage the worst societal behaviors and extremism, making it impossible enough for society to compromise enough to do something about those bad actors. You demonstrate the power of getting likes by the fact that you used a throwaway account for your comment . I don't think that social media can effectively work unless it is stripped of the profit motive.","recommendation/feed context plus documented change, reaction, quality, or user-control signal",Negative,0.7393835300022231,0.13458040490328174,0.12603606509449505
hn_20084392,Hacker News,public_story,2019-06-03 15:42:04+00:00,2019-06-03,YouTube's Recommendation Algorithm Has a Dark Side,YouTube's Recommendation Algorithm Has a Dark Side,https://news.ycombinator.com/item?id=20084392,headalgorithm,26.0,3.0,26.0,YouTube recommendation algorithm,Conservative keyword/context screen: recommendation/ranking/feed plus change/platform context.,20084392,,2026-09-21T19:44:34.808161+00:00,UTC,YouTube's Recommendation Algorithm Has a Dark Side,direct public story about a platform recommendation algorithm,Positive,0.29816759309872004,0.33123432027522826,0.3705980866260518
hn_20525136,Hacker News,public_comment,2019-07-25 13:22:24+00:00,2019-07-25,"I can say what has reduced my Facebook use, if anybody in a relevant position at the company is reading. It's the content Facebook shows me. A decade or so ago, most of the content I saw on Facebook was original content from people I know. Most posts were either text written by someone I knew, or a photo taken by someone I knew. Perhaps not everybody shares this position, but what I most want from Facebook is to keep up with people I actually know. Here are the first 20 posts I see now: 7 shared images from strangers/pages. 1 screenshot from a TV show uploaded by a friend. 1 page updated its website. 1 shared video from strangers/pages. 2 ""suggested"" videos from a page. 1 photograph taken by a friend. 1 ""memory"" containing text written by the person who shared it. 3 links to a news story. 3 posts by a page. That's 2/20 posts of original content from people I know. I've noticed that if I post original content, my friends are less likely to interact with it than a few years ago, probably because they, too are presented with such a huge amount of other content. I know I can opt in to something like the old experience with the ""friends feed"" feature. Well, I can on the desktop site (if I bookmark it, click it each time, or use a browser extension); it appears to be missing from the mobile site and the Facebook Lite app. Anything I post is still disadvantaged though, because most people are using the default algorithmic feed. On Instagram, every one of the first 20 posts I see is original content by a person or page I follow. 16 of those are individual people. I see shared third-party content on Instagram fairly rarely, probably because its UI doesn't encourage that. What would get me to use Facebook more actively is a change to the algorithm that advantages original content over shared third-party content.",Facebook Research Warned of ‘Tipping Point’ Threat to Core App,https://news.ycombinator.com/item?id=20525136,Zak,,,,Instagram algorithm change,Conservative keyword/context screen: recommendation/ranking/feed plus change/platform context.,20513367,https://www.theinformation.com/articles/facebook-secret-research-warned-of-tipping-point-threat-to-core-app?pu=hackernewsotjyc7&utm_source=hackernews&utm_medium=unlock&utm_content=facebook-secret-research,2026-09-21T19:44:34.808161+00:00,UTC,"I can say what has reduced my Facebook use, if anybody in a relevant position at the company is reading. It's the content Facebook shows me. A decade or so ago, most of the content I saw on Facebook was original content from people I know. Most posts were either text written by someone I knew, or a photo taken by someone I knew. Perhaps not everybody shares this position, but what I most want from Facebook is to keep up with people I actually know. Here are the first 20 posts I see now: 7 shared images from strangers/pages. 1 screenshot from a TV show uploaded by a friend. 1 page updated its website. 1 shared video from strangers/pages. 2 ""suggested"" videos from a page. 1 photograph taken by a friend. 1 ""memory"" containing text written by the person who shared it. 3 links to a news story. 3 posts by a page. That's 2/20 posts of original content from people I know. I've noticed that if I post original content, my friends are less likely to interact with it than a few years ago, probably because they, too are presented with such a huge amount of other content. I know I can opt in to something like the old experience with the ""friends feed"" feature. Well, I can on the desktop site (if I bookmark it, click it each time, or use a browser extension); it appears to be missing from the mobile site and the Facebook Lite app. Anything I post is still disadvantaged though, because most people are using the default algorithmic feed. On Instagram, every one of the first 20 posts I see is original content by a person or page I follow. 16 of those are individual people. I see shared third-party content on Instagram fairly rarely, probably because its UI doesn't encourage that. What would get me to use Facebook more actively is a change to the algorithm that advantages original content over shared third-party content.","recommendation/feed context plus documented change, reaction, quality, or user-control signal",Negative,0.42861782165609336,0.34171816017375,0.22966401817015666
hn_21255773,Hacker News,public_story,2019-10-15 05:26:20+00:00,2019-10-15,Mozilla unveils 28 horror stories about YouTube’s recommendation algorithm,Mozilla unveils 28 horror stories about YouTube’s recommendation algorithm,https://news.ycombinator.com/item?id=21255773,charlesism,4.0,1.0,4.0,YouTube recommendation algorithm,Conservative keyword/context screen: recommendation/ranking/feed plus change/platform context.,21255773,,2026-09-21T19:44:34.808161+00:00,UTC,Mozilla unveils 28 horror stories about YouTube’s recommendation algorithm,direct public story about a platform recommendation algorithm,Neutral,0.23516477412299122,0.4264763979127989,0.3383588279642099
hn_21837016,Hacker News,public_comment,2019-12-19 17:26:36+00:00,2019-12-19,"I'm not entirely sure how helpful it would be to see these algorithms since many of them rely on machine learning models underneath the hood (IE: a model that predicts the likelihood a user will click a given video). Is it useful for the average person to know that some gradient boosted tree/deep learning model spat out a probability estimate? More information certainly does not hurt, but I doubt the average citizen/gov regulator can do much with this knowledge. These are not the kind of static bfs/dfs/quicksort/etc algorithms we learned in undergrad that can be dissected so easily. The ML models that underlie the recommendations/ranking ""algorithms"" are constantly changing based on the data they're trained on. Does this constitute an algorithm change? Disclaimer: this is just my understanding of how these newsfeed type algorithms work based on conversations with friends who work on these teams at FB/GOOG. Please do correct me if I got something wrong here.",YouTube Created a Generation of Young Stars. Now They Are Getting Burned Out,https://news.ycombinator.com/item?id=21837016,eachro,,,,recommendation ranking,Conservative keyword/context screen: recommendation/ranking/feed plus change/platform context.,21835323,https://www.wsj.com/articles/youtube-created-a-generation-of-young-stars-now-they-are-getting-burned-out-11576762704,2026-09-21T19:44:34.808161+00:00,UTC,"I'm not entirely sure how helpful it would be to see these algorithms since many of them rely on machine learning models underneath the hood (IE: a model that predicts the likelihood a user will click a given video). Is it useful for the average person to know that some gradient boosted tree/deep learning model spat out a probability estimate? More information certainly does not hurt, but I doubt the average citizen/gov regulator can do much with this knowledge. These are not the kind of static bfs/dfs/quicksort/etc algorithms we learned in undergrad that can be dissected so easily. The ML models that underlie the recommendations/ranking ""algorithms"" are constantly changing based on the data they're trained on. Does this constitute an algorithm change? Disclaimer: this is just my understanding of how these newsfeed type algorithms work based on conversations with friends who work on these teams at FB/GOOG. Please do correct me if I got something wrong here.","recommendation/feed context plus documented change, reaction, quality, or user-control signal",Negative,0.6552028589403103,0.09329182242058853,0.2515053186391011
hn_22504343,Hacker News,public_comment,2020-03-06 15:35:30+00:00,2020-03-06,">When you use terms like ""pain"", that suggests that RSS is significantly worse than other options in this respect. Sorry for not being clear. The ""pain"" of RSS or ""pain"" of Facebook/Twitter is multi-dimensional and so it's not just comparing 1-for-1 annoyances such as ""extra click to get to the real publisher website"" being equivalent with RSS vs Facebook. >RSS/Atom remains the only option where it's at all common to get the whole article without clicking a link and taking a shotgun blast of JavaScript to the face. Yes that's true but the other ""pain"" that normal mainstream users don't want to deal with is setting up a separate RSS reader/app . They already have Facebook loaded because that's where there friends are. They also don't want the pain of finding relevant RSS feeds and curating them. Facebook already gives them suggested articles passively . And it's irrelevant if Facebook's newsfeed algorithm is bad ; the selling point is that it's passive and automatic and the typical non-HN user doesn't have to bother configuring anything. So for normal typical websurfers , RSS theoretically is a solution for news aggregation, but it also creates new problems they don't want to deal with. Yes, HN techies are happy to fine-tune RSS feeds; but regular users have no interest in that. And if you want to mention how RSS is the option that sometimes provides full text, you also have to be fair and mention that the real websites are the option that sometimes provides video . A lot of normal mainstream web surfers love rich content like video for consuming news. Again, I keep trying to focus the discussion on the mass psychology and habits of non-HN mainstream users but people keep talking about the benefits that HN techies enjoy. We are already in this HN forum and already know what the benefits of RSS are . Thus, it doesn't actually add productive discussion to the OP's actual question .",Ask HN: Is RSS dead?,https://news.ycombinator.com/item?id=22504343,jasode,,,,Facebook news feed algorithm,Conservative keyword/context screen: recommendation/ranking/feed plus change/platform context.,22497184,,2026-09-21T19:44:34.808161+00:00,UTC,">When you use terms like ""pain"", that suggests that RSS is significantly worse than other options in this respect. Sorry for not being clear. The ""pain"" of RSS or ""pain"" of Facebook/Twitter is multi-dimensional and so it's not just comparing 1-for-1 annoyances such as ""extra click to get to the real publisher website"" being equivalent with RSS vs Facebook. >RSS/Atom remains the only option where it's at all common to get the whole article without clicking a link and taking a shotgun blast of JavaScript to the face. Yes that's true but the other ""pain"" that normal mainstream users don't want to deal with is setting up a separate RSS reader/app . They already have Facebook loaded because that's where there friends are. They also don't want the pain of finding relevant RSS feeds and curating them. Facebook already gives them suggested articles passively . And it's irrelevant if Facebook's newsfeed algorithm is bad ; the selling point is that it's passive and automatic and the typical non-HN user doesn't have to bother configuring anything. So for normal typical websurfers , RSS theoretically is a solution for news aggregation, but it also creates new problems they don't want to deal with. Yes, HN techies are happy to fine-tune RSS feeds; but regular users have no interest in that. And if you want to mention how RSS is the option that sometimes provides full text, you also have to be fair and mention that the real websites are the option that sometimes provides video . A lot of normal mainstream web surfers love rich content like video for consuming news. Again, I keep trying to focus the discussion on the mass psychology and habits of non-HN mainstream users but people keep talking about the benefits that HN techies enjoy. We are already in this HN forum and already know what the benefits of RSS are . Thus, it doesn't actually add productive discussion to the OP's actual question .","recommendation/feed context plus documented change, reaction, quality, or user-control signal",Negative,0.8221752259205981,0.09122602693324305,0.0865987471461587
hn_23433662,Hacker News,public_comment,2020-06-05 20:35:48+00:00,2020-06-05,"> Google, Amazon, FB are not the monopolies that you should be worried about. They are fun to talk about and tech is sexy, but there are bigger problems - ISPs / telecoms, for example. That is a very misleading comparison. For almost all of the industries you've listed a) there are spatial limitations of monopolistic outreach (they have to exist in real world and can't exist all around the world at once) b) their products and services don't grow upon themselves exponentially c) the nature of their products and services is rather common knowledge. I'll go one by one; a) Tech doesn't suffer from the spatial dynamics of competition and in that has virtually infinite economies of scale. A cable company has to fight for the right of physically laying cables, which creates a barrier of entry for the next competitor, but they have to do this work repeatedly in every other location. As long as bandwidth and compute is paid for, tech can be instantaneously omni-present around the world. This means the monopoly having a planet wide breadth, but also that margins required to sustain the monopoly can be much smaller. b) Econ 101 has this classic output function: labor x capital x productivity = output. Tech is both an output and input in the form of increased productivity onto itself. This means exponential growth. When we talk about cable companies merging, it is a merger of homogeneous entities, and in that only a merger of capital and labor. The argument here is tech companies ""merging"" with their own, heterogeneous technologies to yield even greater exponential growth. They are talking about ads and search and chrome ""merging"". Therefore the monopolistic consequences of tech is very different than that of commodities and utilities. c) Tech is constantly innovating on new products and new variations of their products, which we can't grasp the effects of. It is easier to guess what happens to competition or how the end user suffers when other industries have bad actors. Can we tell with confidence what the effect of Youtube's, Twitter's, Reddit's recommendation algorithms is on our collective sense-making capabilities and functioning of the democracy? Can we tell if the thousands of A/B experiments being run on us is revealing how the products can deliver more value or how to exploit the users better? Are users aware that they are participating in the largest scale applied-psychology lab ever existed? This information asymmetry is again a part of the unique dynamics of the monopolistic machinery of tech. When these three come together, the resulting monopolistic dynamics is unprecedented and incomparable to that of commodities, utilities and other old-school services, and we would be fools to make light of it.",U.S. states lean toward breaking up Google's ad tech business,https://news.ycombinator.com/item?id=23433662,acituan,,,,Twitter recommendation algorithm,Conservative keyword/context screen: recommendation/ranking/feed plus change/platform context.,23431824,https://www.cnbc.com/2020/06/05/states-lean-toward-pushing-to-break-up-googles-ad-tech-business.html,2026-09-21T19:44:34.808161+00:00,UTC,"> Google, Amazon, FB are not the monopolies that you should be worried about. They are fun to talk about and tech is sexy, but there are bigger problems - ISPs / telecoms, for example. That is a very misleading comparison. For almost all of the industries you've listed a) there are spatial limitations of monopolistic outreach (they have to exist in real world and can't exist all around the world at once) b) their products and services don't grow upon themselves exponentially c) the nature of their products and services is rather common knowledge. I'll go one by one; a) Tech doesn't suffer from the spatial dynamics of competition and in that has virtually infinite economies of scale. A cable company has to fight for the right of physically laying cables, which creates a barrier of entry for the next competitor, but they have to do this work repeatedly in every other location. As long as bandwidth and compute is paid for, tech can be instantaneously omni-present around the world. This means the monopoly having a planet wide breadth, but also that margins required to sustain the monopoly can be much smaller. b) Econ 101 has this classic output function: labor x capital x productivity = output. Tech is both an output and input in the form of increased productivity onto itself. This means exponential growth. When we talk about cable companies merging, it is a merger of homogeneous entities, and in that only a merger of capital and labor. The argument here is tech companies ""merging"" with their own, heterogeneous technologies to yield even greater exponential growth. They are talking about ads and search and chrome ""merging"". Therefore the monopolistic consequences of tech is very different than that of commodities and utilities. c) Tech is constantly innovating on new products and new variations of their products, which we can't grasp the effects of. It is easier to guess what happens to competition or how the end user suffers when other industries have bad actors. Can we tell with confidence what the effect of Youtube's, Twitter's, Reddit's recommendation algorithms is on our collective sense-making capabilities and functioning of the democracy? Can we tell if the thousands of A/B experiments being run on us is revealing how the products can deliver more value or how to exploit the users better? Are users aware that they are participating in the largest scale applied-psychology lab ever existed? This information asymmetry is again a part of the unique dynamics of the monopolistic machinery of tech. When these three come together, the resulting monopolistic dynamics is unprecedented and incomparable to that of commodities, utilities and other old-school services, and we would be fools to make light of it.","recommendation/feed context plus documented change, reaction, quality, or user-control signal",Negative,0.4708387750465186,0.39605882886855764,0.13310239608492375
hn_24570711,Hacker News,public_story,2020-09-23 19:08:28+00:00,2020-09-23,AlgoTransparency: Exploring YouTube’s recommendation algorithm,AlgoTransparency: Exploring YouTube’s recommendation algorithm,https://news.ycombinator.com/item?id=24570711,dgellow,1.0,0.0,1.0,YouTube recommendation algorithm,Conservative keyword/context screen: recommendation/ranking/feed plus change/platform context.,24570711,,2026-09-21T19:44:34.808161+00:00,UTC,AlgoTransparency: Exploring YouTube’s recommendation algorithm,direct public story about a platform recommendation algorithm,Positive,0.22499989811220478,0.2839243163201959,0.49107578556759934
hn_24804321,Hacker News,public_comment,2020-10-16 19:46:05+00:00,2020-10-16,"This tidbit from a WSJ story is rather revealing of the actual issue going on here[1]: > In late 2017, when Facebook tweaked its newsfeed algorithm to minimize the presence of political news, policy executives were concerned about the outsize impact of the changes on the right, including the Daily Wire, people familiar with the matter said. Engineers redesigned their intended changes so that left-leaning sites like Mother Jones were affected more than previously planned, the people said. Mr. Zuckerberg approved the plans. That is: Facebook decided to intervene to benefit the right. I don't think this is just because of right-wingers at Facebook: surely a large part of it is bad-faith attacks from people like Ted Cruz. The idea that Twitter and Facebook are conspiring to suppress legitimate criticism of Biden and thereby defeat Trump is plain ridiculous. [1] Story is here: https://t.co/sjOYrLQdc3?amp=1 but I got the blurb from this tweet: https://twitter.com/patcaldwell/status/1317140564169625600",Section 230 Explained,https://news.ycombinator.com/item?id=24804321,ojnabieoot,,,,Facebook news feed algorithm,Conservative keyword/context screen: recommendation/ranking/feed plus change/platform context.,24803998,https://arstechnica.com/tech-policy/2020/06/section-230-the-internet-law-politicians-love-to-hate-explained/,2026-09-21T19:44:34.808161+00:00,UTC,"This tidbit from a WSJ story is rather revealing of the actual issue going on here[1]: > In late 2017, when Facebook tweaked its newsfeed algorithm to minimize the presence of political news, policy executives were concerned about the outsize impact of the changes on the right, including the Daily Wire, people familiar with the matter said. Engineers redesigned their intended changes so that left-leaning sites like Mother Jones were affected more than previously planned, the people said. Mr. Zuckerberg approved the plans. That is: Facebook decided to intervene to benefit the right. I don't think this is just because of right-wingers at Facebook: surely a large part of it is bad-faith attacks from people like Ted Cruz. The idea that Twitter and Facebook are conspiring to suppress legitimate criticism of Biden and thereby defeat Trump is plain ridiculous. [1] Story is here: URL but I got the blurb from this tweet: URL","recommendation/feed context plus documented change, reaction, quality, or user-control signal",Negative,0.5989711018969573,0.3253970838289951,0.0756318142740475
hn_24811399,Hacker News,public_comment,2020-10-17 17:05:50+00:00,2020-10-17,"Quote from WSJ story: ""In late 2017, when Facebook tweaked its newsfeed algorithm to minimize the presence of political news, policy executives were concerned about the outsize impact of the changes on the right, including the Daily Wire, people familiar with the matter said. Engineers redesigned their intended changes so that left-leaning sites like Mother Jones were affected more than previously planned, the people said. Mr. Zuckerberg approved the plans. “We did not make changes with the intent of impacting individual publishers,” a Facebook spokesman said."" https://archive.md/uhZpP",Facebook reportedly choked traffic for left-leaning news sites,https://news.ycombinator.com/item?id=24811399,r721,,,,Facebook news feed algorithm,Conservative keyword/context screen: recommendation/ranking/feed plus change/platform context.,24810831,https://www.theverge.com/2020/10/17/21520634/facebook-reportedly-choked-traffic-mother-jones-zuckerberg,2026-09-21T19:44:34.808161+00:00,UTC,"Quote from WSJ story: ""In late 2017, when Facebook tweaked its newsfeed algorithm to minimize the presence of political news, policy executives were concerned about the outsize impact of the changes on the right, including the Daily Wire, people familiar with the matter said. Engineers redesigned their intended changes so that left-leaning sites like Mother Jones were affected more than previously planned, the people said. Mr. Zuckerberg approved the plans. “We did not make changes with the intent of impacting individual publishers,” a Facebook spokesman said."" URL","recommendation/feed context plus documented change, reaction, quality, or user-control signal",Negative,0.4735674999822935,0.44113918506494804,0.0852933149527584
hn_24907994,Hacker News,public_story,2020-10-27 14:54:33+00:00,2020-10-27,Should Section 230 apply to algorithmic feeds like Facebook News Feed?,Should Section 230 apply to algorithmic feeds like Facebook News Feed?,https://news.ycombinator.com/item?id=24907994,NordSteve,1.0,0.0,1.0,feed algorithm,Conservative keyword/context screen: recommendation/ranking/feed plus change/platform context.,24907994,,2026-09-21T19:44:34.808161+00:00,UTC,Should Section 230 apply to algorithmic feeds like Facebook News Feed?,"recommendation/feed context plus documented change, reaction, quality, or user-control signal",Negative,0.43628495274407075,0.40926751183005355,0.15444753542587566
hn_24930585,Hacker News,public_comment,2020-10-29 14:06:21+00:00,2020-10-29,"> SESTA-FOSTA caused Craigslist to close their personals sections I would argue this was an explicitly political move. Craigslist is primarily funded by paid job ads... personal isn't a profit center for them. (So, it's unlikely to apply to a more general eyeball-need like Google/Facebook.) And they were using the threat of doing so as a reason SESTA-FOSTA should be blocked. ""Missed connections"" is both still alive, and heck, ""general"" has some very suggestive offers in it in my region. I hardly believe SESTA-FOSTA has murdered the ability to post personals online. Which is to say, the shuttering of websites such as yours if this should come to pass is a self-fulfilling prophecy: You're threatening to do it because you don't want the law to change. That doesn't mean the risk of liability is unreasonable because you intend to follow through with that threat. It doesn't mean plenty of others aren't willing to operate websites with normal levels of liability found in... every other type of business. As to your questions, Section 230 allows platforms to moderate content without facing any liability for the content that remains. The issue is that the decisionmaking they're allowed to employ here is completely unregulated and completely opaque... and tied very much to that revenue generation: Again, adult content sees a block because advertisers don't like it, and crazy political theories thrive because it pushes engagement. We're not talking about ""oh no, Facebook might be liable for one post they decided not to remove"". We're talking about an entire decisionmaking regime that is built around their revenue. Why on earth shouldn't they be liable for that? If Facebook at any point reviewed QAnon posts, decided ""nah, that doesn't violate our policies"", and let them continue... again, we wouldn't be going after Facebook for the user-generated content, but Facebook's explicit decisions about how to handle that content . Where the intent comes into the scenario. And yeah, that absolutely means we need to remove the liability shield. Because at least until we can dig into the case and order access to emails and records, seeing what posts are left up is all we have. And sure, I'd love to come at this another way too: Require the search, recommendation, and ranking algorithms of major tech platforms to be publicly shared and all moderation decisions subject to human appeal. Another avenue to that appeal though, is that people must be empowered to take a company to court over those moderation issues when their appeals internally are exhausted, which rolls back to removing liability protection.",U.S. Senate tech hearing becomes political tussle,https://news.ycombinator.com/item?id=24930585,ocdtrekkie,,,,recommendation ranking,Conservative keyword/context screen: recommendation/ranking/feed plus change/platform context.,24921457,https://www.reuters.com/article/us-usa-tech-senate/who-the-hell-elected-you-us-senate-tech-hearing-becomes-political-tussle-idUSKBN27D1AH,2026-09-21T19:44:34.808161+00:00,UTC,"> SESTA-FOSTA caused Craigslist to close their personals sections I would argue this was an explicitly political move. Craigslist is primarily funded by paid job ads... personal isn't a profit center for them. (So, it's unlikely to apply to a more general eyeball-need like Google/Facebook.) And they were using the threat of doing so as a reason SESTA-FOSTA should be blocked. ""Missed connections"" is both still alive, and heck, ""general"" has some very suggestive offers in it in my region. I hardly believe SESTA-FOSTA has murdered the ability to post personals online. Which is to say, the shuttering of websites such as yours if this should come to pass is a self-fulfilling prophecy: You're threatening to do it because you don't want the law to change. That doesn't mean the risk of liability is unreasonable because you intend to follow through with that threat. It doesn't mean plenty of others aren't willing to operate websites with normal levels of liability found in... every other type of business. As to your questions, Section 230 allows platforms to moderate content without facing any liability for the content that remains. The issue is that the decisionmaking they're allowed to employ here is completely unregulated and completely opaque... and tied very much to that revenue generation: Again, adult content sees a block because advertisers don't like it, and crazy political theories thrive because it pushes engagement. We're not talking about ""oh no, Facebook might be liable for one post they decided not to remove"". We're talking about an entire decisionmaking regime that is built around their revenue. Why on earth shouldn't they be liable for that? If Facebook at any point reviewed QAnon posts, decided ""nah, that doesn't violate our policies"", and let them continue... again, we wouldn't be going after Facebook for the user-generated content, but Facebook's explicit decisions about how to handle that content . Where the intent comes into the scenario. And yeah, that absolutely means we need to remove the liability shield. Because at least until we can dig into the case and order access to emails and records, seeing what posts are left up is all we have. And sure, I'd love to come at this another way too: Require the search, recommendation, and ranking algorithms of major tech platforms to be publicly shared and all moderation decisions subject to human appeal. Another avenue to that appeal though, is that people must be empowered to take a company to court over those moderation issues when their appeals internally are exhausted, which rolls back to removing liability protection.","recommendation/feed context plus documented change, reaction, quality, or user-control signal",Negative,0.7564685341100289,0.17030525214989956,0.07322621374007145
hn_25519276,Hacker News,public_story,2020-12-23 16:29:47+00:00,2020-12-23,Ask HN: Why is making a good recommendation system for YouTube hard?,Ask HN: Why is making a good recommendation system for YouTube hard?,https://news.ycombinator.com/item?id=25519276,nassimslab2,43.0,52.0,43.0,recommendation algorithm,Conservative keyword/context screen: recommendation/ranking/feed plus change/platform context.,25519276,,2026-09-21T19:44:34.808161+00:00,UTC,Ask HN: Why is making a good recommendation system for YouTube hard?,"recommendation/feed context plus documented change, reaction, quality, or user-control signal",Positive,0.4158571696706513,0.150451873274624,0.4336909570547247
hn_26912299,Hacker News,public_story,2021-04-23 08:08:57+00:00,2021-04-23,Facebook launches tests to inform future changes to News Feed algorithms,Facebook launches tests to inform future changes to News Feed algorithms,https://news.ycombinator.com/item?id=26912299,scottbucks,1.0,0.0,1.0,feed algorithm,Conservative keyword/context screen: recommendation/ranking/feed plus change/platform context.,26912299,,2026-09-21T19:44:34.808161+00:00,UTC,Facebook launches tests to inform future changes to News Feed algorithms,"recommendation/feed context plus documented change, reaction, quality, or user-control signal",Neutral,0.2919377710712903,0.46847332494902183,0.23958890397968774
hn_27590364,Hacker News,public_comment,2021-06-22 11:32:10+00:00,2021-06-22,"You know that TikTok is no different to the rest of them. (and does the same behaviours of any other social network collecting your data which I find as a damning violation of our privacy.) How else is that 'recommendation algorithm' supposed to work, then? Another ' algorithm' that governs and orders what can be seen and unseen for the accounts of hundreds of millions of users again. Just like YouTube, Instagram and Twitter. Once ByteDance changes their algorithm and the users begin to complain about it, then I will point them to this comment and say, I tried to warn them but they decided to 'silence' me instead because I am right. We'll see soon enough.","U.S. Commerce Department rescinds TikTok, WeChat prohibited transactions list",https://news.ycombinator.com/item?id=27590364,rvz,,,,Instagram algorithm change,Conservative keyword/context screen: recommendation/ranking/feed plus change/platform context.,27589490,https://www.reuters.com/technology/us-commerce-department-rescinds-tiktok-wechat-prohibited-transactions-list-2021-06-21/,2026-09-21T19:44:34.808161+00:00,UTC,"You know that TikTok is no different to the rest of them. (and does the same behaviours of any other social network collecting your data which I find as a damning violation of our privacy.) How else is that 'recommendation algorithm' supposed to work, then? Another ' algorithm' that governs and orders what can be seen and unseen for the accounts of hundreds of millions of users again. Just like YouTube, Instagram and Twitter. Once ByteDance changes their algorithm and the users begin to complain about it, then I will point them to this comment and say, I tried to warn them but they decided to 'silence' me instead because I am right. We'll see soon enough.","recommendation/feed context plus documented change, reaction, quality, or user-control signal",Negative,0.8745490901540199,0.07862216360137789,0.046828746244602225
hn_27707659,Hacker News,public_comment,2021-07-02 03:54:38+00:00,2021-07-02,"Getaround EU | https://uk.getaround.com | Paris, anywhere in France or Belgium ONSITE or REMOTE | Backend, Full-stack, iOS, Analytics Engineer, Product Designer, Data Analyst About Getaround Europe: We are on mission to remove car ownership in European dense cities. We believe cars should be shared. * We're a ~50 people P&E Team * We have tons of challenges; pricing recommendations, ranking, connected cars that needs to be ultra reliable (it needs to replace your owned car), we provide APIs to different typologies of partners,... * Our technology stack includes: Ruby On Rails, React, dbt, MySQL, Redis, Python, Snowflake, Heroku, AWS ECS * We have a big monolith with small dedicated services for specific class of problems * We write about our culture and the way we write software at https://getaround.tech Please apply at https://uk.getaround.com/jobs",Ask HN: Who is hiring? (July 2021),https://news.ycombinator.com/item?id=27707659,mickeyben,,,,recommendation ranking,Conservative keyword/context screen: recommendation/ranking/feed plus change/platform context.,27699704,,2026-09-21T19:44:34.808161+00:00,UTC,"Getaround EU | URL | Paris, anywhere in France or Belgium ONSITE or REMOTE | Backend, Full-stack, iOS, Analytics Engineer, Product Designer, Data Analyst About Getaround Europe: We are on mission to remove car ownership in European dense cities. We believe cars should be shared. * We're a ~50 people P&E Team * We have tons of challenges; pricing recommendations, ranking, connected cars that needs to be ultra reliable (it needs to replace your owned car), we provide APIs to different typologies of partners,... * Our technology stack includes: Ruby On Rails, React, dbt, MySQL, Redis, Python, Snowflake, Heroku, AWS ECS * We have a big monolith with small dedicated services for specific class of problems * We write about our culture and the way we write software at URL Please apply at URL","recommendation/feed context plus documented change, reaction, quality, or user-control signal",Neutral,0.24020089999662203,0.4048048194822846,0.35499428052109344
hn_27759446,Hacker News,public_comment,2021-07-07 10:29:44+00:00,2021-07-07,"They all do it, from influences, big advertisers, and cable news networks on social media sites like Facebook, Twitter, YouTube, Instagram, Snap, TikTok, etc all game the recommendation algorithms of each of these platforms. As long as the advertisers are happy paying them, they won't change. Not only these algorithms govern what is seen and unseen on those platforms, it is also a privacy issue and they operate by requiring to track the user's usage information. The small users and 'content creators' lose either way. They work for the recommendation algorithm and it can change at anytime and they end up earning less. Or they get removed from the platform / programme because of their low number of views and that's that, whilst the big players game the system.",YouTube algorithm recommends videos that violate its own policies: study,https://news.ycombinator.com/item?id=27759446,rvz,,,,Instagram algorithm change,Conservative keyword/context screen: recommendation/ranking/feed plus change/platform context.,27758925,https://foundation.mozilla.org/en/blog/mozilla-investigation-youtube-algorithm-recommends-videos-that-violate-the-platforms-very-own-policies/,2026-09-21T19:44:34.808161+00:00,UTC,"They all do it, from influences, big advertisers, and cable news networks on social media sites like Facebook, Twitter, YouTube, Instagram, Snap, TikTok, etc all game the recommendation algorithms of each of these platforms. As long as the advertisers are happy paying them, they won't change. Not only these algorithms govern what is seen and unseen on those platforms, it is also a privacy issue and they operate by requiring to track the user's usage information. The small users and 'content creators' lose either way. They work for the recommendation algorithm and it can change at anytime and they end up earning less. Or they get removed from the platform / programme because of their low number of views and that's that, whilst the big players game the system.","recommendation/feed context plus documented change, reaction, quality, or user-control signal",Negative,0.5323030721368606,0.21664918485141677,0.25104774301172267
hn_27780765,Hacker News,public_comment,2021-07-09 05:41:53+00:00,2021-07-09,"> Happy to chat about instant games anytime, email me at Lars.doucet@gmail.com and in return you can tell me more about what you’re doing in video. I'll absolutely take you up on this! :D Email coming soon! > how do you feel you contrast with say, supercast? I think we are using the trappings of supercast in order to advance the goal of an ""open video platform"". But the core goal is ""open video platform"", not necessarily to follow that exact playbook. > Chicken or the egg problems are tough. What’s your plan for delivering a truckload of one or the other to break the deadlock? (In this case chickens = content creators, and eggs = viewers/subscribers) Two things: - Shrink the eggs required to make an omelette. (forgive me for stretching this metaphor) If you make paid, subscription feeds; you need fewer individual people, and you can use existing platforms (Youtube / Twitch / Tiktok) as a marketing channel for your paid videos on the open platform where you control the business. - Piggyback on the existing channels that podcasts have in place (search rankings, recommendation rings). If the balance is right, it'll work and we'll have an open video platform! And if not, then at least it's been fun to work on. Or maybe to put it another way, if it doesn't work, it will still have been the right thing to have done.",A better business model for video folks,https://news.ycombinator.com/item?id=27780765,flaque,,,,recommendation ranking,Conservative keyword/context screen: recommendation/ranking/feed plus change/platform context.,27777894,https://streambus.com/,2026-09-21T19:44:34.808161+00:00,UTC,"> Happy to chat about instant games anytime, email me at Lars.doucet@gmail.com and in return you can tell me more about what you’re doing in video. I'll absolutely take you up on this! :D Email coming soon! > how do you feel you contrast with say, supercast? I think we are using the trappings of supercast in order to advance the goal of an ""open video platform"". But the core goal is ""open video platform"", not necessarily to follow that exact playbook. > Chicken or the egg problems are tough. What’s your plan for delivering a truckload of one or the other to break the deadlock? (In this case chickens = content creators, and eggs = viewers/subscribers) Two things: - Shrink the eggs required to make an omelette. (forgive me for stretching this metaphor) If you make paid, subscription feeds; you need fewer individual people, and you can use existing platforms (Youtube / Twitch / Tiktok) as a marketing channel for your paid videos on the open platform where you control the business. - Piggyback on the existing channels that podcasts have in place (search rankings, recommendation rings). If the balance is right, it'll work and we'll have an open video platform! And if not, then at least it's been fun to work on. Or maybe to put it another way, if it doesn't work, it will still have been the right thing to have done.","recommendation/feed context plus documented change, reaction, quality, or user-control signal",Neutral,0.2345890629467965,0.5063413612248956,0.2590695758283078
hn_28543011,Hacker News,public_comment,2021-09-15 19:05:42+00:00,2021-09-15,">These companies are always going to want to hold our attention but it's us at the end of the day who decide to give them our attention. These companies are already amplifying content they think will hold our attention, by leaning into people's worst instincts. >In the fall of 2018, Jonah Peretti, chief executive of online publisher BuzzFeed, emailed a top official at Facebook Inc. The most divisive content that publishers produced was going viral on the platform, he said, creating an incentive to produce more of it. Mr. Peretti blamed a major overhaul Facebook had given to its News Feed algorithm earlier that year to boost “meaningful social interactions,” or MSI, between friends and family, according to internal Facebook documents reviewed by The Wall Street Journal that quote the email. https://www.wsj.com/articles/facebook-algorithm-change-zucke...","Facebook knows Instagram is toxic for teen girls, company documents show",https://news.ycombinator.com/item?id=28543011,GeekyBear,,,,Facebook news feed algorithm,Conservative keyword/context screen: recommendation/ranking/feed plus change/platform context.,28523688,https://www.wsj.com/articles/facebook-knows-instagram-is-toxic-for-teen-girls-company-documents-show-11631620739,2026-09-21T19:44:34.808161+00:00,UTC,">These companies are always going to want to hold our attention but it's us at the end of the day who decide to give them our attention. These companies are already amplifying content they think will hold our attention, by leaning into people's worst instincts. >In the fall of 2018, Jonah Peretti, chief executive of online publisher BuzzFeed, emailed a top official at Facebook Inc. The most divisive content that publishers produced was going viral on the platform, he said, creating an incentive to produce more of it. Mr. Peretti blamed a major overhaul Facebook had given to its News Feed algorithm earlier that year to boost “meaningful social interactions,” or MSI, between friends and family, according to internal Facebook documents reviewed by The Wall Street Journal that quote the email. URL","recommendation/feed context plus documented change, reaction, quality, or user-control signal",Neutral,0.3749740539650151,0.4995677448051057,0.12545820122987916
hn_28993249,Hacker News,public_story,2021-10-25 21:17:01+00:00,2021-10-25,Facebook Removed the News Feed Algorithm in a 2018 Experiment,Facebook Removed the News Feed Algorithm in a 2018 Experiment,https://news.ycombinator.com/item?id=28993249,kantrowitz,1.0,0.0,1.0,feed algorithm,Conservative keyword/context screen: recommendation/ranking/feed plus change/platform context.,28993249,,2026-09-21T19:44:34.808161+00:00,UTC,Facebook Removed the News Feed Algorithm in a 2018 Experiment,"recommendation/feed context plus documented change, reaction, quality, or user-control signal",Neutral,0.3088152585531256,0.5700428496634233,0.1211418917834511
hn_29016513,Hacker News,public_story,2021-10-27 17:43:11+00:00,2021-10-27,Facebook removed the news feed algorithm in an experiment,Facebook removed the news feed algorithm in an experiment,https://news.ycombinator.com/item?id=29016513,WookieRushing,156.0,139.0,156.0,feed algorithm,Conservative keyword/context screen: recommendation/ranking/feed plus change/platform context.,29016513,,2026-09-21T19:44:34.808161+00:00,UTC,Facebook removed the news feed algorithm in an experiment,"recommendation/feed context plus documented change, reaction, quality, or user-control signal",Neutral,0.3015063861047471,0.5868745594422347,0.11161905445301817
hn_29395367,Hacker News,public_comment,2021-11-30 18:10:44+00:00,2021-11-30,My father has been saying this for years. I find Google to be useful by using search operators. I know for a fact that the YouTube recommendations algorithm is “worse” than before. It’s infuriating,Ask HN: Has Google search become quantitatively worse?,https://news.ycombinator.com/item?id=29395367,cmaggiulli,,,,YouTube recommendation algorithm,Conservative keyword/context screen: recommendation/ranking/feed plus change/platform context.,29392702,,2026-09-21T19:44:34.808161+00:00,UTC,My father has been saying this for years. I find Google to be useful by using search operators. I know for a fact that the YouTube recommendations algorithm is “worse” than before. It’s infuriating,"recommendation/feed context plus documented change, reaction, quality, or user-control signal",Negative,0.4652696899721815,0.3904283215088261,0.14430198851899242
hn_29456123,Hacker News,public_story,2021-12-06 04:23:34+00:00,2021-12-06,NYT obtains internal TikTok document describing recommendation algorithm,NYT obtains internal TikTok document describing recommendation algorithm,https://news.ycombinator.com/item?id=29456123,perihelions,39.0,10.0,39.0,recommendation algorithm,Conservative keyword/context screen: recommendation/ranking/feed plus change/platform context.,29456123,,2026-09-21T19:44:34.808161+00:00,UTC,NYT obtains internal TikTok document describing recommendation algorithm,direct public story about a platform recommendation algorithm,Negative,0.37449996812687025,0.3687081911384043,0.2567918407347255
hn_29771868,Hacker News,public_comment,2022-01-02 18:30:09+00:00,2022-01-02,"I'd love to see a study with real data on this topic too, but at the the most basic level, with up/down voting you can figure out several metrics: - quality (or rather, agreeableness): up - down; - engagement: up + down; - controversy: min(up, down). First one is the most common (HN, reddit, ...). Second famously is (was?) one of the core metrics for youtube recommendation algorithm, and also something pretty close to the only metric upvote-only forums end up with (twitter); same goes for forums where ""reactions"" are intentionally orthogonal/ambivalent/confusing (facebook). Third feels a bit dangerous for direct use, but might be a good signal to flag for a human moderator to review.",Ask HN: Why can't I downvote? I've been a member for over 10 years,https://news.ycombinator.com/item?id=29771868,nousermane,,,,YouTube recommendation algorithm,Conservative keyword/context screen: recommendation/ranking/feed plus change/platform context.,29768918,,2026-09-21T19:44:34.808161+00:00,UTC,"I'd love to see a study with real data on this topic too, but at the the most basic level, with up/down voting you can figure out several metrics: - quality (or rather, agreeableness): up - down; - engagement: up + down; - controversy: min(up, down). First one is the most common (HN, reddit, ...). Second famously is (was?) one of the core metrics for youtube recommendation algorithm, and also something pretty close to the only metric upvote-only forums end up with (twitter); same goes for forums where ""reactions"" are intentionally orthogonal/ambivalent/confusing (facebook). Third feels a bit dangerous for direct use, but might be a good signal to flag for a human moderator to review.","recommendation/feed context plus documented change, reaction, quality, or user-control signal",Positive,0.19035514132210893,0.19479825830652597,0.6148466003713652
hn_30286878,Hacker News,public_comment,2022-02-10 14:53:25+00:00,2022-02-10,"While often ignored, item-to-item similarity recommenders work really well for new items and have been the basis for Amazon's and YouTube's early recommendation algorithms https://glinden.blogspot.com/2011/02/youtube-uses-amazons-re...",I changed my mind about advertising,https://news.ycombinator.com/item?id=30286878,cf,,,,YouTube recommendation algorithm,Conservative keyword/context screen: recommendation/ranking/feed plus change/platform context.,30270450,https://thesample.ai/blog/advertising/,2026-09-21T19:44:34.808161+00:00,UTC,"While often ignored, item-to-item similarity recommenders work really well for new items and have been the basis for Amazon's and YouTube's early recommendation algorithms URL","recommendation/feed context plus documented change, reaction, quality, or user-control signal",Neutral,0.3431421252022768,0.411114898944636,0.24574297585308721
hn_30379925,Hacker News,public_comment,2022-02-17 23:03:41+00:00,2022-02-17,"Linus point has a slightly different nuance: adblocking is theft. Similarly to how Taylor Swift was against Spotify because (IIRC) people should buy albums. My version was that adblocking damages revenue in very quantifiable ways* and you can work around that. * I am almost sure that YouTube's recommendation algorithm does not counts watched ads as a metric, that is maybe watching ads increases the total watch-time of the video but otherwise an ad-full view is counted the same as a ad-free view. But this belief is not based on anything. If this happened to be wrong then an adblocker could exponentially hurt a channel growth and that might equal quite a few water bottles.",Reddit can't build a better search engine,https://news.ycombinator.com/item?id=30379925,afiori,,,,YouTube recommendation algorithm,Conservative keyword/context screen: recommendation/ranking/feed plus change/platform context.,30369402,https://ruky.me/2022/02/17/reddit-can-build-a-better-search-engine/,2026-09-21T19:44:34.808161+00:00,UTC,"Linus point has a slightly different nuance: adblocking is theft. Similarly to how Taylor Swift was against Spotify because (IIRC) people should buy albums. My version was that adblocking damages revenue in very quantifiable ways* and you can work around that. * I am almost sure that YouTube's recommendation algorithm does not counts watched ads as a metric, that is maybe watching ads increases the total watch-time of the video but otherwise an ad-full view is counted the same as a ad-free view. But this belief is not based on anything. If this happened to be wrong then an adblocker could exponentially hurt a channel growth and that might equal quite a few water bottles.","recommendation/feed context plus documented change, reaction, quality, or user-control signal",Negative,0.7254977331512443,0.21162139329346585,0.06288087355528985
hn_30779882,Hacker News,public_story,2022-03-23 16:03:15+00:00,2022-03-23,Tell HN: GitHub has algorithmic feed now,Tell HN: GitHub has algorithmic feed now,https://news.ycombinator.com/item?id=30779882,ushakov,2.0,3.0,2.0,feed algorithm,Conservative keyword/context screen: recommendation/ranking/feed plus change/platform context.,30779882,,2026-09-21T19:44:34.808161+00:00,UTC,Tell HN: GitHub has algorithmic feed now,"recommendation/feed context plus documented change, reaction, quality, or user-control signal",Negative,0.6132635906942222,0.3060358526386302,0.08070055666714752
hn_30788364,Hacker News,public_story,2022-03-24 11:18:37+00:00,2022-03-24,Complaints mount after GitHub launches new algorithmic feed,Complaints mount after GitHub launches new algorithmic feed,https://news.ycombinator.com/item?id=30788364,croes,172.0,150.0,172.0,feed algorithm,Conservative keyword/context screen: recommendation/ranking/feed plus change/platform context.,30788364,,2026-09-21T19:44:34.808161+00:00,UTC,Complaints mount after GitHub launches new algorithmic feed,"recommendation/feed context plus documented change, reaction, quality, or user-control signal",Neutral,0.3488234911063654,0.3574183779621815,0.29375813093145303
hn_30864775,Hacker News,public_comment,2022-03-31 07:36:33+00:00,2022-03-31,"If you look at the facebook newsfeed algorithm—a technology widely regarded as evil—then it can be considered a form of automated AI-based blocking. While the mechanism to create an echo chamber of only things you agree with is different, it achieves that same end result. I think everyone should have the right to block whomever they want, and utilize whatever tools that make it easy for them to do so. However, just like with a gun, you can easily shoot yourself in the foot with this. Twitter here would be like the gun manufacturer, except instead of guns, they are making user features that make it easy for people to shoot themselves in the foot. If I were the one making the tool, I would feel morally responsible for providing such an evil tool. Because at the end of the day Twitter is like Youtube which is like TikTok which is like Fox News. They show their respective users exactly what they want to see and it increases their bottom line, even if there are negative long term repercussions to society or to the users. My goal would be to carefully design a product that engages people with their peers, even when it's unpleasant, while moderating away true harassment in a separate fashion. While easier said than done, I do not believe the tools designed to remove spam or harassment should be the same tools to silence dissenting voices. My main contention is not that people should not be able to block spammers and harassment, but that such an easy and indiscriminate application of some tool like this has long term negative repercussions for society, as well as one person's mental health and development. Hacker News used to have downvotes for posts. They removed that after some discussions around it here, and I applaud that. I think having a flagging feature to indicate spam and up-vote only is a good implementation. Unpopular ideas at best disappear (to be resubmitted again), but they cannot be actively buried like they used to be. How do you think cults, or regimes like North Korea, work? They block out outside influences.","Block a tweet, its author, and every single person who liked it",https://news.ycombinator.com/item?id=30864775,chrischen,,,,Facebook news feed algorithm,Conservative keyword/context screen: recommendation/ranking/feed plus change/platform context.,30836879,https://megablock.xyz/,2026-09-21T19:44:34.808161+00:00,UTC,"If you look at the facebook newsfeed algorithm—a technology widely regarded as evil—then it can be considered a form of automated AI-based blocking. While the mechanism to create an echo chamber of only things you agree with is different, it achieves that same end result. I think everyone should have the right to block whomever they want, and utilize whatever tools that make it easy for them to do so. However, just like with a gun, you can easily shoot yourself in the foot with this. Twitter here would be like the gun manufacturer, except instead of guns, they are making user features that make it easy for people to shoot themselves in the foot. If I were the one making the tool, I would feel morally responsible for providing such an evil tool. Because at the end of the day Twitter is like Youtube which is like TikTok which is like Fox News. They show their respective users exactly what they want to see and it increases their bottom line, even if there are negative long term repercussions to society or to the users. My goal would be to carefully design a product that engages people with their peers, even when it's unpleasant, while moderating away true harassment in a separate fashion. While easier said than done, I do not believe the tools designed to remove spam or harassment should be the same tools to silence dissenting voices. My main contention is not that people should not be able to block spammers and harassment, but that such an easy and indiscriminate application of some tool like this has long term negative repercussions for society, as well as one person's mental health and development. Hacker News used to have downvotes for posts. They removed that after some discussions around it here, and I applaud that. I think having a flagging feature to indicate spam and up-vote only is a good implementation. Unpopular ideas at best disappear (to be resubmitted again), but they cannot be actively buried like they used to be. How do you think cults, or regimes like North Korea, work? They block out outside influences.","recommendation/feed context plus documented change, reaction, quality, or user-control signal",Negative,0.6491897101307735,0.20538392857725707,0.1454263612919694
hn_31052884,Hacker News,public_comment,2022-04-16 15:07:38+00:00,2022-04-16,"I think this is a great idea, and it shouldn't be limited to Twitter. Youtube recommendation algorithms should be handled similarly, indeed any public-facing system needs to be honest about the kind of spin they're putting on their recommendatiuon algorithms. Even better, allow the users to spin the dials when it comes down to their own particular searches/results. > “One of the things I believe Twitter should do is open source the algorithm and make any changes to people’s tweets — you know, if they’re emphasized or de-emphasized — that action should be made apparent so anyone can see that action’s been taken. So there’s no sort of behind-the-scenes manipulation either algorithmically or manually.” Musk also added later, “The code should be on GitHub so people can look through it.”"" (CNBC interview)",Twitter Should Open Up the Algorithm,https://news.ycombinator.com/item?id=31052884,photochemsyn,,,,Twitter recommendation algorithm,Conservative keyword/context screen: recommendation/ranking/feed plus change/platform context.,31051925,https://every.to/divinations/elon-is-right-twitter-should-open-up-the-algorithm,2026-09-21T19:44:34.808161+00:00,UTC,"I think this is a great idea, and it shouldn't be limited to Twitter. Youtube recommendation algorithms should be handled similarly, indeed any public-facing system needs to be honest about the kind of spin they're putting on their recommendatiuon algorithms. Even better, allow the users to spin the dials when it comes down to their own particular searches/results. > “One of the things I believe Twitter should do is open source the algorithm and make any changes to people’s tweets — you know, if they’re emphasized or de-emphasized — that action should be made apparent so anyone can see that action’s been taken. So there’s no sort of behind-the-scenes manipulation either algorithmically or manually.” Musk also added later, “The code should be on GitHub so people can look through it.”"" (CNBC interview)","recommendation/feed context plus documented change, reaction, quality, or user-control signal",Negative,0.5893650385716084,0.08042578334968954,0.33020917807870215
hn_31053276,Hacker News,public_comment,2022-04-16 15:51:33+00:00,2022-04-16,Right. It’s a bit worrisome that people (even people in this very thread) know nothing about how recommendation and ranking work but think they know everything. “Release the code” is nonsensical.,Twitter Should Open Up the Algorithm,https://news.ycombinator.com/item?id=31053276,cycrutchfield,,,,recommendation ranking,Conservative keyword/context screen: recommendation/ranking/feed plus change/platform context.,31051925,https://every.to/divinations/elon-is-right-twitter-should-open-up-the-algorithm,2026-09-21T19:44:34.808161+00:00,UTC,Right. It’s a bit worrisome that people (even people in this very thread) know nothing about how recommendation and ranking work but think they know everything. “Release the code” is nonsensical.,"recommendation/feed context plus documented change, reaction, quality, or user-control signal",Negative,0.7195926113278102,0.1374794382782695,0.14292795039392028
hn_31154504,Hacker News,public_comment,2022-04-25 13:41:25+00:00,2022-04-25,"I'd argue the most important of the changes Musk has suggested are transparency around the recommendation and ranking algorithms and the datasets used to train them, and increasing the character count of posts up to 512-1024 characters. There's a lot of mystery about how these algorithms are designed, trained and used in practice - and not just at Twitter - and having all that open-sourced would in itself be a huge benefit to the whole world. A whole lot of authoritarian outfits are trying to use these algorithms as a means of social control and popular opinion manipulation - and not just in places like Russia and China - and it's reached the point where understanding how such systems are used is kind of critical to preserving the future of non-authoritarian society. As far as long-form Twitter, at the very least doubling the character count would allow for a lot more nuance in Twitter communication, which is defintely lacking at present. And no, multiple posts in threads don't really work for that purpose because of the way those individual posts are distributed elsewhere, without context.",Twitter set to accept Musk's $43B offer – sources,https://news.ycombinator.com/item?id=31154504,photochemsyn,,,,recommendation ranking,Conservative keyword/context screen: recommendation/ranking/feed plus change/platform context.,31153277,https://www.reuters.com/technology/exclusive-twitter-set-accept-musks-best-final-offer-sources-2022-04-25/,2026-09-21T19:44:34.808161+00:00,UTC,"I'd argue the most important of the changes Musk has suggested are transparency around the recommendation and ranking algorithms and the datasets used to train them, and increasing the character count of posts up to 512-1024 characters. There's a lot of mystery about how these algorithms are designed, trained and used in practice - and not just at Twitter - and having all that open-sourced would in itself be a huge benefit to the whole world. A whole lot of authoritarian outfits are trying to use these algorithms as a means of social control and popular opinion manipulation - and not just in places like Russia and China - and it's reached the point where understanding how such systems are used is kind of critical to preserving the future of non-authoritarian society. As far as long-form Twitter, at the very least doubling the character count would allow for a lot more nuance in Twitter communication, which is defintely lacking at present. And no, multiple posts in threads don't really work for that purpose because of the way those individual posts are distributed elsewhere, without context.","recommendation/feed context plus documented change, reaction, quality, or user-control signal",Negative,0.6472978607179856,0.1458587832621401,0.20684335601987433
hn_31154947,Hacker News,public_comment,2022-04-25 14:05:57+00:00,2022-04-25,"Any machine learning experts out there willing to weigh in on what they expect to see if Musk does open-source the algorithms used in Twitter's individualized recommendation and overall top-ranking systems? What kind of datasets are used to train these machine-learning models? What's their technology stack like anyway? Personally I've always had a low opinion of Twitter and have never used it or even looked at it, except by accident when a tweet gets memed somewhere. More often than not my response to reading some 'tweet' is ""I am now stupider for having read this."" I also loathe the typical recommendation algorithms (Netflix in particular), which assume that you only want to see more the same. Has anyone ever considered that at least some people still like to see things outside their little bubbles, some novel content, something new, creative, interesting? Those algorithms are reinforcing siloing - here, get in this little box, here's what you and your fellow box-mates like, here's some more of that box content, here's what to think and believe... Really, the knobs and dials on these recommendation algorithms need to be directly exposed to the userbase, and the overall ranking algorithm and the datasets used to train it need to be open-sourced.",Twitter set to accept Musk's $43B offer – sources,https://news.ycombinator.com/item?id=31154947,photochemsyn,,,,Twitter recommendation algorithm,Conservative keyword/context screen: recommendation/ranking/feed plus change/platform context.,31153277,https://www.reuters.com/technology/exclusive-twitter-set-accept-musks-best-final-offer-sources-2022-04-25/,2026-09-21T19:44:34.808161+00:00,UTC,"Any machine learning experts out there willing to weigh in on what they expect to see if Musk does open-source the algorithms used in Twitter's individualized recommendation and overall top-ranking systems? What kind of datasets are used to train these machine-learning models? What's their technology stack like anyway? Personally I've always had a low opinion of Twitter and have never used it or even looked at it, except by accident when a tweet gets memed somewhere. More often than not my response to reading some 'tweet' is ""I am now stupider for having read this."" I also loathe the typical recommendation algorithms (Netflix in particular), which assume that you only want to see more the same. Has anyone ever considered that at least some people still like to see things outside their little bubbles, some novel content, something new, creative, interesting? Those algorithms are reinforcing siloing - here, get in this little box, here's what you and your fellow box-mates like, here's some more of that box content, here's what to think and believe... Really, the knobs and dials on these recommendation algorithms need to be directly exposed to the userbase, and the overall ranking algorithm and the datasets used to train it need to be open-sourced.","recommendation/feed context plus documented change, reaction, quality, or user-control signal",Negative,0.5064891715109354,0.24338531530688698,0.25012551318217763
hn_31161278,Hacker News,public_comment,2022-04-25 21:59:48+00:00,2022-04-25,"The point is not to recreate it or explain it, or to have a way to say ""tweet X will get rank Y"" but to open source what there is. It doesn't matter if no single person can explain it, it'll still be open source and readable and the types of inputs will be known. But this doesn't look like a discussion on open source and more about politics at this point. I for one haven't worked at FAANG and think it'll be super interesting to read this code, I can't believe software engineers are complaining about a potentially super complex bleeding edge codebase for timeline recommendations / ranking being open sourced. This is going to be great reading material if it ever gets published!",twitter/the-algorithm,https://news.ycombinator.com/item?id=31161278,vasco,,,,recommendation ranking,Conservative keyword/context screen: recommendation/ranking/feed plus change/platform context.,31160546,https://github.com/twitter/the-algorithm,2026-09-21T19:44:34.808161+00:00,UTC,"The point is not to recreate it or explain it, or to have a way to say ""tweet X will get rank Y"" but to open source what there is. It doesn't matter if no single person can explain it, it'll still be open source and readable and the types of inputs will be known. But this doesn't look like a discussion on open source and more about politics at this point. I for one haven't worked at FAANG and think it'll be super interesting to read this code, I can't believe software engineers are complaining about a potentially super complex bleeding edge codebase for timeline recommendations / ranking being open sourced. This is going to be great reading material if it ever gets published!","recommendation/feed context plus documented change, reaction, quality, or user-control signal",Positive,0.4150678271742011,0.15040131703711368,0.4345308557886852
hn_31318298,Hacker News,public_comment,2022-05-09 19:00:05+00:00,2022-05-09,"Again, it's a big stretch to think your single subscription gives money to each channel you happen to watch videos from. I don't have any illusions/trust that even ad revenue is split to every single channel I see ads on. But more importantly, yeah I absolutely feel that I have to curate the channels I follow to as small as possible and as explicit a set as possible and cannot trust YouTube enough to just broadly browse randomly. I don't trust YouTube's recommendations algorithm at all (and have had many problems with it over the years), disable YouTube's Autoplay ""feature"" in almost every way that I possibly can, and generally try to use other streaming services as much as possible and curated media outside of YouTube to guide my discovery of the few channels that I do watch on YouTube. (The recommendations algorithm adds its own distrust to my relationship with YouTube. It's certainly not as bad as the dark patterns: dark patterns imply an intent to deceive. The recommendations algorithm suffers from the exact opposite: there's no intent there, just a intentless/mindless casino with bad odds and worse incentives.)",Dark pattern: how YouTube makes sure you don’t always “skip ad”,https://news.ycombinator.com/item?id=31318298,WorldMaker,,,,YouTube recommendation algorithm,Conservative keyword/context screen: recommendation/ranking/feed plus change/platform context.,31314120,https://blog.prototypr.io/dark-pattern-how-youtube-makes-sure-you-dont-always-skip-ad-e6ab2117e3b5?gi=b69a2bb0a65b,2026-09-21T19:44:34.808161+00:00,UTC,"Again, it's a big stretch to think your single subscription gives money to each channel you happen to watch videos from. I don't have any illusions/trust that even ad revenue is split to every single channel I see ads on. But more importantly, yeah I absolutely feel that I have to curate the channels I follow to as small as possible and as explicit a set as possible and cannot trust YouTube enough to just broadly browse randomly. I don't trust YouTube's recommendations algorithm at all (and have had many problems with it over the years), disable YouTube's Autoplay ""feature"" in almost every way that I possibly can, and generally try to use other streaming services as much as possible and curated media outside of YouTube to guide my discovery of the few channels that I do watch on YouTube. (The recommendations algorithm adds its own distrust to my relationship with YouTube. It's certainly not as bad as the dark patterns: dark patterns imply an intent to deceive. The recommendations algorithm suffers from the exact opposite: there's no intent there, just a intentless/mindless casino with bad odds and worse incentives.)","recommendation/feed context plus documented change, reaction, quality, or user-control signal",Negative,0.8658352054623265,0.08960219031737922,0.04456260422029418
hn_31346451,Hacker News,public_story,2022-05-11 22:03:10+00:00,2022-05-11,Ask HN: What is happening with YouTube's recommendation algorithm?,Ask HN: What is happening with YouTube's recommendation algorithm?,https://news.ycombinator.com/item?id=31346451,thenaturalist,13.0,13.0,13.0,YouTube recommendation algorithm,Conservative keyword/context screen: recommendation/ranking/feed plus change/platform context.,31346451,,2026-09-21T19:44:34.808161+00:00,UTC,Ask HN: What is happening with YouTube's recommendation algorithm?,direct public story about a platform recommendation algorithm,Positive,0.27073737665315284,0.3168486297141998,0.4124139936326473
hn_31387551,Hacker News,public_comment,2022-05-15 13:50:38+00:00,2022-05-15,"There's many people saying that other platforms cannot be trained or at least they don't notice it. Well, that's the point. For you to not notice. You can see this firsthand by not following/subscribing/etc to anyone on these platforms and seeing the algorithm train and change as you slowly consume content. At a certain point, you will even have your default feed settings changed as if you were following a modest amount of people. Many platforms hide these feed settings by default so that you consume without realizing it. Some notable examples of this are Facebook, Twitter, Instagram, and YouTube. You won't even notice you're being manipulated until you check your settings again. Ever wonder why certain things like stories, shorts, or reels all of a sudden are being shown from people you don't care about? Well, now ya know. The one thing I believe is ""uplifting"" about TikTok is that the power is being shifted to the individual creator rather than the big six media conglomerates. Instead of a couple hundred channels, there's thousands. But the problem with that is there is an infinite amount of content to be entertained with. America is already a big shopping mall with everyone holding out their credit cards. This makes more of these channels advertise even more shit we don't need in our lives with the impression that it's personal or everyday when the creator simply needs to survive and put food on the table too.",I Trained My TikTok,https://news.ycombinator.com/item?id=31387551,thenerdhead,,,,Instagram algorithm change,Conservative keyword/context screen: recommendation/ranking/feed plus change/platform context.,31360955,https://metastable.org/2022/05/how-I-trained-my-tiktok.html,2026-09-21T19:44:34.808161+00:00,UTC,"There's many people saying that other platforms cannot be trained or at least they don't notice it. Well, that's the point. For you to not notice. You can see this firsthand by not following/subscribing/etc to anyone on these platforms and seeing the algorithm train and change as you slowly consume content. At a certain point, you will even have your default feed settings changed as if you were following a modest amount of people. Many platforms hide these feed settings by default so that you consume without realizing it. Some notable examples of this are Facebook, Twitter, Instagram, and YouTube. You won't even notice you're being manipulated until you check your settings again. Ever wonder why certain things like stories, shorts, or reels all of a sudden are being shown from people you don't care about? Well, now ya know. The one thing I believe is ""uplifting"" about TikTok is that the power is being shifted to the individual creator rather than the big six media conglomerates. Instead of a couple hundred channels, there's thousands. But the problem with that is there is an infinite amount of content to be entertained with. America is already a big shopping mall with everyone holding out their credit cards. This makes more of these channels advertise even more shit we don't need in our lives with the impression that it's personal or everyday when the creator simply needs to survive and put food on the table too.","recommendation/feed context plus documented change, reaction, quality, or user-control signal",Negative,0.8392458389843591,0.1105024266395551,0.050251734376085856
hn_31430738,Hacker News,public_story,2022-05-19 04:22:51+00:00,2022-05-19,"Recommendation Algorithms of YouTube, Twitter, Uber, TikTok, Airbnb, Netflix","Recommendation Algorithms of YouTube, Twitter, Uber, TikTok, Airbnb, Netflix",https://news.ycombinator.com/item?id=31430738,ArdelleF,2.0,0.0,2.0,Twitter recommendation algorithm,Conservative keyword/context screen: recommendation/ranking/feed plus change/platform context.,31430738,,2026-09-21T19:44:34.808161+00:00,UTC,"Recommendation Algorithms of YouTube, Twitter, Uber, TikTok, Airbnb, Netflix",direct public story about a platform recommendation algorithm,Positive,0.23614987361239148,0.32013176801362864,0.44371835837397994
hn_31436438,Hacker News,public_comment,2022-05-19 16:05:30+00:00,2022-05-19,"I'm curious to know whether OP has experienced full on addiction to substances, gambling or sex. Because what he's describing does not seem to be any of those things, more about complaints that Youtube's recommendation algorithm is causing him to stay on that platform for hours. I don't know what other ""pleasures' he is alluding to but I could infer here and say OP is male and he is probably referring to internet pornography. All of these things could very well be what you end up doing but its really up to the individual to make the choices and change. You can't really do this reading an article like this nor can you find any solace by identifying others with your problem because it quickly becomes Wounded Club. Instead of growing wiser, you stay wounded, thinking there is something wrong with you and you just end up like OP, watching youtube for hours on end, reading hackernews/reddit comments. If this is something you like to change then you need to take action. Without action all the advice in the world will do you squat. Unfortunately, as of late, its become fashionable and quite profitable to humblebrag about non-issues. Do you really think that if OP's behavior is possible if their life depended on it? I think not. One is too lazy to make a change then who's at fault? You can throw whatever 4 letter medical term and write entire books on it. It won't matter. If it is to be then its up to me.",I'm an addict,https://news.ycombinator.com/item?id=31436438,upupandup,,,,YouTube recommendation algorithm,Conservative keyword/context screen: recommendation/ranking/feed plus change/platform context.,31426683,https://tarunreddy.bearblog.dev/addict/,2026-09-21T19:44:34.808161+00:00,UTC,"I'm curious to know whether OP has experienced full on addiction to substances, gambling or sex. Because what he's describing does not seem to be any of those things, more about complaints that Youtube's recommendation algorithm is causing him to stay on that platform for hours. I don't know what other ""pleasures' he is alluding to but I could infer here and say OP is male and he is probably referring to internet pornography. All of these things could very well be what you end up doing but its really up to the individual to make the choices and change. You can't really do this reading an article like this nor can you find any solace by identifying others with your problem because it quickly becomes Wounded Club. Instead of growing wiser, you stay wounded, thinking there is something wrong with you and you just end up like OP, watching youtube for hours on end, reading hackernews/reddit comments. If this is something you like to change then you need to take action. Without action all the advice in the world will do you squat. Unfortunately, as of late, its become fashionable and quite profitable to humblebrag about non-issues. Do you really think that if OP's behavior is possible if their life depended on it? I think not. One is too lazy to make a change then who's at fault? You can throw whatever 4 letter medical term and write entire books on it. It won't matter. If it is to be then its up to me.","recommendation/feed context plus documented change, reaction, quality, or user-control signal",Negative,0.6704625532877924,0.25221357569548286,0.07732387101672467
hn_31612484,Hacker News,public_comment,2022-06-03 19:17:42+00:00,2022-06-03,i think gp was referencing the hypocrisy in Musk’s demands to open source Twitter’s recommendation algorithm,Tesla’s ‘phantom braking’ problem is getting worse,https://news.ycombinator.com/item?id=31612484,malsanton,,,,Twitter recommendation algorithm,Conservative keyword/context screen: recommendation/ranking/feed plus change/platform context.,31610950,https://www.theverge.com/2022/6/3/23153241/tesla-phantom-braking-nhtsa-complaints-investigation,2026-09-21T19:44:34.808161+00:00,UTC,i think gp was referencing the hypocrisy in Musk’s demands to open source Twitter’s recommendation algorithm,"recommendation/feed context plus documented change, reaction, quality, or user-control signal",Neutral,0.22915883943370194,0.5729862822237201,0.19785487834257812
hn_31948454,Hacker News,public_comment,2022-07-01 16:05:41+00:00,2022-07-01,"> It would be extraordinarily expensive to expect YouTube to have humans moderate everything manually. You could flip this around, however? Why is YouTube promoting videos that no responsible human has reviewed? These videos don't just trip and fall into people's feeds. They're selected by YouTube's recommendation algorithm, presumably targeting maximum engagement. That decision is automated, but it's still an editorial decision -- it's not based on an objective, chosen criterion like ""most recent"" or even ""most viewed."" This isn't how YouTube is currently structured (nor the other social media platforms), but I think it's fair to suggest that if a platform is in the business of picking and choosing winners, it should bear at least a moral responsibility for the content it promotes.","YouTube removes criticism of dangerous fractal wood burning, but leaves up tips",https://news.ycombinator.com/item?id=31948454,Majromax,,,,YouTube recommendation algorithm,Conservative keyword/context screen: recommendation/ranking/feed plus change/platform context.,31945425,https://boingboing.net/2022/07/01/youtube-removes-criticism-of-dangerous-fractal-wood-burning-instructions-but-leaves-up-the-lethal-tips.html,2026-09-21T19:44:34.808161+00:00,UTC,"> It would be extraordinarily expensive to expect YouTube to have humans moderate everything manually. You could flip this around, however? Why is YouTube promoting videos that no responsible human has reviewed? These videos don't just trip and fall into people's feeds. They're selected by YouTube's recommendation algorithm, presumably targeting maximum engagement. That decision is automated, but it's still an editorial decision -- it's not based on an objective, chosen criterion like ""most recent"" or even ""most viewed."" This isn't how YouTube is currently structured (nor the other social media platforms), but I think it's fair to suggest that if a platform is in the business of picking and choosing winners, it should bear at least a moral responsibility for the content it promotes.","recommendation/feed context plus documented change, reaction, quality, or user-control signal",Negative,0.7206911901857167,0.153182994880629,0.12612581493365427
hn_32191773,Hacker News,public_comment,2022-07-22 13:40:51+00:00,2022-07-22,"I am so grateful the FastAI team exists. It wasn't until I discovered their ""Machine Learning for Coders"" course that I really started to grok ML. I was in grad school trying to pivot my career from finance to data science. I didn't come from a computer science / math background and things just weren't clicking for me. I remember feeling angry, embarrassed, dumb, and overall that I wasn't smart enough to learn this stuff -- I was incredibly discouraged and felt that I didn't belong there. I was lucky enough to stumble across one of the course videos on YouTube (thanks recommendation algorithm!), and the rest is history. The amazing thing about these courses is how simple Jeremy (and team) are able to make machine learning. I didn't need to understand python dependency management in order to learn how to train an really good image classifier. Their approach helped me have lots of little wins, gave me confidence, and helped build the motivation to slog through the harder stuff when I needed to. From the bottom of my heart, thank you @jph00. You changed my life immeasurably for the better. I learned that I AM good enough, I AM smart enough, and I CAN do hard things... I just had to find the right way to learn them. Your courses completely changed my perspective on what was possible for me and opened the door to some of my life's greatest passions.",Practical Deep Learning for Coders 2022,https://news.ycombinator.com/item?id=32191773,publicdaniel,,,,YouTube recommendation algorithm,Conservative keyword/context screen: recommendation/ranking/feed plus change/platform context.,32186647,https://www.fast.ai/2022/07/21/dl-coders-22/,2026-09-21T19:44:34.808161+00:00,UTC,"I am so grateful the FastAI team exists. It wasn't until I discovered their ""Machine Learning for Coders"" course that I really started to grok ML. I was in grad school trying to pivot my career from finance to data science. I didn't come from a computer science / math background and things just weren't clicking for me. I remember feeling angry, embarrassed, dumb, and overall that I wasn't smart enough to learn this stuff -- I was incredibly discouraged and felt that I didn't belong there. I was lucky enough to stumble across one of the course videos on YouTube (thanks recommendation algorithm!), and the rest is history. The amazing thing about these courses is how simple Jeremy (and team) are able to make machine learning. I didn't need to understand python dependency management in order to learn how to train an really good image classifier. Their approach helped me have lots of little wins, gave me confidence, and helped build the motivation to slog through the harder stuff when I needed to. From the bottom of my heart, thank you @jph00. You changed my life immeasurably for the better. I learned that I AM good enough, I AM smart enough, and I CAN do hard things... I just had to find the right way to learn them. Your courses completely changed my perspective on what was possible for me and opened the door to some of my life's greatest passions.","recommendation/feed context plus documented change, reaction, quality, or user-control signal",Positive,0.40541118065990517,0.05044431513747081,0.544144504202624
hn_32575879,Hacker News,public_story,2022-08-24 07:14:49+00:00,2022-08-24,Facebook feed algorithm currently broken,Facebook feed algorithm currently broken,https://news.ycombinator.com/item?id=32575879,BoorishBears,1.0,1.0,1.0,feed algorithm,Conservative keyword/context screen: recommendation/ranking/feed plus change/platform context.,32575879,,2026-09-21T19:44:34.808161+00:00,UTC,Facebook feed algorithm currently broken,"recommendation/feed context plus documented change, reaction, quality, or user-control signal",Negative,0.45786384477906733,0.41342522118117125,0.1287109340397614
hn_32746737,Hacker News,public_comment,2022-09-07 05:33:41+00:00,2022-09-07,I'm not defending Algorithms but manual curation doesn't scale. There's hundreds of content-hours uploaded every minute on YouTube. YouTube would need tens of thousands of coolhunters constantly watching video all day constantly updating recommendation lists. If a user's feed was just a simple chronological list it would just constantly scroll all day. No one would have any time to watch videos as they'd just be scrolling through the list of videos. That's not to say YouTube's recommendation algorithms are good or that everything needs to be an algorithmic feed.,"Before YouTube’s algorithm, there were ‘coolhunters’",https://news.ycombinator.com/item?id=32746737,giantrobot,,,,YouTube recommendation algorithm,Conservative keyword/context screen: recommendation/ranking/feed plus change/platform context.,32733789,https://www.theatlantic.com/technology/archive/2022/09/youtube-homepage-editor-google-algorithm-book-excerpt/671339/,2026-09-21T19:44:34.808161+00:00,UTC,I'm not defending Algorithms but manual curation doesn't scale. There's hundreds of content-hours uploaded every minute on YouTube. YouTube would need tens of thousands of coolhunters constantly watching video all day constantly updating recommendation lists. If a user's feed was just a simple chronological list it would just constantly scroll all day. No one would have any time to watch videos as they'd just be scrolling through the list of videos. That's not to say YouTube's recommendation algorithms are good or that everything needs to be an algorithmic feed.,"recommendation/feed context plus documented change, reaction, quality, or user-control signal",Negative,0.7508156463706477,0.11088827380459353,0.13829607982475875
hn_32944160,Hacker News,public_comment,2022-09-22 20:24:22+00:00,2022-09-22,People here recommend like to recommend mCoding. Our alternative YouTube recommendation algorithm can suggest dozens of similar channels to mCoding which also focus on python programming: https://channelgalaxy.com/id%3DUCaiL2GDNpLYH6Wokkk1VNcg/,Ask HN: YouTube channels for being a better Python developer?,https://news.ycombinator.com/item?id=32944160,NCC1701DEngage,,,,YouTube recommendation algorithm,Conservative keyword/context screen: recommendation/ranking/feed plus change/platform context.,32937490,,2026-09-21T19:44:34.808161+00:00,UTC,People here recommend like to recommend mCoding. Our alternative YouTube recommendation algorithm can suggest dozens of similar channels to mCoding which also focus on python programming: URL,"recommendation/feed context plus documented change, reaction, quality, or user-control signal",Neutral,0.24695272395182483,0.42468979317062355,0.3283574828775515
hn_33362797,Hacker News,public_comment,2022-10-27 19:30:44+00:00,2022-10-27,"a) VR is completely aligned with the mission of the company which is to connect people together. b) Meta has always been chasing their competition. It's why they have overhauled their feed algorithm multiple times, acquired Instagram and WhatsApp, implemented Stories etc. c) They are hardly flailing around. Apple has shown them how sensitive and vulnerable their business is to privacy changes. And that if they can own the whole stack and be the Apple of potentially the next computing paradigm then that is a goal worth betting the company on.",Diem – Facebook open source Cryptocurrency written in Rust,https://news.ycombinator.com/item?id=33362797,threeseed,,,,Instagram algorithm change,Conservative keyword/context screen: recommendation/ranking/feed plus change/platform context.,33357926,https://github.com/diem/diem,2026-09-21T19:44:34.808161+00:00,UTC,"a) VR is completely aligned with the mission of the company which is to connect people together. b) Meta has always been chasing their competition. It's why they have overhauled their feed algorithm multiple times, acquired Instagram and WhatsApp, implemented Stories etc. c) They are hardly flailing around. Apple has shown them how sensitive and vulnerable their business is to privacy changes. And that if they can own the whole stack and be the Apple of potentially the next computing paradigm then that is a goal worth betting the company on.","recommendation/feed context plus documented change, reaction, quality, or user-control signal",Negative,0.47728182461688895,0.1519588690656867,0.37075930631742443
hn_33365796,Hacker News,public_story,2022-10-28 00:08:38+00:00,2022-10-28,GitHub completely replaces “following activity” with algorithmic feed,GitHub completely replaces “following activity” with algorithmic feed,https://news.ycombinator.com/item?id=33365796,transitivebs,1.0,2.0,1.0,feed algorithm,Conservative keyword/context screen: recommendation/ranking/feed plus change/platform context.,33365796,,2026-09-21T19:44:34.808161+00:00,UTC,GitHub completely replaces “following activity” with algorithmic feed,"recommendation/feed context plus documented change, reaction, quality, or user-control signal",Neutral,0.2821162441367966,0.5472415590664725,0.1706421967967309
hn_33398330,Hacker News,public_comment,2022-10-30 20:30:52+00:00,2022-10-30,"> Doesn't this prove the value to users of a centralized platform over a federated platform? Not at all. These types of centralized platforms won because they raised capital to grow fast and meet market needs before anything else. Email is still king, but if it were to be designed today, it would have been designed as some proprietary centralized system. Distributed systems are hard. In any case, I don't think federation goes far enough to save us from the problems we're seeing. I want a peer-to-peer social feed / social news app that doesn't depend on federation or servers at all. Takedowns (DeCSS), takeovers (Twitter, FreeNode), shutdowns (Google+, Orkut, Digg, mastodon.technology), censorship (everywhere; should be an individual choice), maintainer-imposed spying (Apple CSAM), and maintainer-imposed changes or limits (Digg, modern Reddit, Twitter API) seem an order of magnitude harder to pull off if we have full control at the protocol and node level. Federation would be nice for anonymity and aggregation of interest graph metadata, but at the core we should just have a swarm of content to sample and consume. It's fine if the content is naturally ephemeral as a consequence. We can use a constellation of opt-in 3rd party distributed (federated) services to provide durability, ranking, recommendation, filtering, etc. where desired. Bittorrent, but for Twitter/Reddit/HN.",Find your Twitter friends on Mastodon,https://news.ycombinator.com/item?id=33398330,echelon,,,,recommendation ranking,Conservative keyword/context screen: recommendation/ranking/feed plus change/platform context.,33397677,https://twitodon.com/,2026-09-21T19:44:34.808161+00:00,UTC,"> Doesn't this prove the value to users of a centralized platform over a federated platform? Not at all. These types of centralized platforms won because they raised capital to grow fast and meet market needs before anything else. Email is still king, but if it were to be designed today, it would have been designed as some proprietary centralized system. Distributed systems are hard. In any case, I don't think federation goes far enough to save us from the problems we're seeing. I want a peer-to-peer social feed / social news app that doesn't depend on federation or servers at all. Takedowns (DeCSS), takeovers (Twitter, FreeNode), shutdowns (Google+, Orkut, Digg, mastodon.technology), censorship (everywhere; should be an individual choice), maintainer-imposed spying (Apple CSAM), and maintainer-imposed changes or limits (Digg, modern Reddit, Twitter API) seem an order of magnitude harder to pull off if we have full control at the protocol and node level. Federation would be nice for anonymity and aggregation of interest graph metadata, but at the core we should just have a swarm of content to sample and consume. It's fine if the content is naturally ephemeral as a consequence. We can use a constellation of opt-in 3rd party distributed (federated) services to provide durability, ranking, recommendation, filtering, etc. where desired. Bittorrent, but for Twitter/Reddit/HN.","recommendation/feed context plus documented change, reaction, quality, or user-control signal",Negative,0.6990835994293301,0.20885863356500053,0.09205776700566946
hn_34301988,Hacker News,public_story,2023-01-08 19:04:37+00:00,2023-01-08,How TikTok Real Time Recommendation algorithm scales to billions?,How TikTok Real Time Recommendation algorithm scales to billions?,https://news.ycombinator.com/item?id=34301988,ludoro,1.0,0.0,1.0,recommendation algorithm,Conservative keyword/context screen: recommendation/ranking/feed plus change/platform context.,34301988,,2026-09-21T19:44:34.808161+00:00,UTC,How TikTok Real Time Recommendation algorithm scales to billions?,direct public story about a platform recommendation algorithm,Neutral,0.33780726918327375,0.40387620728480594,0.2583165235319203
hn_34463025,Hacker News,public_comment,2023-01-21 02:02:31+00:00,2023-01-21,"The funniest I've ever had was an audiobook of Mein Kampf appearing as my top recommendation. I think I've spoke about this here previously, but I do feel YouTube radicalised me in my early 20s. In my case though it was from the left, not the right, and ack then there was no real recommendation algorithm. There was trending videos and subscriptions, but if I remember correctly the only recommended stuff was basically just related content next to videos. Personally I don't know if the current recommendation algorithm is any worse than the subscription feed. I think we humans might actually just be drawn to more extreme or ""pure"" versions of our own beliefs. At least I feel this is true for myself as it's something I have to actively fight all the time. A good example of people being drawn to more extreme versions of their own beliefs is TV news. People who watch CNN don't watch Fox News and people who watch Fox News don't watch CNN. This self-selection of media content serves to amplify political division and radicalise people because most people will only watch and read what they already agree with when they have to pick the content. So I think there's an argument to be made here that while not perfect the YouTube recommendation algorithm might actually be better than the old way of consuming content by personal selection. And I guess the fact you were recommended something you so strongly disagree with that you wrote this post you're kind of proving what I've been thinking. This recommendation clearly didn't serve to radicalise you, but for better or worse it might have helped you understand what people you wouldn't normally interactive with actually think on some subject matter. And sometimes you had the perspective, but I find I often that's not the case. So yeah, while YouTube sometimes recommends me crazy stuff, I no longer have a list of 50 far-left videos waiting for me when I open the site. And while I find what I'm recommended is still biased to my personal preferences, it's less biased then myself.","Dear YouTube AI, I Am Not a Nazi",https://news.ycombinator.com/item?id=34463025,kypro,,,,YouTube recommendation algorithm,Conservative keyword/context screen: recommendation/ranking/feed plus change/platform context.,34452863,,2026-09-21T19:44:34.808161+00:00,UTC,"The funniest I've ever had was an audiobook of Mein Kampf appearing as my top recommendation. I think I've spoke about this here previously, but I do feel YouTube radicalised me in my early 20s. In my case though it was from the left, not the right, and ack then there was no real recommendation algorithm. There was trending videos and subscriptions, but if I remember correctly the only recommended stuff was basically just related content next to videos. Personally I don't know if the current recommendation algorithm is any worse than the subscription feed. I think we humans might actually just be drawn to more extreme or ""pure"" versions of our own beliefs. At least I feel this is true for myself as it's something I have to actively fight all the time. A good example of people being drawn to more extreme versions of their own beliefs is TV news. People who watch CNN don't watch Fox News and people who watch Fox News don't watch CNN. This self-selection of media content serves to amplify political division and radicalise people because most people will only watch and read what they already agree with when they have to pick the content. So I think there's an argument to be made here that while not perfect the YouTube recommendation algorithm might actually be better than the old way of consuming content by personal selection. And I guess the fact you were recommended something you so strongly disagree with that you wrote this post you're kind of proving what I've been thinking. This recommendation clearly didn't serve to radicalise you, but for better or worse it might have helped you understand what people you wouldn't normally interactive with actually think on some subject matter. And sometimes you had the perspective, but I find I often that's not the case. So yeah, while YouTube sometimes recommends me crazy stuff, I no longer have a list of 50 far-left videos waiting for me when I open the site. And while I find what I'm recommended is still biased to my personal preferences, it's less biased then myself.","recommendation/feed context plus documented change, reaction, quality, or user-control signal",Negative,0.7241790329106683,0.11351018576117106,0.16231078132816049
hn_34639255,Hacker News,public_comment,2023-02-03 09:54:01+00:00,2023-02-03,"As a parent, screen time vs no screen time is a fine line that we have to continually renegotiate. Screens can be great, there is so much good information out there that can enrich our lives. I wouldn't go the ""no screens ever"" route because that's just being a luddite, robbing them of the change to experience, and acquire expertise in, the digital world that they will be interacting with for the rest of their lives. However, I am not letting my kid roam the internet, there be dragons. In particular YouTube's recommendation algorithm, even in their YouTube kids app, seems to default to serving up horrible brain melting crap instead of anything pedagogical. I am against kids content that is designed solely to entrance and keep them sitting still, it's the equivalent of digital candy floss. For example, the whole ""surprise egg"" trend, which basically is a video version of the lootbox / Deal Or No Deal, mechanic, is some of the most popular and recommended videos to children on youtube. https://www.youtube.com/results?sp=mAEB&search_query=surpris... All three of the frist vids we were served by YouTube kids were surprise egg videos. Hard uninstall. Curating content and setting limits on screen time is your job as a parent in this era. We cannot outsource this responsibility to companies and AIs because there is simply no way an algorithm find the stuff that is just right for your child.",YouTube has become the world's nanny,https://news.ycombinator.com/item?id=34639255,HlessClaudesman,,,,YouTube recommendation algorithm,Conservative keyword/context screen: recommendation/ranking/feed plus change/platform context.,34598851,https://qz.com/youtube-has-become-the-worlds-nanny-1850047610,2026-09-21T19:44:34.808161+00:00,UTC,"As a parent, screen time vs no screen time is a fine line that we have to continually renegotiate. Screens can be great, there is so much good information out there that can enrich our lives. I wouldn't go the ""no screens ever"" route because that's just being a luddite, robbing them of the change to experience, and acquire expertise in, the digital world that they will be interacting with for the rest of their lives. However, I am not letting my kid roam the internet, there be dragons. In particular YouTube's recommendation algorithm, even in their YouTube kids app, seems to default to serving up horrible brain melting crap instead of anything pedagogical. I am against kids content that is designed solely to entrance and keep them sitting still, it's the equivalent of digital candy floss. For example, the whole ""surprise egg"" trend, which basically is a video version of the lootbox / Deal Or No Deal, mechanic, is some of the most popular and recommended videos to children on youtube. URL All three of the frist vids we were served by YouTube kids were surprise egg videos. Hard uninstall. Curating content and setting limits on screen time is your job as a parent in this era. We cannot outsource this responsibility to companies and AIs because there is simply no way an algorithm find the stuff that is just right for your child.","recommendation/feed context plus documented change, reaction, quality, or user-control signal",Negative,0.451945990730746,0.1671720429949428,0.3808819662743112
hn_34707961,Hacker News,public_comment,2023-02-08 13:50:15+00:00,2023-02-08,"It's the same principle as most of the content on /r/diwhy. A normal DIY video takes more time and effort than something like this, so you can churn out videos in a rate that gets you prioritized by the YouTube recommendation algorithm. In addition to that, these videos have a better chance of becoming viral, as many people share them to make fun of them, especially children and teenagers. I have been mostly successful in training my YouTube algorithm to not show me these videos, but if I'm logged out it seems like they are a lot more popular than ""genuine"" DIY content. It is of course possible to view these as entertainment, and I don't want to criticize the people who do, but it is rather annoying when you have to wade through a lot of crap just to find some more obscure DIY projects that actually have a chance of working.",DIY solar panel out of used CD/DVD,https://news.ycombinator.com/item?id=34707961,fnordian_slip,,,,YouTube recommendation algorithm,Conservative keyword/context screen: recommendation/ranking/feed plus change/platform context.,34706736,https://www.youtube.com/watch?v=kTLvERQMu1k,2026-09-21T19:44:34.808161+00:00,UTC,"It's the same principle as most of the content on /r/diwhy. A normal DIY video takes more time and effort than something like this, so you can churn out videos in a rate that gets you prioritized by the YouTube recommendation algorithm. In addition to that, these videos have a better chance of becoming viral, as many people share them to make fun of them, especially children and teenagers. I have been mostly successful in training my YouTube algorithm to not show me these videos, but if I'm logged out it seems like they are a lot more popular than ""genuine"" DIY content. It is of course possible to view these as entertainment, and I don't want to criticize the people who do, but it is rather annoying when you have to wade through a lot of crap just to find some more obscure DIY projects that actually have a chance of working.","recommendation/feed context plus documented change, reaction, quality, or user-control signal",Negative,0.8654785315546627,0.0507246379569939,0.08379683048834347
hn_34760730,Hacker News,public_story,2023-02-12 07:32:05+00:00,2023-02-12,Twitter recommendation algorithm was using absolute block count,Twitter recommendation algorithm was using absolute block count,https://news.ycombinator.com/item?id=34760730,pr337h4m,7.0,2.0,7.0,Twitter recommendation algorithm,Conservative keyword/context screen: recommendation/ranking/feed plus change/platform context.,34760730,,2026-09-21T19:44:34.808161+00:00,UTC,Twitter recommendation algorithm was using absolute block count,direct public story about a platform recommendation algorithm,Negative,0.38059930789955715,0.2926768462714515,0.3267238458289914
hn_34887356,Hacker News,public_story,2023-02-21 21:08:31+00:00,2023-02-21,Twitter to try to open source recommendation algorithm by last week of Feb 2023,Twitter to try to open source recommendation algorithm by last week of Feb 2023,https://news.ycombinator.com/item?id=34887356,aurelius83,11.0,0.0,11.0,Twitter recommendation algorithm,Conservative keyword/context screen: recommendation/ranking/feed plus change/platform context.,34887356,,2026-09-21T19:44:34.808161+00:00,UTC,Twitter to try to open source recommendation algorithm by last week of Feb 2023,direct public story about a platform recommendation algorithm,Neutral,0.3712720834233076,0.4201669415836192,0.20856097499307305
hn_35203828,Hacker News,public_comment,2023-03-17 22:38:00+00:00,2023-03-17,"I don't think he is doing it strictly because the remaining team can't handle the development. He talked about open sourcing the recommendation algorithm before he even bought Twitter. Back in November 2022 he said: >One of the things that I believe Twitter should do is open-source the algorithm. >Any changes to people's tweets -- if they're emphasized or de-emphasized -- that action should be made apparent ... so there's there's no sort of behind-the-scenes manipulation, either algorithmically or manually.",Twitter will open source all code used to recommend tweets on March 31st,https://news.ycombinator.com/item?id=35203828,_-david-_,,,,Twitter recommendation algorithm,Conservative keyword/context screen: recommendation/ranking/feed plus change/platform context.,35203479,https://twitter.com/elonmusk/status/1636838845894279168,2026-09-21T19:44:34.808161+00:00,UTC,"I don't think he is doing it strictly because the remaining team can't handle the development. He talked about open sourcing the recommendation algorithm before he even bought Twitter. Back in November 2022 he said: >One of the things that I believe Twitter should do is open-source the algorithm. >Any changes to people's tweets -- if they're emphasized or de-emphasized -- that action should be made apparent ... so there's there's no sort of behind-the-scenes manipulation, either algorithmically or manually.","recommendation/feed context plus documented change, reaction, quality, or user-control signal",Neutral,0.34098402407055295,0.4942216370350753,0.16479433889437162
hn_35322537,Hacker News,public_comment,2023-03-27 03:27:19+00:00,2023-03-27,"> I’m not worried about any of that. If healthcare can be more widespread, effective, and affordable that’s a great thing. And if someone wants to beam stuff into their mind that’s not radically different from watching a movie. I mean this in the most respectful way possible, this is missing the forest for the trees. On their own none of these things looks bad. Putting them together, given what we already know about human psychology and how much it's been manipulated with technology, it's scary. Look at all the ""fake news"" commentary around certain American elections. Regardless of your political position, the scale at which that sort of thing was happening should give anyone pause. These tools in their current form already allow for that sort of manipulation on a scale we've never dealt with before. What happens when these tools are 10x or 100x better? What happens to the generation of kids and teens being raised to think all of this is completely fine, without any of the privacy / ethics / etc. concerns? What happens to their kids? I know this sounds like ""but think of the children!!1"" but we've already seen what happens to young kids with things like YouTube: https://www.cnbc.com/2018/02/13/youtube-is-causing-stress-an... (2018) > Mental health experts warn that fear-inducing videos affect brain development in young children. https://www.vox.com/recode/22412232/youtube-kids-autoplay (2021) > But child safety advocates and some members of Congress say there’s a problem with the app and corresponding website: an autoplay feature that keeps one video coming after another with no pause or interruption. When one video ends, another video selected by YouTube Kids’ recommendations algorithm automatically plays. Right now, autoplay is on by default, and there is no way to turn off autoplay, so YouTube Kids will continue to feed children algorithmically curated videos that run indefinitely unless someone happens to show up and intervene. Especially with that second case, a small-enough child won't know that it's bad for them. And as parents resort to these apps more and more, as the tools for generating content at absurd scale get more and more accessible, it starts to not look good. You can argue parental responsibility, but American society -- where a lot of this stuff takes root first -- is built around not making that easy, since so many households have both parents working, sometimes multiple jobs.","When programming is gone, will we like what’s left?",https://news.ycombinator.com/item?id=35322537,notamy,,,,YouTube recommendation algorithm,Conservative keyword/context screen: recommendation/ranking/feed plus change/platform context.,35313578,https://newsletter.goodtechthings.com/p/when-programming-is-gone-will-we,2026-09-21T19:44:34.808161+00:00,UTC,"> I’m not worried about any of that. If healthcare can be more widespread, effective, and affordable that’s a great thing. And if someone wants to beam stuff into their mind that’s not radically different from watching a movie. I mean this in the most respectful way possible, this is missing the forest for the trees. On their own none of these things looks bad. Putting them together, given what we already know about human psychology and how much it's been manipulated with technology, it's scary. Look at all the ""fake news"" commentary around certain American elections. Regardless of your political position, the scale at which that sort of thing was happening should give anyone pause. These tools in their current form already allow for that sort of manipulation on a scale we've never dealt with before. What happens when these tools are 10x or 100x better? What happens to the generation of kids and teens being raised to think all of this is completely fine, without any of the privacy / ethics / etc. concerns? What happens to their kids? I know this sounds like ""but think of the children!!1"" but we've already seen what happens to young kids with things like YouTube: URL (2018) > Mental health experts warn that fear-inducing videos affect brain development in young children. URL (2021) > But child safety advocates and some members of Congress say there’s a problem with the app and corresponding website: an autoplay feature that keeps one video coming after another with no pause or interruption. When one video ends, another video selected by YouTube Kids’ recommendations algorithm automatically plays. Right now, autoplay is on by default, and there is no way to turn off autoplay, so YouTube Kids will continue to feed children algorithmically curated videos that run indefinitely unless someone happens to show up and intervene. Especially with that second case, a small-enough child won't know that it's bad for them. And as parents resort to these apps more and more, as the tools for generating content at absurd scale get more and more accessible, it starts to not look good. You can argue parental responsibility, but American society -- where a lot of this stuff takes root first -- is built around not making that easy, since so many households have both parents working, sometimes multiple jobs.","recommendation/feed context plus documented change, reaction, quality, or user-control signal",Negative,0.7654854173199381,0.09422427638831324,0.14029030629174868
hn_35370912,Hacker News,public_comment,2023-03-30 11:15:31+00:00,2023-03-30,"Buying twitter was never about profiting - at least not the profiting from the company balance sheet. The profit can come elsewhere, by the influence gained from owning and controlling the twitter firehose and recommendation algorithms. In a way, this is Elon buying a newspaper like rich people always did to influence politics, except that he is buying a modern version of a newspaper. Musk bought twitter because it is and was an integral part in social media campaigns for the last few elections. Targeted ads on twitter can reach journalists and politicians, their timelines ""for you"" controlled by Elon's and they might not even understand that they are being nudged by the content shown in the app. Heck, just by unbanning Trump and allowing MFA Russia on the app, he is moving the Overton window a bit. The proof is in the pudding as they say. How many million people now see Elon Musks personal twitter posts, that did not see them before he bought twitter?",The Twitter API is now effectively unmaintained,https://news.ycombinator.com/item?id=35370912,draugadrotten,,,,Twitter recommendation algorithm,Conservative keyword/context screen: recommendation/ranking/feed plus change/platform context.,35370152,https://snarfed.org/the-twitter-api-is-now-effectively-unmaintained,2026-09-21T19:44:34.808161+00:00,UTC,"Buying twitter was never about profiting - at least not the profiting from the company balance sheet. The profit can come elsewhere, by the influence gained from owning and controlling the twitter firehose and recommendation algorithms. In a way, this is Elon buying a newspaper like rich people always did to influence politics, except that he is buying a modern version of a newspaper. Musk bought twitter because it is and was an integral part in social media campaigns for the last few elections. Targeted ads on twitter can reach journalists and politicians, their timelines ""for you"" controlled by Elon's and they might not even understand that they are being nudged by the content shown in the app. Heck, just by unbanning Trump and allowing MFA Russia on the app, he is moving the Overton window a bit. The proof is in the pudding as they say. How many million people now see Elon Musks personal twitter posts, that did not see them before he bought twitter?","recommendation/feed context plus documented change, reaction, quality, or user-control signal",Negative,0.6665971451328088,0.17847231291252139,0.15493054195466976
hn_35391433,Hacker News,public_story,2023-03-31 18:42:16+00:00,2023-03-31,Twitter's Recommendation Algorithm,Twitter's Recommendation Algorithm,https://news.ycombinator.com/item?id=35391433,jonknee,1700.0,1185.0,1700.0,Twitter recommendation algorithm,Conservative keyword/context screen: recommendation/ranking/feed plus change/platform context.,35391433,,2026-09-21T19:44:34.808161+00:00,UTC,Twitter's Recommendation Algorithm,direct public story about a platform recommendation algorithm,Negative,0.4327322459237128,0.36520801127963376,0.20205974279665342
hn_35392953,Hacker News,public_comment,2023-03-31 20:16:03+00:00,2023-03-31,"Care to comment on this? [0] Surely Twitter hasn't open sourced and released the recommendation algorithm as you predicted right? Or perhaps when a prediction didn't go according to plan, let us complain about another thing... [0] https://news.ycombinator.com/item?id=35213705",Twitter's Recommendation Algorithm,https://news.ycombinator.com/item?id=35392953,rvz,,,,Twitter recommendation algorithm,Conservative keyword/context screen: recommendation/ranking/feed plus change/platform context.,35391433,https://blog.twitter.com/engineering/en_us/topics/open-source/2023/twitter-recommendation-algorithm,2026-09-21T19:44:34.808161+00:00,UTC,"Care to comment on this? [0] Surely Twitter hasn't open sourced and released the recommendation algorithm as you predicted right? Or perhaps when a prediction didn't go according to plan, let us complain about another thing... [0] URL","recommendation/feed context plus documented change, reaction, quality, or user-control signal",Neutral,0.33453788097475745,0.46006996769746444,0.2053921513277781
hn_35394275,Hacker News,public_story,2023-03-31 22:02:37+00:00,2023-03-31,"Twitter reveals some of its source code, including its recommendation algorithm","Twitter reveals some of its source code, including its recommendation algorithm",https://news.ycombinator.com/item?id=35394275,rntn,4.0,0.0,4.0,Twitter recommendation algorithm,Conservative keyword/context screen: recommendation/ranking/feed plus change/platform context.,35394275,,2026-09-21T19:44:34.808161+00:00,UTC,"Twitter reveals some of its source code, including its recommendation algorithm",direct public story about a platform recommendation algorithm,Neutral,0.26446669326699246,0.42202964106968893,0.31350366566331866
hn_35404983,Hacker News,public_comment,2023-04-01 22:51:40+00:00,2023-04-01,What changes do you want to see reflected in Twitter's recommendation algorithm?,[dead],https://news.ycombinator.com/item?id=35404983,alexchaomander,,,,Twitter recommendation algorithm,Conservative keyword/context screen: recommendation/ranking/feed plus change/platform context.,35404982,,2026-09-21T19:44:34.808161+00:00,UTC,What changes do you want to see reflected in Twitter's recommendation algorithm?,"recommendation/feed context plus documented change, reaction, quality, or user-control signal",Neutral,0.09973621772336379,0.6741919001722415,0.22607188210439466
hn_35754436,Hacker News,public_comment,2023-04-29 16:31:00+00:00,2023-04-29,"> Can you delineate how these things happen besides saying ""alignment problem""? The alignment problem is not even relevant here. Imagine four possible hypothetical AI: Alex, Brett, Charlie, and Devon. Alex is a fully-aligned ASI. Brett is a not-at-all-aligned ASI. Charlie is a fully-aligned narrow intelligence. Devon is a not-at-all-aligned narrow intelligence. What do these look like in practice? Many options given how vague these descriptions are, but by way of example, here are some stories: Alex knows what humans wants, shares these values, and seeks to maximise them. Do you want to be fit, or do you want to stuff yourself with cake? Whichever is your truth, Alex knows what you really want, and Alex also knows how to nudge you in the right ways to be your best self. The Minds in Iain M Banks' Culture would be this. -- Brett knows exactly what you want, but doesn't care . Like, not at all. Everything that humanity wants is as irrelevant to Brett as the preferences of lions and tigers and bears are to humans. Or possibly ants or potatoes depending on how strong you want to make this example ASI. Point is though, whatever its preferences are, they're smart enough to get it done. An example of Brett is the player-character in Universal Paperclips or the 2008 Flash game Pandemic 2 . Or the Allied Mastercomputer in I Have No Mouth, and I Must Scream . -- Charlie controls all the NPCs in a video game. All the NPCs it controls remain perfectly in-character at all times, and cannot be manipulated into, say, telling the player how to make napalm even if the player insists it's vital to defeat the Demon Lord Simulacrum at the end of the game. People are trying to do this with ChatGPT, but we don't know how to actually prevent jailbreaking yet, and that counts as one kind of alignment failure. I can't think of a fictional example of this, as, e.g. the computer in Star Trek regularly makes this kind of mistake too. -- Devon does one thing, does it very well, and that thing isn't necessarily to your advantage. Never mind fiction, it's the default in general. Facebook/Twitter/YouTube recommendations; the Google search algorithm; automated A/B (or more general multi-armed bandit) testing that optimises user retention or spending but by definition can't even tell if the user is actually happy or not. -- Of these four, the Alex scenario means you only work if that's your best self, so it doesn't matter what jobs the AI can do; in the Brett scenario it also doesn't matter what work it can do because the AI is off doing its own thing rather than working for you, and if ""its own thing"" happens to involve you, you're unlikely to enjoy it; conversely, in the Charlie and Devon scenarios, your work prospects are entirely driven by your ability to take new kinds of labour faster than AI developers can create automations for existing roles. But these are just made-up scenarios to illustrate why the alignment problem is independent of the potential impact on the labour markets; don't read too much into them beyond that.",AGI Is Not Chess Bots – They Will Replace Your Jobs,https://news.ycombinator.com/item?id=35754436,ben_w,,,,Twitter recommendation algorithm,Conservative keyword/context screen: recommendation/ranking/feed plus change/platform context.,35748945,https://coolainewsletter.substack.com/p/agi-is-not-chess-bots-they-will-replace,2026-09-21T19:44:34.808161+00:00,UTC,"> Can you delineate how these things happen besides saying ""alignment problem""? The alignment problem is not even relevant here. Imagine four possible hypothetical AI: Alex, Brett, Charlie, and Devon. Alex is a fully-aligned ASI. Brett is a not-at-all-aligned ASI. Charlie is a fully-aligned narrow intelligence. Devon is a not-at-all-aligned narrow intelligence. What do these look like in practice? Many options given how vague these descriptions are, but by way of example, here are some stories: Alex knows what humans wants, shares these values, and seeks to maximise them. Do you want to be fit, or do you want to stuff yourself with cake? Whichever is your truth, Alex knows what you really want, and Alex also knows how to nudge you in the right ways to be your best self. The Minds in Iain M Banks' Culture would be this. -- Brett knows exactly what you want, but doesn't care . Like, not at all. Everything that humanity wants is as irrelevant to Brett as the preferences of lions and tigers and bears are to humans. Or possibly ants or potatoes depending on how strong you want to make this example ASI. Point is though, whatever its preferences are, they're smart enough to get it done. An example of Brett is the player-character in Universal Paperclips or the 2008 Flash game Pandemic 2 . Or the Allied Mastercomputer in I Have No Mouth, and I Must Scream . -- Charlie controls all the NPCs in a video game. All the NPCs it controls remain perfectly in-character at all times, and cannot be manipulated into, say, telling the player how to make napalm even if the player insists it's vital to defeat the Demon Lord Simulacrum at the end of the game. People are trying to do this with ChatGPT, but we don't know how to actually prevent jailbreaking yet, and that counts as one kind of alignment failure. I can't think of a fictional example of this, as, e.g. the computer in Star Trek regularly makes this kind of mistake too. -- Devon does one thing, does it very well, and that thing isn't necessarily to your advantage. Never mind fiction, it's the default in general. Facebook/Twitter/YouTube recommendations; the Google search algorithm; automated A/B (or more general multi-armed bandit) testing that optimises user retention or spending but by definition can't even tell if the user is actually happy or not. -- Of these four, the Alex scenario means you only work if that's your best self, so it doesn't matter what jobs the AI can do; in the Brett scenario it also doesn't matter what work it can do because the AI is off doing its own thing rather than working for you, and if ""its own thing"" happens to involve you, you're unlikely to enjoy it; conversely, in the Charlie and Devon scenarios, your work prospects are entirely driven by your ability to take new kinds of labour faster than AI developers can create automations for existing roles. But these are just made-up scenarios to illustrate why the alignment problem is independent of the potential impact on the labour markets; don't read too much into them beyond that.","recommendation/feed context plus documented change, reaction, quality, or user-control signal",Negative,0.8625881182588858,0.05354255448801125,0.0838693272531028
hn_35779010,Hacker News,public_comment,2023-05-01 20:55:47+00:00,2023-05-01,"Then again, if I ask for a ranking by average user rating, or alphabetically, then I (the viewer) are setting the criteria. If YouTube's algorithm is deciding what to show me, then I (as the user) am asking for YouTube's opinion. So I think that there is a coherent argument that YouTube 's recommendation algorithm is expressing an opinion, and is therefore YouTube 's content. Would it have 1st amendment protection though?",Up next: a lawsuit threatening your YouTube watch queue,https://news.ycombinator.com/item?id=35779010,steve_gh,,,,YouTube recommendation algorithm,Conservative keyword/context screen: recommendation/ranking/feed plus change/platform context.,35774311,https://www.mux.com/blog/up-next-the-lawsuit-threatening-your-youtube-watch-queue,2026-09-21T19:44:34.808161+00:00,UTC,"Then again, if I ask for a ranking by average user rating, or alphabetically, then I (the viewer) are setting the criteria. If YouTube's algorithm is deciding what to show me, then I (as the user) am asking for YouTube's opinion. So I think that there is a coherent argument that YouTube 's recommendation algorithm is expressing an opinion, and is therefore YouTube 's content. Would it have 1st amendment protection though?","recommendation/feed context plus documented change, reaction, quality, or user-control signal",Negative,0.4008856874659367,0.33434116813992415,0.26477314439413907
hn_35779192,Hacker News,public_comment,2023-05-01 21:08:36+00:00,2023-05-01,">If YouTube's algorithm is deciding what to show me, then I (as the user) am asking for YouTube's opinion. So I think that there is a coherent argument that YouTube's recommendation algorithm is expressing an opinion, and is therefore YouTube's content. To me it seems like a platform could easily skirt this by having users opt in to recommendations (and maybe even choose a sorting criteria option) at signup. >Would it have 1st amendment protection though? The 1st amendment only protects against government censorship, not private lawsuits for existing causes of action (e.g., defamation). It would be individuals (like the Gonzalez family) suing YT in a world where the recommendations were deemed to be YT's own content.",Up next: a lawsuit threatening your YouTube watch queue,https://news.ycombinator.com/item?id=35779192,flyingv,,,,YouTube recommendation algorithm,Conservative keyword/context screen: recommendation/ranking/feed plus change/platform context.,35774311,https://www.mux.com/blog/up-next-the-lawsuit-threatening-your-youtube-watch-queue,2026-09-21T19:44:34.808161+00:00,UTC,">If YouTube's algorithm is deciding what to show me, then I (as the user) am asking for YouTube's opinion. So I think that there is a coherent argument that YouTube's recommendation algorithm is expressing an opinion, and is therefore YouTube's content. To me it seems like a platform could easily skirt this by having users opt in to recommendations (and maybe even choose a sorting criteria option) at signup. >Would it have 1st amendment protection though? The 1st amendment only protects against government censorship, not private lawsuits for existing causes of action (e.g., defamation). It would be individuals (like the Gonzalez family) suing YT in a world where the recommendations were deemed to be YT's own content.","recommendation/feed context plus documented change, reaction, quality, or user-control signal",Negative,0.7064663561860591,0.1612866027664302,0.13224704104751053
hn_35779613,Hacker News,public_comment,2023-05-01 21:43:19+00:00,2023-05-01,"> > If YouTube's algorithm is deciding what to show me, then I (as the user) am asking for YouTube's opinion. So I think that there is a coherent argument that YouTube's recommendation algorithm is expressing an opinion, and is therefore YouTube's content. > To me it seems like a platform could easily skirt this by having users opt in to recommendations (and maybe even choose a sorting criteria option) at signup. How does opting in make any difference, for this particular point?",Up next: a lawsuit threatening your YouTube watch queue,https://news.ycombinator.com/item?id=35779613,yamtaddle,,,,YouTube recommendation algorithm,Conservative keyword/context screen: recommendation/ranking/feed plus change/platform context.,35774311,https://www.mux.com/blog/up-next-the-lawsuit-threatening-your-youtube-watch-queue,2026-09-21T19:44:34.808161+00:00,UTC,"> > If YouTube's algorithm is deciding what to show me, then I (as the user) am asking for YouTube's opinion. So I think that there is a coherent argument that YouTube's recommendation algorithm is expressing an opinion, and is therefore YouTube's content. > To me it seems like a platform could easily skirt this by having users opt in to recommendations (and maybe even choose a sorting criteria option) at signup. How does opting in make any difference, for this particular point?","recommendation/feed context plus documented change, reaction, quality, or user-control signal",Negative,0.5054774115377236,0.2633618114024901,0.2311607770597862
hn_35815797,Hacker News,public_comment,2023-05-04 14:21:41+00:00,2023-05-04,Twitter's recommendation algorithm has long since been completely open sourced. It's available right here: https://github.com/twitter/the-algorithm,State-controlled media gain Twitter followers after quiet platform policy change,https://news.ycombinator.com/item?id=35815797,somenameforme,,,,Twitter recommendation algorithm,Conservative keyword/context screen: recommendation/ranking/feed plus change/platform context.,35814537,https://dfrlab.org/2023/04/21/state-controlled-media-experience-sudden-twitter-gains-after-unannounced-platform-policy-change/,2026-09-21T19:44:34.808161+00:00,UTC,Twitter's recommendation algorithm has long since been completely open sourced. It's available right here: URL,"recommendation/feed context plus documented change, reaction, quality, or user-control signal",Neutral,0.2679655098098466,0.5636899184760317,0.16834457171412165
hn_35898934,Hacker News,public_comment,2023-05-11 07:27:30+00:00,2023-05-11,"I don’t understand. You would pay for YouTube premium if youtube had less features? I don’t use shorts and for a long time I didn’t use YouTube music either (despite paying for premium). I now use it because it’s rather good. And YouTube’s recommendation algorithm is crazy good, but you have to tune it. It’s a tool. You tune it by not watching shitty videos you don’t like; if you do, remove them from your history afterwards and hit thumbs down on them. Subscribe to channels you like and thumbs up videos you really like. All these things are strong signals and the recommendation algorithm will vastly improve if you do this. I mean it when I say it’s the absolute most useful tool there is in terms of discovery on the web. But yes their search sucks more ass than a donkey vacuum.",YouTube tests blocking videos unless you disable ad blockers,https://news.ycombinator.com/item?id=35898934,scrollaway,,,,YouTube recommendation algorithm,Conservative keyword/context screen: recommendation/ranking/feed plus change/platform context.,35892512,https://www.bleepingcomputer.com/news/technology/youtube-tests-blocking-videos-unless-you-disable-ad-blockers/,2026-09-21T19:44:34.808161+00:00,UTC,"I don’t understand. You would pay for YouTube premium if youtube had less features? I don’t use shorts and for a long time I didn’t use YouTube music either (despite paying for premium). I now use it because it’s rather good. And YouTube’s recommendation algorithm is crazy good, but you have to tune it. It’s a tool. You tune it by not watching shitty videos you don’t like; if you do, remove them from your history afterwards and hit thumbs down on them. Subscribe to channels you like and thumbs up videos you really like. All these things are strong signals and the recommendation algorithm will vastly improve if you do this. I mean it when I say it’s the absolute most useful tool there is in terms of discovery on the web. But yes their search sucks more ass than a donkey vacuum.","recommendation/feed context plus documented change, reaction, quality, or user-control signal",Negative,0.6418302786247075,0.03894185329491569,0.3192278680803767
hn_36043586,Hacker News,public_story,2023-05-23 12:58:11+00:00,2023-05-23,TikTok to give Oracle full access to code and recommendation algorithm soon,TikTok to give Oracle full access to code and recommendation algorithm soon,https://news.ycombinator.com/item?id=36043586,taubek,1.0,0.0,1.0,recommendation algorithm,Conservative keyword/context screen: recommendation/ranking/feed plus change/platform context.,36043586,,2026-09-21T19:44:34.808161+00:00,UTC,TikTok to give Oracle full access to code and recommendation algorithm soon,direct public story about a platform recommendation algorithm,Neutral,0.30689859348076065,0.526675645848766,0.1664257606704732
hn_36071840,Hacker News,public_comment,2023-05-25 15:18:09+00:00,2023-05-25,"The key question I think is ""how do you create a recommender system that serves the user's interests instead of just the business's interests?"" And how do you help the user have confidence that the system is serving their interests? I think competition is a big part of that. You want options for different reading apps, so if e.g. the one you're using keeps pelting you with culture war content/low-value viral content/etc, you can switch to a different app that gives you better recommendations. And then that creates a market opening for apps that really do put the user's interests first. (After all, we can design algorithms to optimize for just about anything--the question is what the business incentives push us to optimize for.) RSS makes competition a lot more feasible: since Yakread doesn't host any of the content it recommends, anyone else is free to make a reading app that has just as much access to content as Yakread does. Even if Yakread really took off, it would never have the same amount of lock-in/internal network effects as e.g. Twitter. My ""grand vision"" is for Yakread to become a medium-sized business, and for plenty of other companies to develop ""mainstream RSS readers"" as well. That being said, even though I am similarly concerned about this issue, I don't think it'll be a concern for most users. Mostly Yakread is an attempt to make an RSS reader that can get mainstream adoption beyond the HN demographic, so most people in the target audience probably don't have strong opinions about algorithmic recommendations anyway. Hence you don't actually even need to know what RSS is to use Yakread. Although I've focused on RSS and the recommendation/ranking algorithm in this Show HN, usually I just describe Yakread as an app that helps you spend more time reading long-form content. I think that's the best way to promote interoperability anyway: build stuff that has the right foundations, but focus on the immediate user benefits in your marketing.",Show HN: Yakread – An RSS reader powered by machine learning,https://news.ycombinator.com/item?id=36071840,jacobobryant,,,,recommendation ranking,Conservative keyword/context screen: recommendation/ranking/feed plus change/platform context.,36061427,https://yakread.com/,2026-09-21T19:44:34.808161+00:00,UTC,"The key question I think is ""how do you create a recommender system that serves the user's interests instead of just the business's interests?"" And how do you help the user have confidence that the system is serving their interests? I think competition is a big part of that. You want options for different reading apps, so if e.g. the one you're using keeps pelting you with culture war content/low-value viral content/etc, you can switch to a different app that gives you better recommendations. And then that creates a market opening for apps that really do put the user's interests first. (After all, we can design algorithms to optimize for just about anything--the question is what the business incentives push us to optimize for.) RSS makes competition a lot more feasible: since Yakread doesn't host any of the content it recommends, anyone else is free to make a reading app that has just as much access to content as Yakread does. Even if Yakread really took off, it would never have the same amount of lock-in/internal network effects as e.g. Twitter. My ""grand vision"" is for Yakread to become a medium-sized business, and for plenty of other companies to develop ""mainstream RSS readers"" as well. That being said, even though I am similarly concerned about this issue, I don't think it'll be a concern for most users. Mostly Yakread is an attempt to make an RSS reader that can get mainstream adoption beyond the HN demographic, so most people in the target audience probably don't have strong opinions about algorithmic recommendations anyway. Hence you don't actually even need to know what RSS is to use Yakread. Although I've focused on RSS and the recommendation/ranking algorithm in this Show HN, usually I just describe Yakread as an app that helps you spend more time reading long-form content. I think that's the best way to promote interoperability anyway: build stuff that has the right foundations, but focus on the immediate user benefits in your marketing.","recommendation/feed context plus documented change, reaction, quality, or user-control signal",Neutral,0.3177455295490688,0.5294430692952685,0.15281140115566275
hn_36107210,Hacker News,public_comment,2023-05-28 19:59:06+00:00,2023-05-28,"What? Suddenly we are in a ficitious world where there are droves of trolls disliking videos, and somehow they are sentient as to YouTube's recommendation algorithm, and they desperately want the video to disappear from everyone's recommendations, so these trolls come up with new and inventive ways of DISLIKING videos? I don't think I've ever read more made-up scenarios than on this website.","YouTube removed dislike counts, so this guy made Rotten Tomatoes for YouTube",https://news.ycombinator.com/item?id=36107210,s3p,,,,YouTube recommendation algorithm,Conservative keyword/context screen: recommendation/ranking/feed plus change/platform context.,36105629,https://bgr.com/tech/youtube-removed-dislike-counts-so-this-guy-made-rotten-tomatoes-for-youtube-videos/,2026-09-21T19:44:34.808161+00:00,UTC,"What? Suddenly we are in a ficitious world where there are droves of trolls disliking videos, and somehow they are sentient as to YouTube's recommendation algorithm, and they desperately want the video to disappear from everyone's recommendations, so these trolls come up with new and inventive ways of DISLIKING videos? I don't think I've ever read more made-up scenarios than on this website.","recommendation/feed context plus documented change, reaction, quality, or user-control signal",Positive,0.4026872481536696,0.185920823504034,0.4113919283422963
hn_36691579,Hacker News,public_story,2023-07-12 07:53:22+00:00,2023-07-12,Tumblr open source feed algorithms,Tumblr open source feed algorithms,https://news.ycombinator.com/item?id=36691579,erlend_sh,4.0,1.0,4.0,feed algorithm,Conservative keyword/context screen: recommendation/ranking/feed plus change/platform context.,36691579,,2026-09-21T19:44:34.808161+00:00,UTC,Tumblr open source feed algorithms,"recommendation/feed context plus documented change, reaction, quality, or user-control signal",Neutral,0.29223253416853134,0.48003733445477226,0.22773013137669637
hn_36911322,Hacker News,public_story,2023-07-28 18:42:51+00:00,2023-07-28,"As Threads soars, Twitter rival Bluesky adopts a personalized, algorithmic feed","As Threads soars, Twitter rival Bluesky adopts a personalized, algorithmic feed",https://news.ycombinator.com/item?id=36911322,skoomer235,4.0,3.0,4.0,feed algorithm,Conservative keyword/context screen: recommendation/ranking/feed plus change/platform context.,36911322,,2026-09-21T19:44:34.808161+00:00,UTC,"As Threads soars, Twitter rival Bluesky adopts a personalized, algorithmic feed","recommendation/feed context plus documented change, reaction, quality, or user-control signal",Negative,0.5212651808007255,0.36616606550368763,0.11256875369558694
hn_37035000,Hacker News,public_comment,2023-08-07 14:33:49+00:00,2023-08-07,"Interesting, this video has been consistently pushed to me by the YouTube recommendation algorithm for the past 3 weeks. It looks like the recommender pressure is so strong it's influencing HN headlines.",The $1M shot that changed sports contests,https://news.ycombinator.com/item?id=37035000,ajnin,,,,YouTube recommendation algorithm,Conservative keyword/context screen: recommendation/ranking/feed plus change/platform context.,37033899,https://www.espn.com/nba/story/_/id/36146138/million-dollar-shot-michael-jordan-chicago-bulls-1993,2026-09-21T19:44:34.808161+00:00,UTC,"Interesting, this video has been consistently pushed to me by the YouTube recommendation algorithm for the past 3 weeks. It looks like the recommender pressure is so strong it's influencing HN headlines.","recommendation/feed context plus documented change, reaction, quality, or user-control signal",Positive,0.1877236875551146,0.13404358286087262,0.6782327295840127
hn_37204793,Hacker News,public_story,2023-08-21 02:16:13+00:00,2023-08-21,YouTube’s recommendation algorithm is left-leaning in the United States,YouTube’s recommendation algorithm is left-leaning in the United States,https://news.ycombinator.com/item?id=37204793,amadeuspagel,12.0,2.0,12.0,YouTube recommendation algorithm,Conservative keyword/context screen: recommendation/ranking/feed plus change/platform context.,37204793,,2026-09-21T19:44:34.808161+00:00,UTC,YouTube’s recommendation algorithm is left-leaning in the United States,direct public story about a platform recommendation algorithm,Neutral,0.28668010861223286,0.5603142675563918,0.15300562383137545
hn_37243545,Hacker News,public_story,2023-08-24 00:08:20+00:00,2023-08-24,Opt out of algorithmic feeds on Instagram and Facebook – if you’re in Europe,Opt out of algorithmic feeds on Instagram and Facebook – if you’re in Europe,https://news.ycombinator.com/item?id=37243545,vinnyglennon,17.0,2.0,17.0,feed algorithm,Conservative keyword/context screen: recommendation/ranking/feed plus change/platform context.,37243545,,2026-09-21T19:44:34.808161+00:00,UTC,Opt out of algorithmic feeds on Instagram and Facebook – if you’re in Europe,"recommendation/feed context plus documented change, reaction, quality, or user-control signal",Neutral,0.2931933472958986,0.5777867995786462,0.1290198531254552
hn_37333507,Hacker News,public_comment,2023-08-31 07:07:09+00:00,2023-08-31,> It's also not realistically possible to auto generate spam video content like you can for blog posts. It definitely is. If you look for videos just a bit longer then 10 minutes (something to do with YouTube recommendation algorithm) you will notice how much unnatural en spammy conversation and “information” is being told (backed by meme or stock images or just a talking head) before getting to the point of the video (which often is barely 1min of content). Sure it takes more time to actually speak the text and edit the video. But it really feels like generated garbage to fill time which can be easily churned out. Now with the dawn of AI I can only image this getting worse and worse.,The End of the Googleverse,https://news.ycombinator.com/item?id=37333507,aequitas,,,,YouTube recommendation algorithm,Conservative keyword/context screen: recommendation/ranking/feed plus change/platform context.,37323727,https://www.theverge.com/23846048/google-search-memes-images-pagerank-altavista-seo-keywords,2026-09-21T19:44:34.808161+00:00,UTC,> It's also not realistically possible to auto generate spam video content like you can for blog posts. It definitely is. If you look for videos just a bit longer then 10 minutes (something to do with YouTube recommendation algorithm) you will notice how much unnatural en spammy conversation and “information” is being told (backed by meme or stock images or just a talking head) before getting to the point of the video (which often is barely 1min of content). Sure it takes more time to actually speak the text and edit the video. But it really feels like generated garbage to fill time which can be easily churned out. Now with the dawn of AI I can only image this getting worse and worse.,"recommendation/feed context plus documented change, reaction, quality, or user-control signal",Negative,0.5270067286365733,0.28186945727897594,0.19112381408445064
hn_37443906,Hacker News,public_story,2023-09-09 10:39:26+00:00,2023-09-09,GitHub faces backlash after enforcing an algorithmic feed,GitHub faces backlash after enforcing an algorithmic feed,https://news.ycombinator.com/item?id=37443906,nalgeon,6.0,3.0,6.0,feed algorithm,Conservative keyword/context screen: recommendation/ranking/feed plus change/platform context.,37443906,,2026-09-21T19:44:34.808161+00:00,UTC,GitHub faces backlash after enforcing an algorithmic feed,"recommendation/feed context plus documented change, reaction, quality, or user-control signal",Negative,0.5863188827259207,0.31470033318185303,0.09898078409222623
hn_37490190,Hacker News,public_story,2023-09-12 23:39:22+00:00,2023-09-12,GitHub stays with algorithmic feed for 'user experience and performance' reasons,GitHub stays with algorithmic feed for 'user experience and performance' reasons,https://news.ycombinator.com/item?id=37490190,beeman,1.0,1.0,1.0,feed algorithm,Conservative keyword/context screen: recommendation/ranking/feed plus change/platform context.,37490190,,2026-09-21T19:44:34.808161+00:00,UTC,GitHub stays with algorithmic feed for 'user experience and performance' reasons,"recommendation/feed context plus documented change, reaction, quality, or user-control signal",Positive,0.10297903176740748,0.3479083414979601,0.5491126267346325
hn_37548921,Hacker News,public_comment,2023-09-17 20:19:04+00:00,2023-09-17,"Twitter has become significantly glitchy. You can notice glitches more where there are new features, like long videos, etc. Twitter recommendation algorithm has actually become better - a lot less of content that are appealing to the mass, and much more that are appealing to me. I am spending more time on twitter now. One downside now is Blue Tick spam. Before, top replies to a famous tweet would be smart, or a good counterpoint, and now it is just dumb blue-tickers, stans, and newsletter salesmen. As twitter boosts posts of paying customers, I am also seeing poor posts appear on my feed out of the blue- it's like someone thinking in the lines of- ""he's an engineer, won't he like an 8th grade math puzzle?"". I am not paying for it, but my engagement has grown (I never try). I am seeing more posts from my follows, too.","Under Musk, Twitter is handing over more data to investigators",https://news.ycombinator.com/item?id=37548921,rg111,,,,Twitter recommendation algorithm,Conservative keyword/context screen: recommendation/ranking/feed plus change/platform context.,37546770,https://www.washingtonpost.com/technology/2023/09/16/x-elon-musk-german-prosecutors-hate-speech/,2026-09-21T19:44:34.808161+00:00,UTC,"Twitter has become significantly glitchy. You can notice glitches more where there are new features, like long videos, etc. Twitter recommendation algorithm has actually become better - a lot less of content that are appealing to the mass, and much more that are appealing to me. I am spending more time on twitter now. One downside now is Blue Tick spam. Before, top replies to a famous tweet would be smart, or a good counterpoint, and now it is just dumb blue-tickers, stans, and newsletter salesmen. As twitter boosts posts of paying customers, I am also seeing poor posts appear on my feed out of the blue- it's like someone thinking in the lines of- ""he's an engineer, won't he like an 8th grade math puzzle?"". I am not paying for it, but my engagement has grown (I never try). I am seeing more posts from my follows, too.","recommendation/feed context plus documented change, reaction, quality, or user-control signal",Negative,0.5777336288530137,0.2379960249812869,0.18427034616569937
hn_37562383,Hacker News,public_comment,2023-09-18 21:33:41+00:00,2023-09-18,"Youtube's recommendation algorithm has gotten terrible. There's a pretty low limit on the number of channels you can block. Additionally, different interfaces won't allow you to mark certain things like Mixes or Movies as ""Not Interested"" at all. I have been paying for Youtube Red/Premium since like 2016 and I'm strongly considering canceling it and giving up on Youtube altogether. It's gotten that bad. My replacement is just supporting the creators I like on Patreon or wherever they choose to put their content for a direct payment.",Ask HN: YouTube keeps suggesting vids I marked “not interested”. What can I do?,https://news.ycombinator.com/item?id=37562383,greenthrow,,,,YouTube recommendation algorithm,Conservative keyword/context screen: recommendation/ranking/feed plus change/platform context.,37562039,,2026-09-21T19:44:34.808161+00:00,UTC,"Youtube's recommendation algorithm has gotten terrible. There's a pretty low limit on the number of channels you can block. Additionally, different interfaces won't allow you to mark certain things like Mixes or Movies as ""Not Interested"" at all. I have been paying for Youtube Red/Premium since like 2016 and I'm strongly considering canceling it and giving up on Youtube altogether. It's gotten that bad. My replacement is just supporting the creators I like on Patreon or wherever they choose to put their content for a direct payment.","recommendation/feed context plus documented change, reaction, quality, or user-control signal",Negative,0.5888491534605772,0.2420365514776638,0.169114295061759
hn_37733720,Hacker News,public_comment,2023-10-02 03:43:14+00:00,2023-10-02,Are they price-competitive for those applications though? My understanding is that the main focus is Memory/GPU-interconnect for large models. Are recommendation/ranking models large enough to take advantage of this? I don't think these cards are generally competitive in throughput/$.,"Nvidia Unveils Updated GH200 Grace Hopper with HBM3e Memory, Shipping in Q2'2024",https://news.ycombinator.com/item?id=37733720,upbeat_general,,,,recommendation ranking,Conservative keyword/context screen: recommendation/ranking/feed plus change/platform context.,37732961,https://www.anandtech.com/show/20001/nvidia-unveils-gh200-grace-hopper-gpu-with-hbm3e-memory,2026-09-21T19:44:34.808161+00:00,UTC,Are they price-competitive for those applications though? My understanding is that the main focus is Memory/GPU-interconnect for large models. Are recommendation/ranking models large enough to take advantage of this? I don't think these cards are generally competitive in throughput/$.,"recommendation/feed context plus documented change, reaction, quality, or user-control signal",Negative,0.717867727448876,0.16943779366381168,0.1126944788873124
hn_37770015,Hacker News,public_comment,2023-10-04 19:04:03+00:00,2023-10-04,"I tried to train Facebook. First thought: I absolutely do not want it to advertise to me anything I might actually want to buy (like books): that feels creepy. So maybe I could deliberately interact with ads for things I'll never buy, like fashion? (I dress myself out of charity shops, mostly.) Second thought: If I interact with ads with hot guys in them, Facebook will show me more hot guys, which is nice eye candy. It seemed to work, for a while. Some of the ads were for underwear, definitely targetted at gay men, and bordering on being NSFW (which is fine, as I don't Facebook at W). And then I mostly abandoned Facebook. --- For YouTube, before I got a free deal on YouTube Premium with my phone plan, things were weirder. YouTube's video recommendation algorithm knew me well, but its ad recommendations were very confused, including about which language I spoke. It weirdly often gave me ads for scientific lab equipment, sometimes in Hebrew. (I'm a web developer, am Irish, and live in Ireland, and don't speak any Hebrew. I have an interest in linguistics, and have read up on the origin of the Semitic trisyllabic root, but that doesn't mean I speak Hebrew.)",Meta starts rolling out generative AI tools for all advertisers,https://news.ycombinator.com/item?id=37770015,TRiG_Ireland,,,,YouTube recommendation algorithm,Conservative keyword/context screen: recommendation/ranking/feed plus change/platform context.,37768018,https://www.reuters.com/technology/meta-starts-rolling-out-generative-ai-tools-all-advertisers-2023-10-04/,2026-09-21T19:44:34.808161+00:00,UTC,"I tried to train Facebook. First thought: I absolutely do not want it to advertise to me anything I might actually want to buy (like books): that feels creepy. So maybe I could deliberately interact with ads for things I'll never buy, like fashion? (I dress myself out of charity shops, mostly.) Second thought: If I interact with ads with hot guys in them, Facebook will show me more hot guys, which is nice eye candy. It seemed to work, for a while. Some of the ads were for underwear, definitely targetted at gay men, and bordering on being NSFW (which is fine, as I don't Facebook at W). And then I mostly abandoned Facebook. --- For YouTube, before I got a free deal on YouTube Premium with my phone plan, things were weirder. YouTube's video recommendation algorithm knew me well, but its ad recommendations were very confused, including about which language I spoke. It weirdly often gave me ads for scientific lab equipment, sometimes in Hebrew. (I'm a web developer, am Irish, and live in Ireland, and don't speak any Hebrew. I have an interest in linguistics, and have read up on the origin of the Semitic trisyllabic root, but that doesn't mean I speak Hebrew.)","recommendation/feed context plus documented change, reaction, quality, or user-control signal",Positive,0.32138087287128114,0.30634643934644357,0.3722726877822753
hn_38223854,Hacker News,public_story,2023-11-10 20:08:26+00:00,2023-11-10,A major update to the recommendation algorithm is rolling out,A major update to the recommendation algorithm is rolling out,https://news.ycombinator.com/item?id=38223854,lopkeny12ko,1.0,0.0,1.0,Twitter recommendation algorithm,Conservative keyword/context screen: recommendation/ranking/feed plus change/platform context.,38223854,,2026-09-21T19:44:34.808161+00:00,UTC,A major update to the recommendation algorithm is rolling out,direct public story about a platform recommendation algorithm,Negative,0.4537197741546051,0.2625916502959867,0.28368857554940824
hn_38237191,Hacker News,public_comment,2023-11-12 04:05:52+00:00,2023-11-12,One of my favorite artist releases music on YouTube with no name and no titles via some special Unicode. Only discoverable via YouTube’s recommendation algorithm magic,Horrible edge cases to consider when dealing with music (2022),https://news.ycombinator.com/item?id=38237191,_lvbh,,,,YouTube recommendation algorithm,Conservative keyword/context screen: recommendation/ranking/feed plus change/platform context.,38229398,https://dustri.org/b/horrible-edge-cases-to-consider-when-dealing-with-music.html,2026-09-21T19:44:34.808161+00:00,UTC,One of my favorite artist releases music on YouTube with no name and no titles via some special Unicode. Only discoverable via YouTube’s recommendation algorithm magic,"recommendation/feed context plus documented change, reaction, quality, or user-control signal",Positive,0.17934034270007457,0.17570459964014953,0.6449550576597759
hn_38377894,Hacker News,public_comment,2023-11-22 11:37:42+00:00,2023-11-22,">Encourages radicalization (see Twitter's, YouTube's, and Facebook's news feed algorithm) What do you mean? It recommends things that it thinks people will like. Also I highly suspect ""Altman's OpenAI"" is dead regardless. They are now Copilot(tm) Research. They may have delusions of grandeur regarding being able to resist the MicroBorg or change it from the inside, but that simply does not happen. The best they can hope for as an org is to live as long as they can as best as they can. I think Sam's 100B silicon gambit in the middle east (quite curious because this is probably something the United State Federal Government Is Likely Not Super Fond Of) is him realizing that, while he is influential and powerful, he's nowhere near MSFT level.",We have reached an agreement in principle for Sam to return to OpenAI as CEO,https://news.ycombinator.com/item?id=38377894,dontupvoteme,,,,Facebook news feed algorithm,Conservative keyword/context screen: recommendation/ranking/feed plus change/platform context.,38375239,https://twitter.com/openai/status/1727206187077370115,2026-09-21T19:44:34.808161+00:00,UTC,">Encourages radicalization (see Twitter's, YouTube's, and Facebook's news feed algorithm) What do you mean? It recommends things that it thinks people will like. Also I highly suspect ""Altman's OpenAI"" is dead regardless. They are now Copilot(tm) Research. They may have delusions of grandeur regarding being able to resist the MicroBorg or change it from the inside, but that simply does not happen. The best they can hope for as an org is to live as long as they can as best as they can. I think Sam's 100B silicon gambit in the middle east (quite curious because this is probably something the United State Federal Government Is Likely Not Super Fond Of) is him realizing that, while he is influential and powerful, he's nowhere near MSFT level.","recommendation/feed context plus documented change, reaction, quality, or user-control signal",Neutral,0.41596947553060953,0.4231449344241353,0.16088559004525524
hn_38613477,Hacker News,public_comment,2023-12-12 15:33:14+00:00,2023-12-12,"I wouldn't be so dismissive of Youtube. The youtube recommendation algorithm brings up new and cool content over long period of time, and I cultivated my recommendation feed as such. It's a destination in itself. Sure, you could have a video site that just have a top ten video and a subscription list, but it wouldn't be as compelling. Now. There are a lot of things that youtube could rightfully be criticized for, and perhaps there should be major changes made to how youtube works. Better pay for youtube creators and payment to small channels for example. More promotion of youtube premium, and less advertising. I assume that youtube is profitable. The question is how much service that they can offer but still remain sustainable. If they're not profitable, how they could monetize it without destroying the value of the platform, ideally adding to the value rather than taking it away. I like some of the youtube scripted show, and I was disappointed that they canceled a show that I want to see continued.",YouTube doesn't want to take down scam ads,https://news.ycombinator.com/item?id=38613477,kiba,,,,YouTube recommendation algorithm,Conservative keyword/context screen: recommendation/ranking/feed plus change/platform context.,38611466,https://old.reddit.com/r/youtube/comments/18gjiqy/youtube_doesnt_want_to_take_down_scam_ads/,2026-09-21T19:44:34.808161+00:00,UTC,"I wouldn't be so dismissive of Youtube. The youtube recommendation algorithm brings up new and cool content over long period of time, and I cultivated my recommendation feed as such. It's a destination in itself. Sure, you could have a video site that just have a top ten video and a subscription list, but it wouldn't be as compelling. Now. There are a lot of things that youtube could rightfully be criticized for, and perhaps there should be major changes made to how youtube works. Better pay for youtube creators and payment to small channels for example. More promotion of youtube premium, and less advertising. I assume that youtube is profitable. The question is how much service that they can offer but still remain sustainable. If they're not profitable, how they could monetize it without destroying the value of the platform, ideally adding to the value rather than taking it away. I like some of the youtube scripted show, and I was disappointed that they canceled a show that I want to see continued.","recommendation/feed context plus documented change, reaction, quality, or user-control signal",Negative,0.4900438532400732,0.10688612113046041,0.4030700256294663
hn_38613880,Hacker News,public_comment,2023-12-12 15:56:52+00:00,2023-12-12,"> The youtube recommendation algorithm brings up new and cool content For you. For kids it brings up amputation videos and seriously weird/predatory shit. Should they be cultivating their recommendation feed better? Try searching for '!' on the homepage. You'll get a mix of kid videos and fucked up animated softcore furry shit. It's been like that for fucking years . For me it brings up Ben Shapiro and Jordan Peterson shite constantly, despite my refusal to engage in such content whatsoever. It just figures, hey you like watching video game content so you'll love these smarmy shitheads. It's vastly inferior to TikTok's algorithm by all accounts, like it's not even close. And it's been horrendously gamed. All they have is the network effect and Google's monopoly powers. Their algorithm sucks, their ads suck, their policies towards creators suck (as you said yourself). Everything they've ever brought in that was actually good was cribbed from porn sites.",YouTube doesn't want to take down scam ads,https://news.ycombinator.com/item?id=38613880,mandmandam,,,,YouTube recommendation algorithm,Conservative keyword/context screen: recommendation/ranking/feed plus change/platform context.,38611466,https://old.reddit.com/r/youtube/comments/18gjiqy/youtube_doesnt_want_to_take_down_scam_ads/,2026-09-21T19:44:34.808161+00:00,UTC,"> The youtube recommendation algorithm brings up new and cool content For you. For kids it brings up amputation videos and seriously weird/predatory shit. Should they be cultivating their recommendation feed better? Try searching for '!' on the homepage. You'll get a mix of kid videos and fucked up animated softcore furry shit. It's been like that for fucking years . For me it brings up Ben Shapiro and Jordan Peterson shite constantly, despite my refusal to engage in such content whatsoever. It just figures, hey you like watching video game content so you'll love these smarmy shitheads. It's vastly inferior to TikTok's algorithm by all accounts, like it's not even close. And it's been horrendously gamed. All they have is the network effect and Google's monopoly powers. Their algorithm sucks, their ads suck, their policies towards creators suck (as you said yourself). Everything they've ever brought in that was actually good was cribbed from porn sites.","recommendation/feed context plus documented change, reaction, quality, or user-control signal",Negative,0.5574137352705537,0.03377609314299058,0.4088101715864558
hn_38634794,Hacker News,public_story,2023-12-13 22:01:49+00:00,2023-12-13,Opt out of algorithmic feeds on Instagram and Facebook (in Europe),Opt out of algorithmic feeds on Instagram and Facebook (in Europe),https://news.ycombinator.com/item?id=38634794,fagnerbrack,4.0,0.0,4.0,feed algorithm,Conservative keyword/context screen: recommendation/ranking/feed plus change/platform context.,38634794,,2026-09-21T19:44:34.808161+00:00,UTC,Opt out of algorithmic feeds on Instagram and Facebook (in Europe),"recommendation/feed context plus documented change, reaction, quality, or user-control signal",Neutral,0.37329308572160363,0.532346393511908,0.09436052076648835
hn_39690200,Hacker News,public_comment,2024-03-13 11:30:13+00:00,2024-03-13,"Apologies for the long comment. I'd need a few hours to edit this down and I don't have the time. __MrBeast is not the problem, social media addiction is__ MrBeast represents the biggest common denominator of why people are on the platform. Not everyone on YouTube will like his videos (I presume many on HN are uninterested in his videos), but a very big group does. Why? For the same reason why my parents watch game shows on the television: entertainment. I find MrBeast his videos most related to game shows with him being the game show host. It's not always the strict format of a game show, but looking at it from that perspective shows what style of video he's making. Who doesn't like a fun game show? Most people do! And I think that's okay. People will copy him, it'll be the dominant culture on YouTube. That's okay too. It's okay because authenticity won't go away. Authentic people on YouTube aren't under threat or under fire. I watch a lot of YouTube channels that have 100K to 1 million subs and they seem authentic to me and I love them for it. Also, let's not forget: MrBeast seems authentic about how he goes about YouTube on some of these channels (on their podcast). MrBeast is authentic for anyone who gets off the general (unoptimized) front page and just look at a couple of interviews of him. The only issue that I see is that the YouTube recommendation algorithm has a bias towards promoting popular content. For some users on YouTube (e.g. me) that is unfortunate because that's not how I want to use YouTube. But I click on it and I get addicted to it and now they have me. So for that reason: I call upon psychologists and psychiatrists to help people with YouTube addiction (email me if you are one. My email is in my profile. I'm a software engineer/web developer). Even an online course on dealing with YouTube addiction can help a lot to go against the addictive quality of YouTube. Currently, I'm in the process of helping myself (I've studied psychology and game-design so I know a thing or two). The method that seems to have some results with me is as follows. __Overcoming YouTube/social media addiction__ 1. I sit in a chair and tell myself that this is my life now. All I can do is sit. I can think, I can look or listen. But I can't leave the chair. 2. My mind will want to watch YouTube. I resist the urge, I have to keep on sitting in the chair. 3. At some point my mind - out of sheer desperation - will yell at me ""alright, alright! I'll do anything. You wanna be better at math? I'll do this math course you're following right now. As long as I can do something else than just sitting in a chair!"" This happens after 15 to 30 minutes. 4. At that point, you can do that activity. The moment you go to YouTube and watch a video, you put yourself back in the chair and you start at step 1. It's brutal. Addiction is brutal. For me, this method is quite effective. I hope it helps someone. __How I discovered this method__ I wish I could say it was ""I studied psychology and xyz studied mentioned it."" The real story is different. I was so fed up with myself that I told myself that I'm going to sit on my chair and that's all life is now. I know addiction when I see it and I saw it within myself. I became incredibly angry at myself. So a lifetime banishment on the chair is what I was going to do until something broke. Of course, I knew my anger wouldn't hold out but I felt so angry that I decided to give in anyway, just to see what happens. After 20 minutes, my mind started screaming and pleading to do math. Then, I did math. Suddenly, for the next week, I did 5 hours of math per day (currently in between jobs). I watched about 20 minutes of YouTube per day (as opposed to 6 hours). Those 20 minutes of YouTube were mostly informational math videos for when I got stuck with a concept. I realized I stumbled upon a method that worked for me. It also made me realize that this method is changing my relationship with boredom. I'm becoming more comfortable with it. However, I am not seeing the full picture on boredom yet. I will, and when I do, then I'll update my method. For now what I do see: when one is sufficiently bored, then they are sufficiently _intrinsically_ motivated to do more or less anything. Boredom is uncomfortable, even painful, just to get out of that pain one will do anything to stave away boredom. It's currently the best intrinsic motivational spark that I've found to get myself to do anything. I have a lot of intrinsic motivation on things, but not a lot of intrinsic motivational spark. Enter boredom, it is an intrinsic motivational spark to get you going on the project you'd have wanted to do for years (in my case: becoming better at math).",YouTube: The End of the MrBeast Era,https://news.ycombinator.com/item?id=39690200,melvinroest,,,,YouTube recommendation algorithm,Conservative keyword/context screen: recommendation/ranking/feed plus change/platform context.,39689607,https://www.polygon.com/24093399/end-of-mrbeast-youtube-era,2026-09-21T19:44:34.808161+00:00,UTC,"Apologies for the long comment. I'd need a few hours to edit this down and I don't have the time. __MrBeast is not the problem, social media addiction is__ MrBeast represents the biggest common denominator of why people are on the platform. Not everyone on YouTube will like his videos (I presume many on HN are uninterested in his videos), but a very big group does. Why? For the same reason why my parents watch game shows on the television: entertainment. I find MrBeast his videos most related to game shows with him being the game show host. It's not always the strict format of a game show, but looking at it from that perspective shows what style of video he's making. Who doesn't like a fun game show? Most people do! And I think that's okay. People will copy him, it'll be the dominant culture on YouTube. That's okay too. It's okay because authenticity won't go away. Authentic people on YouTube aren't under threat or under fire. I watch a lot of YouTube channels that have 100K to 1 million subs and they seem authentic to me and I love them for it. Also, let's not forget: MrBeast seems authentic about how he goes about YouTube on some of these channels (on their podcast). MrBeast is authentic for anyone who gets off the general (unoptimized) front page and just look at a couple of interviews of him. The only issue that I see is that the YouTube recommendation algorithm has a bias towards promoting popular content. For some users on YouTube (e.g. me) that is unfortunate because that's not how I want to use YouTube. But I click on it and I get addicted to it and now they have me. So for that reason: I call upon psychologists and psychiatrists to help people with YouTube addiction (email me if you are one. My email is in my profile. I'm a software engineer/web developer). Even an online course on dealing with YouTube addiction can help a lot to go against the addictive quality of YouTube. Currently, I'm in the process of helping myself (I've studied psychology and game-design so I know a thing or two). The method that seems to have some results with me is as follows. __Overcoming YouTube/social media addiction__ 1. I sit in a chair and tell myself that this is my life now. All I can do is sit. I can think, I can look or listen. But I can't leave the chair. 2. My mind will want to watch YouTube. I resist the urge, I have to keep on sitting in the chair. 3. At some point my mind - out of sheer desperation - will yell at me ""alright, alright! I'll do anything. You wanna be better at math? I'll do this math course you're following right now. As long as I can do something else than just sitting in a chair!"" This happens after 15 to 30 minutes. 4. At that point, you can do that activity. The moment you go to YouTube and watch a video, you put yourself back in the chair and you start at step 1. It's brutal. Addiction is brutal. For me, this method is quite effective. I hope it helps someone. __How I discovered this method__ I wish I could say it was ""I studied psychology and xyz studied mentioned it."" The real story is different. I was so fed up with myself that I told myself that I'm going to sit on my chair and that's all life is now. I know addiction when I see it and I saw it within myself. I became incredibly angry at myself. So a lifetime banishment on the chair is what I was going to do until something broke. Of course, I knew my anger wouldn't hold out but I felt so angry that I decided to give in anyway, just to see what happens. After 20 minutes, my mind started screaming and pleading to do math. Then, I did math. Suddenly, for the next week, I did 5 hours of math per day (currently in between jobs). I watched about 20 minutes of YouTube per day (as opposed to 6 hours). Those 20 minutes of YouTube were mostly informational math videos for when I got stuck with a concept. I realized I stumbled upon a method that worked for me. It also made me realize that this method is changing my relationship with boredom. I'm becoming more comfortable with it. However, I am not seeing the full picture on boredom yet. I will, and when I do, then I'll update my method. For now what I do see: when one is sufficiently bored, then they are sufficiently _intrinsically_ motivated to do more or less anything. Boredom is uncomfortable, even painful, just to get out of that pain one will do anything to stave away boredom. It's currently the best intrinsic motivational spark that I've found to get myself to do anything. I have a lot of intrinsic motivation on things, but not a lot of intrinsic motivational spark. Enter boredom, it is an intrinsic motivational spark to get you going on the project you'd have wanted to do for years (in my case: becoming better at math).","recommendation/feed context plus documented change, reaction, quality, or user-control signal",Negative,0.7124352946624273,0.052111976119758666,0.23545272921781388
hn_41066875,Hacker News,public_story,2024-07-25 10:23:08+00:00,2024-07-25,Twitter's Recommendation Algorithm (2023),Twitter's Recommendation Algorithm (2023),https://news.ycombinator.com/item?id=41066875,Bluestein,3.0,2.0,3.0,Twitter recommendation algorithm,Conservative keyword/context screen: recommendation/ranking/feed plus change/platform context.,41066875,,2026-09-21T19:44:34.808161+00:00,UTC,Twitter's Recommendation Algorithm (2023),direct public story about a platform recommendation algorithm,Negative,0.4327322459237128,0.36520801127963376,0.20205974279665342
hn_41250815,Hacker News,public_story,2024-08-14 21:44:22+00:00,2024-08-14,Source Code for Twitter's Recommendation Algorithm,Source Code for Twitter's Recommendation Algorithm,https://news.ycombinator.com/item?id=41250815,kklisura,1.0,0.0,1.0,Twitter recommendation algorithm,Conservative keyword/context screen: recommendation/ranking/feed plus change/platform context.,41250815,,2026-09-21T19:44:34.808161+00:00,UTC,Source Code for Twitter's Recommendation Algorithm,direct public story about a platform recommendation algorithm,Neutral,0.26143696009620165,0.4939288390926162,0.2446342008111822
hn_41305392,Hacker News,public_comment,2024-08-21 00:06:13+00:00,2024-08-21,"We are living through the best ever time to be a music lover. With so much good music being made and added to the existing body of recordings, together with the great (albeit commercially compromised) recommendation systems, it's just fantastic. Algos are useful for finding and playing music but they are just a tool. The human touch is needed to create the best musical experiences. That's why we need DJs now more than ever. To experience the best music, for you, you're going to have to do a bit of work to search out new sounds and old sounds. So go digging and create awesome playlists, for you, and share them: they'll probably be better than algo-created playlists. Algorithmic playlist systems are great but I believe we should counteract their prevalence by also supporting human efforts: by also listening to online radio stations and DJ mixes, supporting music journalism and publications (as well as buying physical media and merch, going to gigs, of course!) I don't understand exactly what this Google paper is describing but it sounds like it's going to anticipate whether I want to listen to up beat or down beat music. What a very googleish thing to do! - this doesn't help me at all. Also I'm turned off by it's opening statement: >We present a music recommendation ranking system that uses Transformer models to better understand the sequential nature of user actions based on the current user context. This comes across as nonsensical gobbledygook, but also a bit dystopian.",Transformers in music recommendation,https://news.ycombinator.com/item?id=41305392,fallinditch,,,,recommendation ranking,Conservative keyword/context screen: recommendation/ranking/feed plus change/platform context.,41293901,https://research.google/blog/transformers-in-music-recommendation/,2026-09-21T19:44:34.808161+00:00,UTC,"We are living through the best ever time to be a music lover. With so much good music being made and added to the existing body of recordings, together with the great (albeit commercially compromised) recommendation systems, it's just fantastic. Algos are useful for finding and playing music but they are just a tool. The human touch is needed to create the best musical experiences. That's why we need DJs now more than ever. To experience the best music, for you, you're going to have to do a bit of work to search out new sounds and old sounds. So go digging and create awesome playlists, for you, and share them: they'll probably be better than algo-created playlists. Algorithmic playlist systems are great but I believe we should counteract their prevalence by also supporting human efforts: by also listening to online radio stations and DJ mixes, supporting music journalism and publications (as well as buying physical media and merch, going to gigs, of course!) I don't understand exactly what this Google paper is describing but it sounds like it's going to anticipate whether I want to listen to up beat or down beat music. What a very googleish thing to do! - this doesn't help me at all. Also I'm turned off by it's opening statement: >We present a music recommendation ranking system that uses Transformer models to better understand the sequential nature of user actions based on the current user context. This comes across as nonsensical gobbledygook, but also a bit dystopian.","recommendation/feed context plus documented change, reaction, quality, or user-control signal",Positive,0.05903650318975358,0.037958102131239034,0.9030053946790074
hn_41365953,Hacker News,public_comment,2024-08-27 10:10:30+00:00,2024-08-27,"You didn't provide the link to SIO report, but I assume this is it: [1]. The report is mostly dedicated to teenagers trying to find ways to sell self-filmed content. You cherry-picked claims against Telegram to make allegations look more serious than they are, and didn't mention that there are more serious claims against Western platforms. This is a quote from the beginning of the report: > Large networks of accounts, putatively operated by minors, are openly advertising self-generated child sexual abuse material (SG-CSAM) for sale. (by the way this might be because it is very difficult to find a legitimate job if you are a teenager without any natural skills and talents. Why doesn't government do anything to change this? Where are teenagers from poor families supposed to get money from?) > Instagram is currently the most important platform for these networks, with features that help connect buyers and sellers > Instagram’s recommendation algorithms are a key reason for the platform’s effectiveness in advertising SG-CSAM. > Twitter had an apparent regression allowing CSAM to be posted to public profiles, despite hashes of these images being available to platforms and researchers. Can we expect to see Musk and Zuckerberg in the same jail with Durov then? Or justice doesn't apply to everyone equally? Note also that the report gives following recommendations in the conclusion: > When an account is identified as selling SG-CSAM, disabling the account should be accompanied by messaging to the seller to attempt to discourage recidivism. This messaging might include: > The fact that this content is widely illegal and can result in prosecution; being a minor does not prevent legal consequences So basically what reports suggests is not to do something to help teenagers from poor families to find a legitimate job, but to threaten them with a jail term for selling their own photos. So American! > A June report from the Stanford Internet Observatory found that Telegram was the only major platform not to forbid illegal material in private channels and chats. “ If you read the report, this means that Telegram's ToS do not explicitly forbid to post illegal material in private groups. But do you need to forbid explicitly what is already forbidden by the law? The report contains further claim though: > It further states that “All Telegram chats and group chats are private amongst their participants. We do not process any requests related to them This is alarming but this not exactly how it works because you can actually report messages even in one-to-one private chats, for example, if you get spam from a new contact, and they can get blocked. I never got illegal material from contacts (only spam) so I don't have experience reporting it. > Telegram has also been observed by SIO as failing to perform even basic content enforcement on public channels, with instances of known CSAM being detected and reported by our ingest systems If you read further, by ""failing to perform basic content enforcement"" they mean that Telegram doesn't check posted images again CSAM database, and imply that Telegram is obliged to do this. However, I am not sure if the law requires this. Now I want to comment on other vaguely written claims. > Telegram is a key component of the ecosystem of individuals trading and selling child sexual abuse materials, What makes Telegram a ""key component""? Did Durov designed Telegram and added features with primary intent to make selling illegal materials easier? This sounds implausible. > At the heart of the case is the absence of moderation Does he mean a lack of pre-moderation (reviewing every message before posting) or lack of response to reports? There definitely is moderation in Telegram, so the ""absense of moderation"" doesn't ring true to me. If would be good if they presented more details instead of vague words. > absence of ... cooperation ""cooperation"" is a vague word. Maybe France just wants to be able to read all messages in private groups under an excuse of fighting crime? This would be a completely different story then. [1] https://stacks.stanford.edu/file/druid:jd797tp7663/20230606-...",Snowden: The arrest of Durov is an assault on the basic human rights,https://news.ycombinator.com/item?id=41365953,codedokode,,,,Instagram algorithm change,Conservative keyword/context screen: recommendation/ranking/feed plus change/platform context.,41360808,https://twitter.com/Snowden/status/1827695836832334169,2026-09-21T19:44:34.808161+00:00,UTC,"You didn't provide the link to SIO report, but I assume this is it: [1]. The report is mostly dedicated to teenagers trying to find ways to sell self-filmed content. You cherry-picked claims against Telegram to make allegations look more serious than they are, and didn't mention that there are more serious claims against Western platforms. This is a quote from the beginning of the report: > Large networks of accounts, putatively operated by minors, are openly advertising self-generated child sexual abuse material (SG-CSAM) for sale. (by the way this might be because it is very difficult to find a legitimate job if you are a teenager without any natural skills and talents. Why doesn't government do anything to change this? Where are teenagers from poor families supposed to get money from?) > Instagram is currently the most important platform for these networks, with features that help connect buyers and sellers > Instagram’s recommendation algorithms are a key reason for the platform’s effectiveness in advertising SG-CSAM. > Twitter had an apparent regression allowing CSAM to be posted to public profiles, despite hashes of these images being available to platforms and researchers. Can we expect to see Musk and Zuckerberg in the same jail with Durov then? Or justice doesn't apply to everyone equally? Note also that the report gives following recommendations in the conclusion: > When an account is identified as selling SG-CSAM, disabling the account should be accompanied by messaging to the seller to attempt to discourage recidivism. This messaging might include: > The fact that this content is widely illegal and can result in prosecution; being a minor does not prevent legal consequences So basically what reports suggests is not to do something to help teenagers from poor families to find a legitimate job, but to threaten them with a jail term for selling their own photos. So American! > A June report from the Stanford Internet Observatory found that Telegram was the only major platform not to forbid illegal material in private channels and chats. “ If you read the report, this means that Telegram's ToS do not explicitly forbid to post illegal material in private groups. But do you need to forbid explicitly what is already forbidden by the law? The report contains further claim though: > It further states that “All Telegram chats and group chats are private amongst their participants. We do not process any requests related to them This is alarming but this not exactly how it works because you can actually report messages even in one-to-one private chats, for example, if you get spam from a new contact, and they can get blocked. I never got illegal material from contacts (only spam) so I don't have experience reporting it. > Telegram has also been observed by SIO as failing to perform even basic content enforcement on public channels, with instances of known CSAM being detected and reported by our ingest systems If you read further, by ""failing to perform basic content enforcement"" they mean that Telegram doesn't check posted images again CSAM database, and imply that Telegram is obliged to do this. However, I am not sure if the law requires this. Now I want to comment on other vaguely written claims. > Telegram is a key component of the ecosystem of individuals trading and selling child sexual abuse materials, What makes Telegram a ""key component""? Did Durov designed Telegram and added features with primary intent to make selling illegal materials easier? This sounds implausible. > At the heart of the case is the absence of moderation Does he mean a lack of pre-moderation (reviewing every message before posting) or lack of response to reports? There definitely is moderation in Telegram, so the ""absense of moderation"" doesn't ring true to me. If would be good if they presented more details instead of vague words. > absence of ... cooperation ""cooperation"" is a vague word. Maybe France just wants to be able to read all messages in private groups under an excuse of fighting crime? This would be a completely different story then. [1] URL","recommendation/feed context plus documented change, reaction, quality, or user-control signal",Negative,0.872553202118585,0.09938124945063016,0.028065548430784966
hn_41483633,Hacker News,public_comment,2024-09-08 22:04:04+00:00,2024-09-08,"Please note that Youtube is not preventing teenagers from watching fitness content. Rather, they are simply not recommending it as much in the Youtube recommendation algorithm. No new categories of videos will be age restricted. Does this change your view of Youtube's new stance?",YouTube will begin limiting access to fitness videos for European teens,https://news.ycombinator.com/item?id=41483633,blendergeek,,,,YouTube recommendation algorithm,Conservative keyword/context screen: recommendation/ranking/feed plus change/platform context.,41483439,https://www.euronews.com/health/2024/09/07/youtube-will-begin-limiting-access-to-fitness-videos-for-european-teens-heres-why,2026-09-21T19:44:34.808161+00:00,UTC,"Please note that Youtube is not preventing teenagers from watching fitness content. Rather, they are simply not recommending it as much in the Youtube recommendation algorithm. No new categories of videos will be age restricted. Does this change your view of Youtube's new stance?","recommendation/feed context plus documented change, reaction, quality, or user-control signal",Negative,0.7154946641922872,0.1433559822181998,0.14114935358951292
hn_41616979,Hacker News,public_comment,2024-09-22 13:37:22+00:00,2024-09-22,"I used LinkedIn to discover insights about various business domains (tax, e-commerce, marketing). I doubt Mastodon would have this sort of content, but happy to be proven wrong if you can provide some examples? HN is quite useful, but it tends to feature highly technical content most of the time. Which is absolutely fine, just not what I'm always interested in reading about. I'm not sure what you're referring to when it comes to Twitter's recommendation algorithm. I was able to easily filter out content/creators I dislike.",Tell HN: Twitter/X's social media product is so much better than LinkedIn's,https://news.ycombinator.com/item?id=41616979,mmarian,,,,Twitter recommendation algorithm,Conservative keyword/context screen: recommendation/ranking/feed plus change/platform context.,41616521,,2026-09-21T19:44:34.808161+00:00,UTC,"I used LinkedIn to discover insights about various business domains (tax, e-commerce, marketing). I doubt Mastodon would have this sort of content, but happy to be proven wrong if you can provide some examples? HN is quite useful, but it tends to feature highly technical content most of the time. Which is absolutely fine, just not what I'm always interested in reading about. I'm not sure what you're referring to when it comes to Twitter's recommendation algorithm. I was able to easily filter out content/creators I dislike.","recommendation/feed context plus documented change, reaction, quality, or user-control signal",Negative,0.6849554464128342,0.11936773348980306,0.1956768200973626
hn_41709450,Hacker News,public_comment,2024-10-01 15:10:34+00:00,2024-10-01,">I haven't. Internet is nothing more than an addiction for me. Internet is dead and misanthropic nowadays. It's soulless and corporate. It used to be fun, artistic, creative, and educational. Now it's neither of those, with extremely few exceptions like Wikipedia. I feel like the reality is that every recommendation algorithm have been cranked up to 11 to throw garbage at you . The ""good old internet"" is not completely gone, all the thing you mentioned, fun, artistic, creative & educational are still there. I'd even say that when it come to educational it have actually massively gotten better, and still is, *but it is getting harder and harder to find it*. Google search is garbage, Youtube throw you shorts clickbaity shit, so does twitter, and Facebook is a wasteland. Yet the interesting blogs are still there, the youtube content creators are still producing educational content, artists are still producing stuff. *Search* has gotten worse. So you simply won't find as much as you used to, and your old channel is getting filled with SEO garbage and clickbait recommendation system preferences.",Dead Internet (2023),https://news.ycombinator.com/item?id=41709450,NalNezumi,,,,Twitter recommendation algorithm,Conservative keyword/context screen: recommendation/ranking/feed plus change/platform context.,41708918,https://darkfutura.substack.com/p/dead-internet,2026-09-21T19:44:34.808161+00:00,UTC,">I haven't. Internet is nothing more than an addiction for me. Internet is dead and misanthropic nowadays. It's soulless and corporate. It used to be fun, artistic, creative, and educational. Now it's neither of those, with extremely few exceptions like Wikipedia. I feel like the reality is that every recommendation algorithm have been cranked up to 11 to throw garbage at you . The ""good old internet"" is not completely gone, all the thing you mentioned, fun, artistic, creative & educational are still there. I'd even say that when it come to educational it have actually massively gotten better, and still is, *but it is getting harder and harder to find it*. Google search is garbage, Youtube throw you shorts clickbaity shit, so does twitter, and Facebook is a wasteland. Yet the interesting blogs are still there, the youtube content creators are still producing educational content, artists are still producing stuff. *Search* has gotten worse. So you simply won't find as much as you used to, and your old channel is getting filled with SEO garbage and clickbait recommendation system preferences.","recommendation/feed context plus documented change, reaction, quality, or user-control signal",Negative,0.7793879003620774,0.04220789124913671,0.17840420838878596
hn_41729254,Hacker News,public_comment,2024-10-03 10:32:07+00:00,2024-10-03,"Also the ""Following"" tab is still there in the regular twitter client which gives you the ""raw"" timeline of just tweets from people you follow (except below conversation threads where twitter still insists to append random tweets at the end). Then the next step to a sane timeline is to hide retweets for selected people who tend to retweet a lot of noise ;) The article mostly seems to be about ""don't interact with idiots on the internet"" though (well, no shit!), not about the broken recommendation algorithm.",The algorithm is killing Twitter and it's driving me insane,https://news.ycombinator.com/item?id=41729254,flohofwoe,,,,Twitter recommendation algorithm,Conservative keyword/context screen: recommendation/ranking/feed plus change/platform context.,41727021,https://hikari.noyu.me/blog/2024-10-02-the-algorithm-is-killing-twitter-and-its-driving-me-insane.html,2026-09-21T19:44:34.808161+00:00,UTC,"Also the ""Following"" tab is still there in the regular twitter client which gives you the ""raw"" timeline of just tweets from people you follow (except below conversation threads where twitter still insists to append random tweets at the end). Then the next step to a sane timeline is to hide retweets for selected people who tend to retweet a lot of noise ;) The article mostly seems to be about ""don't interact with idiots on the internet"" though (well, no shit!), not about the broken recommendation algorithm.","recommendation/feed context plus documented change, reaction, quality, or user-control signal",Negative,0.5515894138193467,0.23788037089885736,0.2105302152817959
hn_41737295,Hacker News,public_comment,2024-10-04 02:44:46+00:00,2024-10-04,"It's possible to build the platform you describe but not possible to make significant progress. Joe User won't visit that site, boring! They'll visit the exciting dramasite for all the sweet gossip. These site - twitter, facebook, etc... they aren't dividing humans per se by way of intent. They are black mirrors to human nature. The algorithms say, ""human, what entices your attention?"" ""Drama!"" ""Fights"" ""Polarizing topics that people 50/50 disagree/agree on"" . And so the algorithms delivered what the humans attention recommends - polarizing topics. And so we are now more polarized. Because this is rooted in human nature, and you can't change human nature, the solution is something needs to be legislated. You can't ban free speech. You can't ban how long people spend online, also freedom, any more than you can ban gambling or alcohol or drug addiction. So then it comes down to something like recommendation algorithm ethics (hah! can you imagine? But why is that not a thing?!? we have an intense AI ethics community but that other AI that is the recommendation AIs that powers sites, it's all crickets as far as rules and ethics). Well, we all know why, money. But ""medical ethics"" while being a field is also legislated as to unethical medical practices lead to severe consequences, perhaps a ""tech ethics"" type field would help improve such algorithms, or ""tethics"" for short. Congress grilled Mark Cuckerburg for all the suicides his tech stack causing, I figure if we're talking literal deaths here maybe have a bit more regulation>?",Anatomy of an internet argument,https://news.ycombinator.com/item?id=41737295,amy-petrik-214,,,,Twitter recommendation algorithm,Conservative keyword/context screen: recommendation/ranking/feed plus change/platform context.,41724881,https://defenderofthebasic.substack.com/p/anatomy-of-an-internet-argument,2026-09-21T19:44:34.808161+00:00,UTC,"It's possible to build the platform you describe but not possible to make significant progress. Joe User won't visit that site, boring! They'll visit the exciting dramasite for all the sweet gossip. These site - twitter, facebook, etc... they aren't dividing humans per se by way of intent. They are black mirrors to human nature. The algorithms say, ""human, what entices your attention?"" ""Drama!"" ""Fights"" ""Polarizing topics that people 50/50 disagree/agree on"" . And so the algorithms delivered what the humans attention recommends - polarizing topics. And so we are now more polarized. Because this is rooted in human nature, and you can't change human nature, the solution is something needs to be legislated. You can't ban free speech. You can't ban how long people spend online, also freedom, any more than you can ban gambling or alcohol or drug addiction. So then it comes down to something like recommendation algorithm ethics (hah! can you imagine? But why is that not a thing?!? we have an intense AI ethics community but that other AI that is the recommendation AIs that powers sites, it's all crickets as far as rules and ethics). Well, we all know why, money. But ""medical ethics"" while being a field is also legislated as to unethical medical practices lead to severe consequences, perhaps a ""tech ethics"" type field would help improve such algorithms, or ""tethics"" for short. Congress grilled Mark Cuckerburg for all the suicides his tech stack causing, I figure if we're talking literal deaths here maybe have a bit more regulation>?","recommendation/feed context plus documented change, reaction, quality, or user-control signal",Negative,0.7127945091476653,0.12837287352884047,0.15883261732349432
hn_41784243,Hacker News,public_comment,2024-10-09 03:30:44+00:00,2024-10-09,"A bit tangential, but it's interesting to see comments like ""we should start hosting our own websites"". We were discussing it with my friends, and it seems like there was a significant changes to what is considered as ""cool"" in terms of social validation. I understand that I'm dumbing it down right now, but it's not just AI that contributes to it. It's definitely accelerating this feeling though. In early 2010s when Instagram, Twitter, Facebook started getting big, all the websites and apps had this process of discovery that you had to go through to make it fun for yourself. It obviously turned some people off of it, and made the onboarding a bit harder, but you needed to follow some people, send some friend requests, and in the end you would mostly see things you've actively wanted to see. Even when the algorithms started sorting the timelines, it would still be (mostly) within the things you've chosen to see. Even Youtube's recommendation algorithm was pretty simple, and it would suggest extremely similar videos. I think it changed around 2016, when the algorithms started trying to determine what you like, based on your interaction with other things, rather than your explicit action of saying ""i want stuff from this person/channel/etc."". I'm sure a significant chunk of us have worked on similar algorithms, so you get the gist of it. But this change resulted in users getting attention from the global audience (because in order for algo to detect what you like, it has to throw in suggestions from everywhere). I get that forums have existed for decades, and people were getting Reddit karma since 2000s, but it was still more deliberate action when you wanted to see something. TikTok, YouTube and Instagram changed the entire playing field in the last 6 years or so, where your real life ""social score"" didn't have to be depend on whom you know in real world for anyone. It translates into - you can generate posts, content, whatever you wanna call it, for everyone rather than actively getting someone's attention. Like, going viral on YouTube was a big thing at some point. There's some ongoing meme-like comments saying ""you would be invited to Ellen's show in 2010"", which is kinda true because breaking out of the ""only seen by people whom you know"" box was extremely rare. Well, now, everyone, technically has a chance, which incentivizes people to constantly push out content. It doesn't matter, if you're doing it for just social media clout, or financial motives, and etc. It's just possible for something to go ""big"", albeit for minuscule benefits from it. So there's constant churn of... content. And now AI is just making it even simpler to create such content. But again, resulting in even further decrease of social importance of such pictures/videos/texts. I understand there's always a group of people that ""write/create/paint for themselves"", which I understand. I'm on a similar boat. But the if majority of creators have different incentives, the platforms will cater for them. And in this case, platform is the whole Internet, and incentives are ""financial, and seeking global attention"". Right now, it takes about a minute to create a video and post it on any of the websites, which was basically impossible back in the day. That barrier of entry, combined with one's deliberate discovery what, I think, was making the internet look more fun. I'm not touching the subject of ad-infestation in every corner, and it definitely accelerated the downward spiral of average quality of content. But in the end, I blame ourselves for choosing this path, because we could've put pressure on global-algorithms of YouTube, TikTok, and etc. We chose to not to do so, because, well, it still gives us dopamine hits.","Nearly all of the Google images results for ""baby peacock"" are AI generated",https://news.ycombinator.com/item?id=41784243,tokioyoyo,,,,Twitter recommendation algorithm,Conservative keyword/context screen: recommendation/ranking/feed plus change/platform context.,41767648,https://twitter.com/notengoprisa/status/1842550658102079556,2026-09-21T19:44:34.808161+00:00,UTC,"A bit tangential, but it's interesting to see comments like ""we should start hosting our own websites"". We were discussing it with my friends, and it seems like there was a significant changes to what is considered as ""cool"" in terms of social validation. I understand that I'm dumbing it down right now, but it's not just AI that contributes to it. It's definitely accelerating this feeling though. In early 2010s when Instagram, Twitter, Facebook started getting big, all the websites and apps had this process of discovery that you had to go through to make it fun for yourself. It obviously turned some people off of it, and made the onboarding a bit harder, but you needed to follow some people, send some friend requests, and in the end you would mostly see things you've actively wanted to see. Even when the algorithms started sorting the timelines, it would still be (mostly) within the things you've chosen to see. Even Youtube's recommendation algorithm was pretty simple, and it would suggest extremely similar videos. I think it changed around 2016, when the algorithms started trying to determine what you like, based on your interaction with other things, rather than your explicit action of saying ""i want stuff from this person/channel/etc."". I'm sure a significant chunk of us have worked on similar algorithms, so you get the gist of it. But this change resulted in users getting attention from the global audience (because in order for algo to detect what you like, it has to throw in suggestions from everywhere). I get that forums have existed for decades, and people were getting Reddit karma since 2000s, but it was still more deliberate action when you wanted to see something. TikTok, YouTube and Instagram changed the entire playing field in the last 6 years or so, where your real life ""social score"" didn't have to be depend on whom you know in real world for anyone. It translates into - you can generate posts, content, whatever you wanna call it, for everyone rather than actively getting someone's attention. Like, going viral on YouTube was a big thing at some point. There's some ongoing meme-like comments saying ""you would be invited to Ellen's show in 2010"", which is kinda true because breaking out of the ""only seen by people whom you know"" box was extremely rare. Well, now, everyone, technically has a chance, which incentivizes people to constantly push out content. It doesn't matter, if you're doing it for just social media clout, or financial motives, and etc. It's just possible for something to go ""big"", albeit for minuscule benefits from it. So there's constant churn of... content. And now AI is just making it even simpler to create such content. But again, resulting in even further decrease of social importance of such pictures/videos/texts. I understand there's always a group of people that ""write/create/paint for themselves"", which I understand. I'm on a similar boat. But the if majority of creators have different incentives, the platforms will cater for them. And in this case, platform is the whole Internet, and incentives are ""financial, and seeking global attention"". Right now, it takes about a minute to create a video and post it on any of the websites, which was basically impossible back in the day. That barrier of entry, combined with one's deliberate discovery what, I think, was making the internet look more fun. I'm not touching the subject of ad-infestation in every corner, and it definitely accelerated the downward spiral of average quality of content. But in the end, I blame ourselves for choosing this path, because we could've put pressure on global-algorithms of YouTube, TikTok, and etc. We chose to not to do so, because, well, it still gives us dopamine hits.","recommendation/feed context plus documented change, reaction, quality, or user-control signal",Negative,0.42814227386110604,0.17329196021493873,0.3985657659239553
hn_42088781,Hacker News,public_comment,2024-11-08 17:42:11+00:00,2024-11-08,"> They can both be checked by everyone and verified. No, that not what I mean. What you can't check is that they push something to someone specifically to make that person react in a certain way. That is not verifiable. Regardless of whether the content is true or false (that doesn't matter actually, or should I say it's less important whether it's true or not, obviously fake news are a problem but less important than that). > Adding new information to your life will modify your view of the world. Yes. And you should be able to choose what you add to your life, what you watch freely. Not a recommended algorithm that nobody understand how it works. > You are just using a feature of content to argue it should be banned. I'm sorry ? I don't understand what you are saying here. I read it many times, but I just don't understand what you mean. > But content is not opium It's debatable. Nearly 100% of TikTok traffic is recommended (it's an estimation) and as or some years ago(2015 ?), about 70% of Youtube was recommended (given by youtube). That mean people do not expressly choose what they watch and particularly, most of the traffic is compulsive. But it's debatable, you are right ""content is not opium"" but sometime it's consumed as if it were so how to deal with it ? > and free speech is sacrosanct Once again, yes. It's not about the content that is on TikTok, sorry if didn't make it clear. It's not about free speech. You can still say what ever you want. It's again too much power of TikTok. > I am fundamentally against anything whose goal is to avoid ""mass manipulation"" that is essentially saying we should ban things that get popular which we don't like That absolutely NOT my point. Effectively, my point promote to be against ""mass manipulation"" but absolutely not ""we should ban things that get popular which we don't like"". Remember that I also regret the ban. I think it was justified but I don't think it's a solution. As a French, I learn early in life « Je ne suis pas d’accord avec ce que vous dites, mais je me battrai jusqu’au bout pour que vous puissiez le dire. ». Which can be translated ""I don't agree with what you say, but I'll fight for you to be able to say it."". We both agree on that and as I learned, our definitions of free speech are slightly different but the differences are not relevant here I think. For example and to finish, a ""not so good solution"" but something that could have been done to not ban TT is to switch the recommendation algorithm to the one of (the old) Twitter (or the current one of Mastodon), where people could have followers and tweets were shown on a timeline from they followers. Now, I will again take twitter as example. The fact that Twitter (the new one, X) have an Open-source recommendation algorithm make it not ban-able for example. Not really, twitter/the-algorithm isn't up-to-date and the models must be shared along with the source code but it's an example. What I say is twitter doesn't have a lot to do to make it any ban unjustified, If someone say ""there is too much power from the platform (twitter) and there is manipulation from it"", Twitter just have to update the source code (and the models) and it's verifiable (with hard work, but not impossible). That the algorithm is biased is not the point, you have the right to consult media you know the algorithm is biased. The point is that the algorithm must be verifiable. Thank you for the debate. If I don't respond quickly enough, please send me an e-mail at ""ache-hn at ache.one"".",Trudeau government bans TikTok from operating in Canada,https://news.ycombinator.com/item?id=42088781,_ache_,,,,Twitter recommendation algorithm,Conservative keyword/context screen: recommendation/ranking/feed plus change/platform context.,42070946,https://www.cbc.ca/news/politics/tiktok-canada-review-1.7375965,2026-09-21T19:44:34.808161+00:00,UTC,"> They can both be checked by everyone and verified. No, that not what I mean. What you can't check is that they push something to someone specifically to make that person react in a certain way. That is not verifiable. Regardless of whether the content is true or false (that doesn't matter actually, or should I say it's less important whether it's true or not, obviously fake news are a problem but less important than that). > Adding new information to your life will modify your view of the world. Yes. And you should be able to choose what you add to your life, what you watch freely. Not a recommended algorithm that nobody understand how it works. > You are just using a feature of content to argue it should be banned. I'm sorry ? I don't understand what you are saying here. I read it many times, but I just don't understand what you mean. > But content is not opium It's debatable. Nearly 100% of TikTok traffic is recommended (it's an estimation) and as or some years ago(2015 ?), about 70% of Youtube was recommended (given by youtube). That mean people do not expressly choose what they watch and particularly, most of the traffic is compulsive. But it's debatable, you are right ""content is not opium"" but sometime it's consumed as if it were so how to deal with it ? > and free speech is sacrosanct Once again, yes. It's not about the content that is on TikTok, sorry if didn't make it clear. It's not about free speech. You can still say what ever you want. It's again too much power of TikTok. > I am fundamentally against anything whose goal is to avoid ""mass manipulation"" that is essentially saying we should ban things that get popular which we don't like That absolutely NOT my point. Effectively, my point promote to be against ""mass manipulation"" but absolutely not ""we should ban things that get popular which we don't like"". Remember that I also regret the ban. I think it was justified but I don't think it's a solution. As a French, I learn early in life « Je ne suis pas d’accord avec ce que vous dites, mais je me battrai jusqu’au bout pour que vous puissiez le dire. ». Which can be translated ""I don't agree with what you say, but I'll fight for you to be able to say it."". We both agree on that and as I learned, our definitions of free speech are slightly different but the differences are not relevant here I think. For example and to finish, a ""not so good solution"" but something that could have been done to not ban TT is to switch the recommendation algorithm to the one of (the old) Twitter (or the current one of Mastodon), where people could have followers and tweets were shown on a timeline from they followers. Now, I will again take twitter as example. The fact that Twitter (the new one, X) have an Open-source recommendation algorithm make it not ban-able for example. Not really, twitter/the-algorithm isn't up-to-date and the models must be shared along with the source code but it's an example. What I say is twitter doesn't have a lot to do to make it any ban unjustified, If someone say ""there is too much power from the platform (twitter) and there is manipulation from it"", Twitter just have to update the source code (and the models) and it's verifiable (with hard work, but not impossible). That the algorithm is biased is not the point, you have the right to consult media you know the algorithm is biased. The point is that the algorithm must be verifiable. Thank you for the debate. If I don't respond quickly enough, please send me an e-mail at ""ache-hn at ache.one"".","recommendation/feed context plus documented change, reaction, quality, or user-control signal",Negative,0.790310790523885,0.14699044989706203,0.06269875957905319
hn_42150481,Hacker News,public_comment,2024-11-15 20:18:42+00:00,2024-11-15,"Threads seems unusable unless they change the algorithm. It defaults to For You and For You is 50% Instagram-style engagement bait, 50% people you've never heard of complaining about things you've never heard of, and 0% people you're actually following. If they fix that it could indeed be quite good, but it still feels too much like ""broadcasting"" vs ""conversation"", and I'm personally not ready to be popular like that. Bluesky does have a little toxic positivity but it's much better, and it's possible to chat with friends on it. (When I try enabling the algorithm features they still won't stop showing me gay porn though.)","Maybe Bluesky has ""won""",https://news.ycombinator.com/item?id=42150481,astrange,,,,Instagram algorithm change,Conservative keyword/context screen: recommendation/ranking/feed plus change/platform context.,42150278,https://anderegg.ca/2024/11/15/maybe-bluesky-has-won,2026-09-21T19:44:34.808161+00:00,UTC,"Threads seems unusable unless they change the algorithm. It defaults to For You and For You is 50% Instagram-style engagement bait, 50% people you've never heard of complaining about things you've never heard of, and 0% people you're actually following. If they fix that it could indeed be quite good, but it still feels too much like ""broadcasting"" vs ""conversation"", and I'm personally not ready to be popular like that. Bluesky does have a little toxic positivity but it's much better, and it's possible to chat with friends on it. (When I try enabling the algorithm features they still won't stop showing me gay porn though.)","recommendation/feed context plus documented change, reaction, quality, or user-control signal",Positive,0.35156585576813,0.08510099151264248,0.5633331527192275
hn_42244890,Hacker News,public_comment,2024-11-26 11:51:02+00:00,2024-11-26,"Found this on a post on Reddit (original source is linked below)- Bluesky: Bsky is crazy- unlike X, which took me months to get anywhere. On Bsky, the audience seemed really into the content that was being posted. I saw accounts with interests similar to the website's niche, so I followed and clicked through the link to the site. It's super motivating to see! Interactivity Studio: Super cool free marketing tool- I've noticed an increase in conversions and click-throughs when I embed interactive images of affiliate products on my site. The interactivity also helped decrease bounce rates for traffic coming from Pinterest. And yes, I post on the community to get more traffic from Interactivity Studio and add a link to my blog for a backlink. On one of my sites, I embedded a map with different regions linked to different pages. Worked much better to get my audience to check out more pages on my site. Unsplash: Yes, you heard me right- Unsplash. If you are in a visual niche and are taking original photos, posting them on Unsplash can be a goldmine- especially if you are running an agency type of business or a digital marketing type of business. Whenever someone downloads your photo, there is a chance they might give you attribution, which can improve your brand/ website visibility. I have tried the same with other stock image platforms too but Unsplash has shown the best results so far. Peerlist: At first I thought this was some wannabe Product Hunt, but then they did a feature launch of Peerlist articles. Even though most of the audience is into tech, I found that posting articles here works great for parasite SEO. If you are targeting low keyword difficulty keywords, you can rank much faster through Peerlist as articles get indexed relatively fast. Also, if you post on the weekly launchpad, you get a do-follow backlink. Dailymotion: Who here still remembers Dailymotion? At one point, they were actually bigger than YouTube. I have crossposted some of the long-form video content from my YouTube channel to Dailymotion. Surprisingly seeing similar results in terms of views here since the videos are also getting indexed in SERP. Threads It was a smooth transition setting up Threads since I already had an Instagram account with 100+ followers. I started to see some engagement when I posted links to my site. However, I shifted gears to see what people were searching for and what my competitors were not focusing on and created content accordingly. This helped grow my threads account and get more traffic to my site. Framer Plugins: This one is for the devs. Framer recently announced the launch of Framer Plugins. Much like WordPress plugins, this opens doors to multiple possibilities- especially if you are running a SaaS business. There are only 54 plugins as of the writing of this post, so your chances to get noticed and acquire new users is high- unlike WordPress, which literally has thousands of plugins. Webview Apps: I had a tool site that was in a high-competition niche. I got someone on Fiverr to turn my site into an Android app and published it to the Play Store. Since then, the app received more than 50,000 installs and has been a reliable source of traffic for me. Uneed(dot)best: This platform has come a long way since its launch. They're getting some serious traffic, and every tool/ website that you submit here gets featured which was a big w. The only downside is that if you don't make it to the top 3 upvoted products for the day, you don't get a do-follow backlink. But if you do, it'll send traffic to your website forever. Gumroad: If you are looking to grow your email list, or to create an additional source of revenue for your website, I found Gumroad to be quite effective. I created a downloadable digital product and listed it on Gumroad for free. Then I put a link on my site for users to get the 'Free Guide'. Built an email list from 0-100 in a matter of 1 month through this method. I found this to work far better than the Grow plugin I had mentioned in my post earlier. Flipboard: Before they changed the algorithm, things were going pretty well and I was seeing a decent number of outbound clicks. But now I am not sure anymore. I am a/b testing things to see what works and plant to double down on what actually does, but in the meantime, I still think that original content tends to do much better here. Google Classroom: If you are in the education niche, it might feel more native for your users to join your space in a Google Classroom. Once you build an audience here, you can add links to your content and drive targeted traffic to your website. If you are not in the education niche, telegram or WhatsApp are good places to build your audience. Slideshare: If the nature of your website involves documents, slideshows, etc, then posting them on Slideshare can be another great avenue to get more eyeballs on your content and website. I prefer Slideshare over Scribd or Issuu since the user experience is much nicher imo, but you can post on similar document-sharing platforms too. Link to the original post on Reddit- https://www.reddit.com/r/juststart/comments/1gvoiep/a_list_o...",Ask HN: Where to advertise my SaaS other than Google?,https://news.ycombinator.com/item?id=42244890,interactivity,,,,Instagram algorithm change,Conservative keyword/context screen: recommendation/ranking/feed plus change/platform context.,42227118,,2026-09-21T19:44:34.808161+00:00,UTC,"Found this on a post on Reddit (original source is linked below)- Bluesky: Bsky is crazy- unlike X, which took me months to get anywhere. On Bsky, the audience seemed really into the content that was being posted. I saw accounts with interests similar to the website's niche, so I followed and clicked through the link to the site. It's super motivating to see! Interactivity Studio: Super cool free marketing tool- I've noticed an increase in conversions and click-throughs when I embed interactive images of affiliate products on my site. The interactivity also helped decrease bounce rates for traffic coming from Pinterest. And yes, I post on the community to get more traffic from Interactivity Studio and add a link to my blog for a backlink. On one of my sites, I embedded a map with different regions linked to different pages. Worked much better to get my audience to check out more pages on my site. Unsplash: Yes, you heard me right- Unsplash. If you are in a visual niche and are taking original photos, posting them on Unsplash can be a goldmine- especially if you are running an agency type of business or a digital marketing type of business. Whenever someone downloads your photo, there is a chance they might give you attribution, which can improve your brand/ website visibility. I have tried the same with other stock image platforms too but Unsplash has shown the best results so far. Peerlist: At first I thought this was some wannabe Product Hunt, but then they did a feature launch of Peerlist articles. Even though most of the audience is into tech, I found that posting articles here works great for parasite SEO. If you are targeting low keyword difficulty keywords, you can rank much faster through Peerlist as articles get indexed relatively fast. Also, if you post on the weekly launchpad, you get a do-follow backlink. Dailymotion: Who here still remembers Dailymotion? At one point, they were actually bigger than YouTube. I have crossposted some of the long-form video content from my YouTube channel to Dailymotion. Surprisingly seeing similar results in terms of views here since the videos are also getting indexed in SERP. Threads It was a smooth transition setting up Threads since I already had an Instagram account with 100+ followers. I started to see some engagement when I posted links to my site. However, I shifted gears to see what people were searching for and what my competitors were not focusing on and created content accordingly. This helped grow my threads account and get more traffic to my site. Framer Plugins: This one is for the devs. Framer recently announced the launch of Framer Plugins. Much like WordPress plugins, this opens doors to multiple possibilities- especially if you are running a SaaS business. There are only 54 plugins as of the writing of this post, so your chances to get noticed and acquire new users is high- unlike WordPress, which literally has thousands of plugins. Webview Apps: I had a tool site that was in a high-competition niche. I got someone on Fiverr to turn my site into an Android app and published it to the Play Store. Since then, the app received more than 50,000 installs and has been a reliable source of traffic for me. Uneed(dot)best: This platform has come a long way since its launch. They're getting some serious traffic, and every tool/ website that you submit here gets featured which was a big w. The only downside is that if you don't make it to the top 3 upvoted products for the day, you don't get a do-follow backlink. But if you do, it'll send traffic to your website forever. Gumroad: If you are looking to grow your email list, or to create an additional source of revenue for your website, I found Gumroad to be quite effective. I created a downloadable digital product and listed it on Gumroad for free. Then I put a link on my site for users to get the 'Free Guide'. Built an email list from 0-100 in a matter of 1 month through this method. I found this to work far better than the Grow plugin I had mentioned in my post earlier. Flipboard: Before they changed the algorithm, things were going pretty well and I was seeing a decent number of outbound clicks. But now I am not sure anymore. I am a/b testing things to see what works and plant to double down on what actually does, but in the meantime, I still think that original content tends to do much better here. Google Classroom: If you are in the education niche, it might feel more native for your users to join your space in a Google Classroom. Once you build an audience here, you can add links to your content and drive targeted traffic to your website. If you are not in the education niche, telegram or WhatsApp are good places to build your audience. Slideshare: If the nature of your website involves documents, slideshows, etc, then posting them on Slideshare can be another great avenue to get more eyeballs on your content and website. I prefer Slideshare over Scribd or Issuu since the user experience is much nicher imo, but you can post on similar document-sharing platforms too. Link to the original post on Reddit- URL","recommendation/feed context plus documented change, reaction, quality, or user-control signal",Positive,0.15786738045862977,0.32209509971391065,0.5200375198274596
hn_42278321,Hacker News,public_comment,2024-11-30 00:11:44+00:00,2024-11-30,"I was commenting on Twitter the other night just how bad Twitter's recommendations --- now hard to avoid, since everyone's funneled into the official web app --- have become; it's all random US political figures that don't intersect any of my interests. I likened it to 2003, when people fled Windows for the MacBook over issues like crapware (which: the X algorithm basically is). And: a lot of early MacBook adopters, most especially the ones that had been there for a long time, were insufferable! But we hit a point where one product was clearly better than the other, and you roll the tape forward and see how good the long-term prospects are for the niche product that just does what all its real users actually want it to. Hard to imagine why someone would go through so much trouble to acquire Twitter just to Ballmer-ize it. You usually have to have started and built up a product yourself to screw it up this badly.",The Engagement Is Better on Bluesky,https://news.ycombinator.com/item?id=42278321,tptacek,,,,Twitter recommendation algorithm,Conservative keyword/context screen: recommendation/ranking/feed plus change/platform context.,42277963,https://bsky.social/about/blog/11-29-2024-engagement,2026-09-21T19:44:34.808161+00:00,UTC,"I was commenting on Twitter the other night just how bad Twitter's recommendations --- now hard to avoid, since everyone's funneled into the official web app --- have become; it's all random US political figures that don't intersect any of my interests. I likened it to 2003, when people fled Windows for the MacBook over issues like crapware (which: the X algorithm basically is). And: a lot of early MacBook adopters, most especially the ones that had been there for a long time, were insufferable! But we hit a point where one product was clearly better than the other, and you roll the tape forward and see how good the long-term prospects are for the niche product that just does what all its real users actually want it to. Hard to imagine why someone would go through so much trouble to acquire Twitter just to Ballmer-ize it. You usually have to have started and built up a product yourself to screw it up this badly.","recommendation/feed context plus documented change, reaction, quality, or user-control signal",Negative,0.6468711816938549,0.054993692833478845,0.2981351254726662
hn_42278403,Hacker News,public_comment,2024-11-30 00:26:20+00:00,2024-11-30,"I found that some aggressive gardening of the 'For You' feed on Twitter made it borderline useful (By gardening I mean clicking the 'not interested in this post' option pretty aggressively). Eventually this seems to revert the recommendation algorithm to pre-Musk behavior. That said, this might be different on phones than on the web app. To your larger point, I think BlueSky is hobbled right now by the religious committment to decentralization, which the new arrivals don't care about at all. I would compare the situation to a world where people had to flee Windows for Linux—neither alternative is one that just works the way you'd want it to.",The Engagement Is Better on Bluesky,https://news.ycombinator.com/item?id=42278403,idlewords,,,,Twitter recommendation algorithm,Conservative keyword/context screen: recommendation/ranking/feed plus change/platform context.,42277963,https://bsky.social/about/blog/11-29-2024-engagement,2026-09-21T19:44:34.808161+00:00,UTC,"I found that some aggressive gardening of the 'For You' feed on Twitter made it borderline useful (By gardening I mean clicking the 'not interested in this post' option pretty aggressively). Eventually this seems to revert the recommendation algorithm to pre-Musk behavior. That said, this might be different on phones than on the web app. To your larger point, I think BlueSky is hobbled right now by the religious committment to decentralization, which the new arrivals don't care about at all. I would compare the situation to a world where people had to flee Windows for Linux—neither alternative is one that just works the way you'd want it to.","recommendation/feed context plus documented change, reaction, quality, or user-control signal",Negative,0.6122587229648349,0.16501366912482845,0.22272760791033666
hn_42347094,Hacker News,public_comment,2024-12-07 03:47:15+00:00,2024-12-07,"Tangent: There's a study that I can't access, but the abstract claims that during the 2020 election, chronological feeds exposed Facebook users to more ""untrustworthy content"", without necessarily having an effect on people's political knowledge or polarization [1]: > We investigated the effects of Facebook’s and Instagram’s feed algorithms during the 2020 US election. We assigned a sample of consenting users to reverse-chronologically-ordered feeds instead of the default algorithms. Moving users out of algorithmic feeds substantially decreased the time they spent on the platforms and their activity. The chronological feed also affected exposure to content: The amount of political and untrustworthy content they saw increased on both platforms, the amount of content classified as uncivil or containing slur words they saw decreased on Facebook, and the amount of content from moderate friends and sources with ideologically mixed audiences they saw increased on Facebook. Despite these substantial changes in users’ on-platform experience, the chronological feed did not significantly alter levels of issue polarization, affective polarization, political knowledge, or other key attitudes during the 3-month study period. [1] https://www.science.org/doi/10.1126/science.abp9364",TikTok divestment law upheld by federal appeals court,https://news.ycombinator.com/item?id=42347094,hn_acker,,,,Instagram algorithm change,Conservative keyword/context screen: recommendation/ranking/feed plus change/platform context.,42340959,https://www.cnbc.com/2024/12/06/tiktok-divestment-law-upheld-by-federal-appeals-court.html,2026-09-21T19:44:34.808161+00:00,UTC,"Tangent: There's a study that I can't access, but the abstract claims that during the 2020 election, chronological feeds exposed Facebook users to more ""untrustworthy content"", without necessarily having an effect on people's political knowledge or polarization [1]: > We investigated the effects of Facebook’s and Instagram’s feed algorithms during the 2020 US election. We assigned a sample of consenting users to reverse-chronologically-ordered feeds instead of the default algorithms. Moving users out of algorithmic feeds substantially decreased the time they spent on the platforms and their activity. The chronological feed also affected exposure to content: The amount of political and untrustworthy content they saw increased on both platforms, the amount of content classified as uncivil or containing slur words they saw decreased on Facebook, and the amount of content from moderate friends and sources with ideologically mixed audiences they saw increased on Facebook. Despite these substantial changes in users’ on-platform experience, the chronological feed did not significantly alter levels of issue polarization, affective polarization, political knowledge, or other key attitudes during the 3-month study period. [1] URL","recommendation/feed context plus documented change, reaction, quality, or user-control signal",Negative,0.5531462255634633,0.36980322768474355,0.0770505467517933
hn_42454480,Hacker News,public_comment,2024-12-18 20:07:21+00:00,2024-12-18,"> Nor would they encourage smartphone manufacturers to better sandbox users from profiling by apps, nor would they pass laws placing restrictions on the seedy data broker industry, nor would they pass laws preventing telcos from selling your data to the data brokers. Even with this legislation, the Chinese government can just buy similar data from data brokers who aggregate it from Facebook, Google, Snapchat, Twitter and other social media outlets. Hell, they can probably just buy TikTok's data from data brokers too - the law doesn't block TikTok selling their data anymore than it blocks Facebook et al. So... it's pretty clear this isn't really about surveilling U.S. citizens. That's just a convenient excuse. Per the WSJ's article today: > ""Lawmakers received classified briefings in which intelligence officials warned that China could use the app to spread Chinese propaganda and surveil Americans."" The other cited reason is ""Chinese propaganda"". But foreign governments already massively plant and promote propaganda across U.S. owned social networks - both overtly with paid ads and covertly with highly sophisticated astroturfing campaigns which manipulate social media recommendation algorithms. I'm not really sure the Chinese government theoretically having direct control of TikTok's algorithm vs indirectly manipulating the same algorithm from the outside is that big of a strategic advantage. Any manipulation has to be subtle because the TikTok algorithm has to remain highly optimized for retaining viewers as the highest priority. Pushing government favored propaganda has to be strictly limited so it doesn't nerf retention or become obvious. Also, despite the massive resources foreign (and domestic) governments have dedicated to propagandizing social media, most experts think it hasn't been all that effective. It can occasionally shift broad public opinion a tiny bit but, like overt political advertising, more meaningful movement tends to be limited to partisans who already agreed anyway. The overall predictability, repeatability and ROI are falling while the costs of adapting to game the system and avoid detection continue to increase. So, let me try to 'steel man' the government's case here... if the Chinese government actually does control TikTok's algorithm and data in a meaningful way, and assuming this actually gives them a significant effectiveness advantage and/or cost discount, maybe the true purpose of the U.S. legislation is to force the Chinese government to pay the same costs the U.S. government, U.S. political parties and foreign governments have to pay when trying to manipulate social media? Even assuming all that to be true, it doesn't sound important enough to be worth trying to tiptoe around the first amendment. Maybe the primary driver really is just political grandstanding and appearing to ""do something"" on an issue that naively appears 'important' to most voters. (As usual, it doesn't matter that the ""something"" being done won't change much. The important thing is appearing to do it.)",U.S. Supreme Court will hear arguments over TikTok divestment law,https://news.ycombinator.com/item?id=42454480,mrandish,,,,Twitter recommendation algorithm,Conservative keyword/context screen: recommendation/ranking/feed plus change/platform context.,42452131,https://www.cnbc.com/2024/12/18/tiktok-ban-supreme-court-will-hear-arguments.html,2026-09-21T19:44:34.808161+00:00,UTC,"> Nor would they encourage smartphone manufacturers to better sandbox users from profiling by apps, nor would they pass laws placing restrictions on the seedy data broker industry, nor would they pass laws preventing telcos from selling your data to the data brokers. Even with this legislation, the Chinese government can just buy similar data from data brokers who aggregate it from Facebook, Google, Snapchat, Twitter and other social media outlets. Hell, they can probably just buy TikTok's data from data brokers too - the law doesn't block TikTok selling their data anymore than it blocks Facebook et al. So... it's pretty clear this isn't really about surveilling U.S. citizens. That's just a convenient excuse. Per the WSJ's article today: > ""Lawmakers received classified briefings in which intelligence officials warned that China could use the app to spread Chinese propaganda and surveil Americans."" The other cited reason is ""Chinese propaganda"". But foreign governments already massively plant and promote propaganda across U.S. owned social networks - both overtly with paid ads and covertly with highly sophisticated astroturfing campaigns which manipulate social media recommendation algorithms. I'm not really sure the Chinese government theoretically having direct control of TikTok's algorithm vs indirectly manipulating the same algorithm from the outside is that big of a strategic advantage. Any manipulation has to be subtle because the TikTok algorithm has to remain highly optimized for retaining viewers as the highest priority. Pushing government favored propaganda has to be strictly limited so it doesn't nerf retention or become obvious. Also, despite the massive resources foreign (and domestic) governments have dedicated to propagandizing social media, most experts think it hasn't been all that effective. It can occasionally shift broad public opinion a tiny bit but, like overt political advertising, more meaningful movement tends to be limited to partisans who already agreed anyway. The overall predictability, repeatability and ROI are falling while the costs of adapting to game the system and avoid detection continue to increase. So, let me try to 'steel man' the government's case here... if the Chinese government actually does control TikTok's algorithm and data in a meaningful way, and assuming this actually gives them a significant effectiveness advantage and/or cost discount, maybe the true purpose of the U.S. legislation is to force the Chinese government to pay the same costs the U.S. government, U.S. political parties and foreign governments have to pay when trying to manipulate social media? Even assuming all that to be true, it doesn't sound important enough to be worth trying to tiptoe around the first amendment. Maybe the primary driver really is just political grandstanding and appearing to ""do something"" on an issue that naively appears 'important' to most voters. (As usual, it doesn't matter that the ""something"" being done won't change much. The important thing is appearing to do it.)","recommendation/feed context plus documented change, reaction, quality, or user-control signal",Negative,0.8592603671371581,0.06541596082420245,0.0753236720386395
hn_42474708,Hacker News,public_comment,2024-12-20 20:28:28+00:00,2024-12-20,Did you know that YouTube used to have this exact feature? It was called subscription collections and they publicly promised that they would replace that feature with something better when they removed it. That never happened. It's been 9 maybe 10 years since they said that. [1] The removal of that feature was an intentional push to take away user agency and push them into using YouTube's recommendation algorithm. The lying was a way to misdirect user complaints until it was too late. [1] https://news.ycombinator.com/item?id=38101629#38104494,Grayjay Desktop App,https://news.ycombinator.com/item?id=42474708,hysan,,,,YouTube recommendation algorithm,Conservative keyword/context screen: recommendation/ranking/feed plus change/platform context.,42473032,https://grayjay.app/desktop/,2026-09-21T19:44:34.808161+00:00,UTC,Did you know that YouTube used to have this exact feature? It was called subscription collections and they publicly promised that they would replace that feature with something better when they removed it. That never happened. It's been 9 maybe 10 years since they said that. [1] The removal of that feature was an intentional push to take away user agency and push them into using YouTube's recommendation algorithm. The lying was a way to misdirect user complaints until it was too late. [1] URL,"recommendation/feed context plus documented change, reaction, quality, or user-control signal",Negative,0.6226250634852933,0.2061126337651034,0.1712623027496032
hn_42601277,Hacker News,public_comment,2025-01-05 12:12:36+00:00,2025-01-05,"The metaphor of ""funhouse mirrors"" of distorted perception is apt. We have installed toxic channels of deeply negative behaviours into our society. Now we find ourselves trying to protect reality . The paper mentions all the points of concern, with even a brief reference to... the money . Given the enormous influence of advertising revenue (i.e. how these corporations survive), these sections in the paper are essential to consider: => Whose opinions are represented online? => Why are false norms worse online than offline? From the first section (Whose opinions are represented online?): """"False norms emerge, in part, because social media is dominated by a small number of extreme people who post only their most extreme opinions, and do so at a very high volume (Bor & Petersen, 2022) , while more moderate or neutral opinions are practically invisible online. Encountering a disproportionate volume of extreme opinions can lead to false perceptions that the norms are far more extreme than they actually are. This occurs across domains and platforms."""" From the second section (Why are false norms worse online than offline?): """"Social media operates in an attention economy, where design features and algorithms are designed to elicit as much engagement as possible (Fisher , 2022; Van Bavel et al., 2024). Platforms then sell ad space to companies based on indices of attention. As such, there is a strong incentive for users to create content that maximizes engagement–rather than content that reflects reality. And, given that those who are the most active on social media are also the most extreme (Barberá & Rivero, 2015; Bor & Petersen, 2022 ), this creates a perverse incentive structure to reward surprising, negative, extreme or divisive content. For instance, news stories that express outgroup animosity are 67% more likely to be shared on social media (Rathje et al., 2021). Thus, people with more extreme or hostile beliefs tend to dominate discourse – drowning out or overshading more mild or nuanced content (Bail, 2022) and leading to false beliefs about the norms of a community . These online dynamics are amplified by the design features and recommendation algorithms on various platforms (Brady et al., 2020; Brady , Jackson, et al., 2023). For instance, a recent analysis of the algorithm on Twitter/X found that it prioritizes evocative content (Milli et al., 2023) . This incentivizes users to create this type of content which can help them build a large following while warping public perceptions of norms. This is compounded due to the fact that there is often little motivation for someone to post a nuanced or moderate opinion on social media. Moreover , nuanced or moderate posts often risk hostility from more extreme ingroup and outgroup members, especially since such hostility has no cost for the aggressor due to the social distance the online environment af fords (Robertson et al., in press) . Indeed, people who are politically moderate were more likely to report being harassed online, even though they were also less likely to post (Bail, 2022) . People who hold less extreme beliefs have less investment in arguing, and when attacked by people who have more strongly held beliefs, perceive it as more hostile. The fact that people who “troll” other people typically have higher dark triad characteristics also does not encourage nuanced debate (Brubaker et al., 2021"""" === The very real effects of social media on actual public discourse (extreme opinions, insults, threats) can be observed everywhere in daily life. And even on HN, where moderation has been successful, I have no doubt that dang and other moderators could recount dreadful things.",Social Media Distorts Perceptions of Norms,https://news.ycombinator.com/item?id=42601277,heresie-dabord,,,,Twitter recommendation algorithm,Conservative keyword/context screen: recommendation/ranking/feed plus change/platform context.,42600626,https://osf.io/preprints/psyarxiv/kgcrq,2026-09-21T19:44:34.808161+00:00,UTC,"The metaphor of ""funhouse mirrors"" of distorted perception is apt. We have installed toxic channels of deeply negative behaviours into our society. Now we find ourselves trying to protect reality . The paper mentions all the points of concern, with even a brief reference to... the money . Given the enormous influence of advertising revenue (i.e. how these corporations survive), these sections in the paper are essential to consider: => Whose opinions are represented online? => Why are false norms worse online than offline? From the first section (Whose opinions are represented online?): """"False norms emerge, in part, because social media is dominated by a small number of extreme people who post only their most extreme opinions, and do so at a very high volume (Bor & Petersen, 2022) , while more moderate or neutral opinions are practically invisible online. Encountering a disproportionate volume of extreme opinions can lead to false perceptions that the norms are far more extreme than they actually are. This occurs across domains and platforms."""" From the second section (Why are false norms worse online than offline?): """"Social media operates in an attention economy, where design features and algorithms are designed to elicit as much engagement as possible (Fisher , 2022; Van Bavel et al., 2024). Platforms then sell ad space to companies based on indices of attention. As such, there is a strong incentive for users to create content that maximizes engagement–rather than content that reflects reality. And, given that those who are the most active on social media are also the most extreme (Barberá & Rivero, 2015; Bor & Petersen, 2022 ), this creates a perverse incentive structure to reward surprising, negative, extreme or divisive content. For instance, news stories that express outgroup animosity are 67% more likely to be shared on social media (Rathje et al., 2021). Thus, people with more extreme or hostile beliefs tend to dominate discourse – drowning out or overshading more mild or nuanced content (Bail, 2022) and leading to false beliefs about the norms of a community . These online dynamics are amplified by the design features and recommendation algorithms on various platforms (Brady et al., 2020; Brady , Jackson, et al., 2023). For instance, a recent analysis of the algorithm on Twitter/X found that it prioritizes evocative content (Milli et al., 2023) . This incentivizes users to create this type of content which can help them build a large following while warping public perceptions of norms. This is compounded due to the fact that there is often little motivation for someone to post a nuanced or moderate opinion on social media. Moreover , nuanced or moderate posts often risk hostility from more extreme ingroup and outgroup members, especially since such hostility has no cost for the aggressor due to the social distance the online environment af fords (Robertson et al., in press) . Indeed, people who are politically moderate were more likely to report being harassed online, even though they were also less likely to post (Bail, 2022) . People who hold less extreme beliefs have less investment in arguing, and when attacked by people who have more strongly held beliefs, perceive it as more hostile. The fact that people who “troll” other people typically have higher dark triad characteristics also does not encourage nuanced debate (Brubaker et al., 2021"""" === The very real effects of social media on actual public discourse (extreme opinions, insults, threats) can be observed everywhere in daily life. And even on HN, where moderation has been successful, I have no doubt that dang and other moderators could recount dreadful things.","recommendation/feed context plus documented change, reaction, quality, or user-control signal",Negative,0.8254428573245101,0.09665647206011506,0.07790067061537485
hn_42761435,Hacker News,public_comment,2025-01-19 20:26:46+00:00,2025-01-19,"I engaged directly with what you said. Namely, >Obviously the transfer of ownership was always about the content I’m struggling to see why you say I didn’t. > you don't need to do any actual censoring because American business leaders change their political opinions in line with the sitting administration I think this is blatantly not true. Instagram, reddit, and others host a TON of anti-current-administration content. Now, I’d like to discuss your assertion that there is no other security argument with a series of questions. I do not believe even a casual observer can uniformly answer “no” to the following; Do you think it is likely that CCP has access to the data obtained by Tik Tok on US phones? Do you think the US government warnings and security audit results were based on real concerns and findings? Do you think it is a national security risk for millions of Americans to run CCP controlled code on their phones? Do you think CCP is able to control the Tik Tok recommendation algorithms to promote their interests, possibly at the expense of American interests?",TikTok says it is restoring service for U.S. users,https://news.ycombinator.com/item?id=42761435,LPisGood,,,,Instagram algorithm change,Conservative keyword/context screen: recommendation/ranking/feed plus change/platform context.,42759336,https://www.nbcnews.com/tech/tech-news/tiktok-says-restoring-service-us-users-rcna188320,2026-09-21T19:44:34.808161+00:00,UTC,"I engaged directly with what you said. Namely, >Obviously the transfer of ownership was always about the content I’m struggling to see why you say I didn’t. > you don't need to do any actual censoring because American business leaders change their political opinions in line with the sitting administration I think this is blatantly not true. Instagram, reddit, and others host a TON of anti-current-administration content. Now, I’d like to discuss your assertion that there is no other security argument with a series of questions. I do not believe even a casual observer can uniformly answer “no” to the following; Do you think it is likely that CCP has access to the data obtained by Tik Tok on US phones? Do you think the US government warnings and security audit results were based on real concerns and findings? Do you think it is a national security risk for millions of Americans to run CCP controlled code on their phones? Do you think CCP is able to control the Tik Tok recommendation algorithms to promote their interests, possibly at the expense of American interests?","recommendation/feed context plus documented change, reaction, quality, or user-control signal",Negative,0.5805879378383396,0.4001013052183733,0.019310756943287082
hn_42768374,Hacker News,public_comment,2025-01-20 13:14:33+00:00,2025-01-20,"> Parent talks about Meta, you mention Microsoft. Meta is in the social networking domain Microsoft operated its own popular social network in China, called MSN Messenger. Tens of millions Chinese users were on that platform for like a decade until the release of mobile based WeChat. > which the communist party in China has treated for years as a matter of national security It is a matter of national security, we all saw what happened on twitter shortly before the 6th Jan 2021 attack. https://www.presidency.ucsb.edu/documents/tweets-january-5-2... https://www.presidency.ucsb.edu/documents/tweets-january-6-2... That is the exact reason why everyone agreed that TikTok must host all US data and its deployed recommendation algorithm code in the US with 3rd party audit access by an appointed US entity. The only question here is why should Meta and Google be exempted from the exact same rules if they want to operate their services in China.",TikTok says it is restoring service for U.S. users,https://news.ycombinator.com/item?id=42768374,tw1984,,,,Twitter recommendation algorithm,Conservative keyword/context screen: recommendation/ranking/feed plus change/platform context.,42759336,https://www.nbcnews.com/tech/tech-news/tiktok-says-restoring-service-us-users-rcna188320,2026-09-21T19:44:34.808161+00:00,UTC,"> Parent talks about Meta, you mention Microsoft. Meta is in the social networking domain Microsoft operated its own popular social network in China, called MSN Messenger. Tens of millions Chinese users were on that platform for like a decade until the release of mobile based WeChat. > which the communist party in China has treated for years as a matter of national security It is a matter of national security, we all saw what happened on twitter shortly before the 6th Jan 2021 attack. URL URL That is the exact reason why everyone agreed that TikTok must host all US data and its deployed recommendation algorithm code in the US with 3rd party audit access by an appointed US entity. The only question here is why should Meta and Google be exempted from the exact same rules if they want to operate their services in China.","recommendation/feed context plus documented change, reaction, quality, or user-control signal",Neutral,0.4057250485943331,0.456823219858473,0.13745173154719376
hn_42913493,Hacker News,public_comment,2025-02-03 00:37:34+00:00,2025-02-03,"What does that even mean? Treating each iterative model as a new product is not any different than Google changing its search or youtube recommendation algorithm. Different pre-cooked prompts and filters don’t really amount to new products either, despite them being marketed as such. It’s like adobe treating each tool in photoshop as its own product.",Introducing deep research,https://news.ycombinator.com/item?id=42913493,kortilla,,,,YouTube recommendation algorithm,Conservative keyword/context screen: recommendation/ranking/feed plus change/platform context.,42913251,https://openai.com/index/introducing-deep-research/,2026-09-21T19:44:34.808161+00:00,UTC,"What does that even mean? Treating each iterative model as a new product is not any different than Google changing its search or youtube recommendation algorithm. Different pre-cooked prompts and filters don’t really amount to new products either, despite them being marketed as such. It’s like adobe treating each tool in photoshop as its own product.","recommendation/feed context plus documented change, reaction, quality, or user-control signal",Negative,0.5802003003157307,0.32706517064570934,0.09273452903856008
hn_42999954,Hacker News,public_comment,2025-02-10 13:24:39+00:00,2025-02-10,"I completely agree, though I haven't been thinking in terms of the cancer metaphor myself. I have been thinking a bit about how we could limit the negative effects of both advertising and other phenomena like social media algorithms: 1. Almost all advertising is based on manipulation of human cognitive biases. There is a limited set of biases, and the mechanisms by which they can be exploited are both limited and easily detected – we can most likely train AI to do it. Therefore, it's possible to start thinking seriously about making laws that ban corporations and organisations from creating marketing that exploits these cognitive biases. 2. When it comes to social media platforms, there are two routes we could go down. Either we could regulate their algorithms the same way – or we could force social media platforms to both make their recommendation algorithms open source, and to open up their platforms to third-party recommendation algorithms that people can choose to use instead. This would be like a recommendation algorithm app store that the company has to provide to their users. You might want to select a youtube recommendation algorithm that optimises for personal development – or a facebook feed that optimises for creating real-world connections Of course corporations would fight this kind of legislation with tooth and claw, but that's how it is. I would be happy to get some thoughtful feedback on these ideas, their technical and legal plausibility, and any potential negative unintended consequences or loopholes that could undermine them",Advertising Is a Cancer on Society (2019),https://news.ycombinator.com/item?id=42999954,Henk0,,,,YouTube recommendation algorithm,Conservative keyword/context screen: recommendation/ranking/feed plus change/platform context.,42999561,https://jacek.zlydach.pl/blog/2019-07-31-ads-as-cancer.html,2026-09-21T19:44:34.808161+00:00,UTC,"I completely agree, though I haven't been thinking in terms of the cancer metaphor myself. I have been thinking a bit about how we could limit the negative effects of both advertising and other phenomena like social media algorithms: 1. Almost all advertising is based on manipulation of human cognitive biases. There is a limited set of biases, and the mechanisms by which they can be exploited are both limited and easily detected – we can most likely train AI to do it. Therefore, it's possible to start thinking seriously about making laws that ban corporations and organisations from creating marketing that exploits these cognitive biases. 2. When it comes to social media platforms, there are two routes we could go down. Either we could regulate their algorithms the same way – or we could force social media platforms to both make their recommendation algorithms open source, and to open up their platforms to third-party recommendation algorithms that people can choose to use instead. This would be like a recommendation algorithm app store that the company has to provide to their users. You might want to select a youtube recommendation algorithm that optimises for personal development – or a facebook feed that optimises for creating real-world connections Of course corporations would fight this kind of legislation with tooth and claw, but that's how it is. I would be happy to get some thoughtful feedback on these ideas, their technical and legal plausibility, and any potential negative unintended consequences or loopholes that could undermine them","recommendation/feed context plus documented change, reaction, quality, or user-control signal",Negative,0.49277858351194215,0.18134064015578055,0.32588077633227724
hn_43017972,Hacker News,public_comment,2025-02-11 20:31:17+00:00,2025-02-11,"Thanks for your thoughts! Yes, it does to an extent rely on your direct / extended network having pets - and just as with the established platforms there is no guarantee :) - but also nothing much to lose^^ Worst case get is a solid foundation that you can print out and plaster all across your city and facebook groups. Most of my petsitting jobs didn’t come from the established platforms so it can work as a cure for those who are underwhelmed by the platforms. When you create a card you get a personalised message containing all the relevant location hashtags and pet preferences as hashtags e.g. #catsitting or #reptilesitting . People who have those interests (pet owners, travel-affine) would then see it more likely (besides your own connections who might know someone etc.). Another idea would be to share the card on an Instagram profile and run targeted ads to wherever you want to sit next - so pet owners from there can reach out to you directly. And if there is no luck through direct connections, there are still the good old local facebook groups :). Especially on a place like LinkedIn however which otherwise is full of ""I have a new job""-posts, pet content serves as a good antidote - and LinkedIn's algorithms are very much in favour of showing content to 2nd and 3rd connections. I think LinkedIn is a good place to experiment since there are many professionals in stable life situations who do travel abroad once in a while and maybe even create lasting personal connections across countries. In general it is more meant to break the ice, get the word out, leave an impression and maybe next time your 1st, 2nd or 3rd connections need a sitter they think of you. I actually had the backend built, with user access, password etc so users would have a live card on the page they could share - but the larger the project grew, the longer changes took - and I did not like the idea of becoming a middleman myself, be in charge of the data and user account / database management. It would have become yet another platform. This was really the result of recycling the idea and re-empathising the M in MVP and making it more accessible for people to spread the message :)",Show HN: Petset.Life – Toolkit for becoming a nomad petsitter,https://news.ycombinator.com/item?id=43017972,philjw,,,,Instagram algorithm change,Conservative keyword/context screen: recommendation/ranking/feed plus change/platform context.,43016946,https://petset.life/,2026-09-21T19:44:34.808161+00:00,UTC,"Thanks for your thoughts! Yes, it does to an extent rely on your direct / extended network having pets - and just as with the established platforms there is no guarantee :) - but also nothing much to lose^^ Worst case get is a solid foundation that you can print out and plaster all across your city and facebook groups. Most of my petsitting jobs didn’t come from the established platforms so it can work as a cure for those who are underwhelmed by the platforms. When you create a card you get a personalised message containing all the relevant location hashtags and pet preferences as hashtags e.g. #catsitting or #reptilesitting . People who have those interests (pet owners, travel-affine) would then see it more likely (besides your own connections who might know someone etc.). Another idea would be to share the card on an Instagram profile and run targeted ads to wherever you want to sit next - so pet owners from there can reach out to you directly. And if there is no luck through direct connections, there are still the good old local facebook groups :). Especially on a place like LinkedIn however which otherwise is full of ""I have a new job""-posts, pet content serves as a good antidote - and LinkedIn's algorithms are very much in favour of showing content to 2nd and 3rd connections. I think LinkedIn is a good place to experiment since there are many professionals in stable life situations who do travel abroad once in a while and maybe even create lasting personal connections across countries. In general it is more meant to break the ice, get the word out, leave an impression and maybe next time your 1st, 2nd or 3rd connections need a sitter they think of you. I actually had the backend built, with user access, password etc so users would have a live card on the page they could share - but the larger the project grew, the longer changes took - and I did not like the idea of becoming a middleman myself, be in charge of the data and user account / database management. It would have become yet another platform. This was really the result of recycling the idea and re-empathising the M in MVP and making it more accessible for people to spread the message :)","recommendation/feed context plus documented change, reaction, quality, or user-control signal",Negative,0.6412135488496485,0.17470459892138038,0.1840818522289712
hn_43279112,Hacker News,public_comment,2025-03-06 11:49:38+00:00,2025-03-06,"> I think the web itself could have been the platform. The web itself does not suggest new content. People really want novelty. They want a feed of new and interesting stuff, without having to make too much curatorial effort of their own. So there's been generations of ""link aggregator"" sites: slashdot, k5, digg, reddit, HN itself. As well as that being a key part of twitter and now bluesky use. Providing a feed is also crucial to youtube and TikTok - the recommendation algorithm for TikTok is ultimately what got it ""banned"" in the US, and then unbanned when they agreed to change the propaganda to something more favourable to Trump. I use bluesky, but I'm not really optimistic about it any more. It's doomed by the all-consuming US news cycle.",Forget Twitter Threads; Write a Blog Post Instead (2021),https://news.ycombinator.com/item?id=43279112,pjc50,,,,Twitter recommendation algorithm,Conservative keyword/context screen: recommendation/ranking/feed plus change/platform context.,43277924,https://kevquirk.com/blog/forget-twitter-threads-write-a-blog-post-instead,2026-09-21T19:44:34.808161+00:00,UTC,"> I think the web itself could have been the platform. The web itself does not suggest new content. People really want novelty. They want a feed of new and interesting stuff, without having to make too much curatorial effort of their own. So there's been generations of ""link aggregator"" sites: slashdot, k5, digg, reddit, HN itself. As well as that being a key part of twitter and now bluesky use. Providing a feed is also crucial to youtube and TikTok - the recommendation algorithm for TikTok is ultimately what got it ""banned"" in the US, and then unbanned when they agreed to change the propaganda to something more favourable to Trump. I use bluesky, but I'm not really optimistic about it any more. It's doomed by the all-consuming US news cycle.","recommendation/feed context plus documented change, reaction, quality, or user-control signal",Negative,0.778668123107987,0.1176224959453611,0.10370938094665186
hn_43576679,Hacker News,public_comment,2025-04-03 23:25:55+00:00,2025-04-03,"Agree. The base claims about LLMs getting bigger, more popular, and capturing people's imagination are right. Those claims are as easy as it gets, though. Look into the specific claims and it's not as amazing. Like the claim that models will require an entire year to train, when in reality it's on the order of weeks. The societal claims also fall apart quickly: > Censorship is widespread and increasing, as it has for the last decade or two. Big neural nets read posts and view memes, scanning for toxicity and hate speech and a few other things. (More things keep getting added to the list.) Someone had the bright idea of making the newsfeed recommendation algorithm gently ‘nudge’ people towards spewing less hate speech; now a component of its reward function is minimizing the probability that the user will say something worthy of censorship in the next 48 hours. This is a common trend in rationalist and ""X-risk"" writers: Write a big article with mostly safe claims (LLMs will get bigger and perform better!) and a lot of hedging, then people will always see the article as primarily correct. When you extract out the easy claims and look at the specifics, it's not as impressive. This article also shows some major signs that the author is deeply embedded in specific online bubbles, like this: > Most of America gets their news from Twitter, Reddit, etc. Sites like Reddit and Twitter feel like the entire universe when you're embedded in them, but when you step back and look at the numbers only a fraction of the US population are active users.",AI 2027,https://news.ycombinator.com/item?id=43576679,Aurornis,,,,Twitter recommendation algorithm,Conservative keyword/context screen: recommendation/ranking/feed plus change/platform context.,43571851,https://ai-2027.com/,2026-09-21T19:44:34.808161+00:00,UTC,"Agree. The base claims about LLMs getting bigger, more popular, and capturing people's imagination are right. Those claims are as easy as it gets, though. Look into the specific claims and it's not as amazing. Like the claim that models will require an entire year to train, when in reality it's on the order of weeks. The societal claims also fall apart quickly: > Censorship is widespread and increasing, as it has for the last decade or two. Big neural nets read posts and view memes, scanning for toxicity and hate speech and a few other things. (More things keep getting added to the list.) Someone had the bright idea of making the newsfeed recommendation algorithm gently ‘nudge’ people towards spewing less hate speech; now a component of its reward function is minimizing the probability that the user will say something worthy of censorship in the next 48 hours. This is a common trend in rationalist and ""X-risk"" writers: Write a big article with mostly safe claims (LLMs will get bigger and perform better!) and a lot of hedging, then people will always see the article as primarily correct. When you extract out the easy claims and look at the specifics, it's not as impressive. This article also shows some major signs that the author is deeply embedded in specific online bubbles, like this: > Most of America gets their news from Twitter, Reddit, etc. Sites like Reddit and Twitter feel like the entire universe when you're embedded in them, but when you step back and look at the numbers only a fraction of the US population are active users.","recommendation/feed context plus documented change, reaction, quality, or user-control signal",Negative,0.7251109797908214,0.11060466321958784,0.16428435698959076
hn_43598096,Hacker News,public_comment,2025-04-06 01:02:04+00:00,2025-04-06,"> Going further: do you want a US internet, a French internet, Japanese internet, etc? The Internet was conceived as a network of independent nodes, all interconnected. What I said looks a lot more like what the Internet was intended to be than YouTube does. > I would prefer to avoid fragmentation of the ecosystem, since it complicates discovery of content, reduces potential reach, limits cross-pollination of ideas, etc. Aggregators, RSS feeds or similar, word of mouth, all those things help with relevant discovery. The YouTube recommendations algorithm seems to do less so. > Suppose that I really want to consume content from certain UK creators, but the UK YouTube-equivalent is region-locked, as much of BBC is today. That's a net loss compared to the status quo. Perhaps. You might also ask yourself why they are region-locked. I believe it will come down to advertisement, at least to a non-negligible amount. In any case, I'm not saying multi-language or multi-country websites and services would be prohibited from existing, only that the likes of YouTube would probably not be as profitable and may cease to exist. > And there are plenty of people who speak languages other than their native one. English literacy / fluency is a de facto standard in tech, whether we like it or not. It is. And within a certain circle it's less of a problem, though sometimes it can also become one. > It's not a matter of suppressing other cultures, but rather providing a common language for discourse. I assume you're a native English speaker, most likely from the USA. What you call ""a common language for discourse"" is unfortunately exactly the suppression of other cultures. There's no way to have that common language without the language, the ideas and the very ways of thinking approaching more the one of the language that's becoming common. The very premise of TFA shows that. Propaganda and advertisement are one and the same in some languages. And that has profound implications in how the speakers of those languages interpret the world in what pertains to these concepts. By ""providing a common language"" where there is an intrinsic difference between the words, that world view, the very premises of those other cultures are changed and moulded to be more similar to those of the dominant language. The very existence of said common language makes the world less interesting, it slowly erases and erodes individualities of cultures and ultimately we as a species are poorer for it.",What if we made advertising illegal?,https://news.ycombinator.com/item?id=43598096,cassianoleal,,,,YouTube recommendation algorithm,Conservative keyword/context screen: recommendation/ranking/feed plus change/platform context.,43595269,https://simone.org/advertising/,2026-09-21T19:44:34.808161+00:00,UTC,"> Going further: do you want a US internet, a French internet, Japanese internet, etc? The Internet was conceived as a network of independent nodes, all interconnected. What I said looks a lot more like what the Internet was intended to be than YouTube does. > I would prefer to avoid fragmentation of the ecosystem, since it complicates discovery of content, reduces potential reach, limits cross-pollination of ideas, etc. Aggregators, RSS feeds or similar, word of mouth, all those things help with relevant discovery. The YouTube recommendations algorithm seems to do less so. > Suppose that I really want to consume content from certain UK creators, but the UK YouTube-equivalent is region-locked, as much of BBC is today. That's a net loss compared to the status quo. Perhaps. You might also ask yourself why they are region-locked. I believe it will come down to advertisement, at least to a non-negligible amount. In any case, I'm not saying multi-language or multi-country websites and services would be prohibited from existing, only that the likes of YouTube would probably not be as profitable and may cease to exist. > And there are plenty of people who speak languages other than their native one. English literacy / fluency is a de facto standard in tech, whether we like it or not. It is. And within a certain circle it's less of a problem, though sometimes it can also become one. > It's not a matter of suppressing other cultures, but rather providing a common language for discourse. I assume you're a native English speaker, most likely from the USA. What you call ""a common language for discourse"" is unfortunately exactly the suppression of other cultures. There's no way to have that common language without the language, the ideas and the very ways of thinking approaching more the one of the language that's becoming common. The very premise of TFA shows that. Propaganda and advertisement are one and the same in some languages. And that has profound implications in how the speakers of those languages interpret the world in what pertains to these concepts. By ""providing a common language"" where there is an intrinsic difference between the words, that world view, the very premises of those other cultures are changed and moulded to be more similar to those of the dominant language. The very existence of said common language makes the world less interesting, it slowly erases and erodes individualities of cultures and ultimately we as a species are poorer for it.","recommendation/feed context plus documented change, reaction, quality, or user-control signal",Negative,0.8049385976234155,0.08184714299638444,0.11321425938020015
hn_43717495,Hacker News,public_comment,2025-04-17 14:35:48+00:00,2025-04-17,"TikTok isn’t doing much that our domestic social media overlords aren’t doing to us themselves. Yeah Facebook is for boomers and Instagram is for millennials, but they’re only targeting the platforms like that because TikTok has already seized the younger demographics. If it wasn’t there they’re be on a Meta, Snap, YouTube, or Twitch app instead and still having their brains rotted. We need actual data privacy laws that make that business model of invasive surveillance capitalism non-viable as well as some of severe regulations placed on algorithmic recommendation engines to limit these harms. At the very least, users should be permitted to tune their algorithm parameters, including deciding how much they see things they’ve explicitly requested to see less of. Yeah we can scaremonger about TikTok all we want, but it’s not solely TikTok’s fault that it’s trash. The economic incentive structure is to produce a surfeit of brainwashing trash that erodes people’s mental health. We need to structurally change privacy laws and force market competition to crack these network effect monopolies if we want that to stop.",TikTok is harming children at an industrial scale,https://news.ycombinator.com/item?id=43717495,naravara,,,,Instagram algorithm change,Conservative keyword/context screen: recommendation/ranking/feed plus change/platform context.,43716665,https://www.afterbabel.com/p/industrial-scale-harm-tiktok,2026-09-21T19:44:34.808161+00:00,UTC,"TikTok isn’t doing much that our domestic social media overlords aren’t doing to us themselves. Yeah Facebook is for boomers and Instagram is for millennials, but they’re only targeting the platforms like that because TikTok has already seized the younger demographics. If it wasn’t there they’re be on a Meta, Snap, YouTube, or Twitch app instead and still having their brains rotted. We need actual data privacy laws that make that business model of invasive surveillance capitalism non-viable as well as some of severe regulations placed on algorithmic recommendation engines to limit these harms. At the very least, users should be permitted to tune their algorithm parameters, including deciding how much they see things they’ve explicitly requested to see less of. Yeah we can scaremonger about TikTok all we want, but it’s not solely TikTok’s fault that it’s trash. The economic incentive structure is to produce a surfeit of brainwashing trash that erodes people’s mental health. We need to structurally change privacy laws and force market competition to crack these network effect monopolies if we want that to stop.","recommendation/feed context plus documented change, reaction, quality, or user-control signal",Negative,0.5577345873437461,0.22464215270215301,0.2176232599541009
hn_44026725,Hacker News,public_comment,2025-05-19 05:32:58+00:00,2025-05-19,"There was a previous incident where Grok would say that Elon was the biggest spreader of misinformation on Twitter, which caused someone to add a line in the prompt so it would stop saying that. It was eventually claimed that it had been a new employee that made that change. The newer incident was related to White Genocide in South Africa. Another employee added a line about the topic, which caused Grok to randomly start talking about this even with unrelated questions. This latest incident ultimately caused the xAI team to decide to publish their prompts on GitHub. Even if their processes around this are a bit undercooked, they'll probably just keep iterating on it until landing in a good spot. It would be great if we could get a stronger guarantee that the prompt that is tagged on GitHub matches what is actually deployed to production. Something to look out for is whether this repo will actually be treated as a source of truth, or if it'll end up being a one-time dump that never gets updated. Previously, Elon made a lot of noise about open sourcing the recommendation algorithm for Twitter, but after the initial release the repo was never updated again, despite it being clear that there were changes being made to the recommendation algorithm. When I last saw someone ask Elon about this, he claimed that he would release the updated algorithm changes, but it hasn't happened. I think releasing the prompts for major LLMs is generally a good thing, and I'm hopeful that this might push other companies to follow along. At a minimum, platforms should disclose when they make changes to system prompts. Ideally, they would also release the prompt itself, but goodness exists on a scale and I try to be pragmatic.",[dead],https://news.ycombinator.com/item?id=44026725,TheAceOfHearts,,,,Twitter recommendation algorithm,Conservative keyword/context screen: recommendation/ranking/feed plus change/platform context.,44025851,,2026-09-21T19:44:34.808161+00:00,UTC,"There was a previous incident where Grok would say that Elon was the biggest spreader of misinformation on Twitter, which caused someone to add a line in the prompt so it would stop saying that. It was eventually claimed that it had been a new employee that made that change. The newer incident was related to White Genocide in South Africa. Another employee added a line about the topic, which caused Grok to randomly start talking about this even with unrelated questions. This latest incident ultimately caused the xAI team to decide to publish their prompts on GitHub. Even if their processes around this are a bit undercooked, they'll probably just keep iterating on it until landing in a good spot. It would be great if we could get a stronger guarantee that the prompt that is tagged on GitHub matches what is actually deployed to production. Something to look out for is whether this repo will actually be treated as a source of truth, or if it'll end up being a one-time dump that never gets updated. Previously, Elon made a lot of noise about open sourcing the recommendation algorithm for Twitter, but after the initial release the repo was never updated again, despite it being clear that there were changes being made to the recommendation algorithm. When I last saw someone ask Elon about this, he claimed that he would release the updated algorithm changes, but it hasn't happened. I think releasing the prompts for major LLMs is generally a good thing, and I'm hopeful that this might push other companies to follow along. At a minimum, platforms should disclose when they make changes to system prompts. Ideally, they would also release the prompt itself, but goodness exists on a scale and I try to be pragmatic.","recommendation/feed context plus documented change, reaction, quality, or user-control signal",Negative,0.6893610543922625,0.12876162764471902,0.18187731796301834
hn_44529655,Hacker News,public_comment,2025-07-11 08:30:00+00:00,2025-07-11,"Cosuno | Senior Full Stack Developer (TypeScript) / Senior Machine Learning Engineer – Generative AI | Remote (EU) / Berlin | Full-time | https://www.cosuno.com Cosuno is a fast-growing tech startup revolutionizing the construction industry with our digital platform for tenders and procurement. We use AI to analyze millions of price data points, helping construction companies create precise and efficient bids. We're looking to expand our team with creative minds who want to solve real-world problems and reshape a massive industry. We are an open-minded, collaborative, and international team. We're hiring for two key senior roles: --- Senior Full Stack Developer (TypeScript) Location: Remote (EU) / Berlin Stack: TypeScript, React, Node.js, Cypress, Kubernetes, AWS Mission: Take full ownership of features on both the frontend and backend of our product. You'll have the responsibility to extend and build upon our platform to make it more valuable, reliable, and maintainable. We value a trunk-based development workflow with daily releases, comprehensive end-to-end testing, and a solid CI/CD pipeline. You have: 5+ years of hands-on engineering experience, substantial expertise in JavaScript/TypeScript, and experience with Node.js (React is a plus). You thrive in an agile environment and have a pragmatic, startup mindset. --- Senior Machine Learning Engineer – Generative AI Location: Remote (EU) / Berlin Mission: Own end-to-end ML workflows from data ingestion to production deployment. You will dive deep into core application domains like price prediction, two-sided market design (ranking/recommendations), or agentic workflows using state-of-the-art LLMs. A key part of your role will be establishing and enforcing MLOps and LLMops best practices. You have: 5+ years of ML engineering experience, with at least one year working with LLMs. You possess strong Python skills, a proven track record of deploying containerized services (Docker, Kubernetes), and deep expertise in at least one of the following: deep learning (PyTorch, Transformers), ranking/matching algorithms, or LLMops (RAG, evals, fine-tuning). Interested? To apply and for more detailed information, please see the full job descriptions on our careers page: https://www.cosuno.com/en/company",Ask HN: Who is hiring? (July 2025),https://news.ycombinator.com/item?id=44529655,cosuno,,,,recommendation ranking,Conservative keyword/context screen: recommendation/ranking/feed plus change/platform context.,44434576,,2026-09-21T19:44:34.808161+00:00,UTC,"Cosuno | Senior Full Stack Developer (TypeScript) / Senior Machine Learning Engineer – Generative AI | Remote (EU) / Berlin | Full-time | URL Cosuno is a fast-growing tech startup revolutionizing the construction industry with our digital platform for tenders and procurement. We use AI to analyze millions of price data points, helping construction companies create precise and efficient bids. We're looking to expand our team with creative minds who want to solve real-world problems and reshape a massive industry. We are an open-minded, collaborative, and international team. We're hiring for two key senior roles: --- Senior Full Stack Developer (TypeScript) Location: Remote (EU) / Berlin Stack: TypeScript, React, Node.js, Cypress, Kubernetes, AWS Mission: Take full ownership of features on both the frontend and backend of our product. You'll have the responsibility to extend and build upon our platform to make it more valuable, reliable, and maintainable. We value a trunk-based development workflow with daily releases, comprehensive end-to-end testing, and a solid CI/CD pipeline. You have: 5+ years of hands-on engineering experience, substantial expertise in JavaScript/TypeScript, and experience with Node.js (React is a plus). You thrive in an agile environment and have a pragmatic, startup mindset. --- Senior Machine Learning Engineer – Generative AI Location: Remote (EU) / Berlin Mission: Own end-to-end ML workflows from data ingestion to production deployment. You will dive deep into core application domains like price prediction, two-sided market design (ranking/recommendations), or agentic workflows using state-of-the-art LLMs. A key part of your role will be establishing and enforcing MLOps and LLMops best practices. You have: 5+ years of ML engineering experience, with at least one year working with LLMs. You possess strong Python skills, a proven track record of deploying containerized services (Docker, Kubernetes), and deep expertise in at least one of the following: deep learning (PyTorch, Transformers), ranking/matching algorithms, or LLMops (RAG, evals, fine-tuning). Interested? To apply and for more detailed information, please see the full job descriptions on our careers page: URL","recommendation/feed context plus documented change, reaction, quality, or user-control signal",Positive,0.09330863070480992,0.34547763761755373,0.5612137316776363
hn_44929567,Hacker News,public_comment,2025-08-17 07:13:43+00:00,2025-08-17,"I think one of the key factors to consider is whether the people pushing these new technologies are communicating clearly and acting in good faith. Many of these self driving technologies are pushed using very confusing and misleading names. Beyond that, Elon has a history of making claims and promises which don't pan out, without ever taking accountability. In 2016 Elon claimed that you'd be able to summon a Tesla from New York to Los Angeles autonomously by 2018. Let's give him the benefit of the doubt and say that he really believed that claim in 2016; at what point between 2016 and 2018 do you think he realized it wasn't going to happen and why didn't he speak up at that point? It would've been as simple as tweeting: ""wow, we really underestimated the challenges, my previous claim was wrong and this problem will take longer to resolve"". It's fine to have ambitious deadlines and talk about what timelines you're hoping to hit. But this should be tempered by taking accountability and providing updates when new information becomes available. Nobody expects perfection, just the bare minimum of transparency and honesty. The accountability and lack-of-transparency problems persists to this day. Elon has made tons of claims over the years and he rarely provides any updates or follows up. A recent example: he talked up how Twitter would open source the recommendation algorithm, but instead we got a one-time source snapshot which never got updated.",The End of Tesla?,https://news.ycombinator.com/item?id=44929567,TheAceOfHearts,,,,Twitter recommendation algorithm,Conservative keyword/context screen: recommendation/ranking/feed plus change/platform context.,44928709,https://www.youtube.com/watch?v=2znwoOp2rw4,2026-09-21T19:44:34.808161+00:00,UTC,"I think one of the key factors to consider is whether the people pushing these new technologies are communicating clearly and acting in good faith. Many of these self driving technologies are pushed using very confusing and misleading names. Beyond that, Elon has a history of making claims and promises which don't pan out, without ever taking accountability. In 2016 Elon claimed that you'd be able to summon a Tesla from New York to Los Angeles autonomously by 2018. Let's give him the benefit of the doubt and say that he really believed that claim in 2016; at what point between 2016 and 2018 do you think he realized it wasn't going to happen and why didn't he speak up at that point? It would've been as simple as tweeting: ""wow, we really underestimated the challenges, my previous claim was wrong and this problem will take longer to resolve"". It's fine to have ambitious deadlines and talk about what timelines you're hoping to hit. But this should be tempered by taking accountability and providing updates when new information becomes available. Nobody expects perfection, just the bare minimum of transparency and honesty. The accountability and lack-of-transparency problems persists to this day. Elon has made tons of claims over the years and he rarely provides any updates or follows up. A recent example: he talked up how Twitter would open source the recommendation algorithm, but instead we got a one-time source snapshot which never got updated.","recommendation/feed context plus documented change, reaction, quality, or user-control signal",Negative,0.6204394262631383,0.23361549440536789,0.1459450793314938
hn_45109098,Hacker News,public_comment,2025-09-02 21:09:50+00:00,2025-09-02,"You still ask for evidence that their recommendation algorithm is not actually not open-source, despite that I just presented to you that the last so-called “open-source” commit was made almost 800 days ago. To summarize, you believe that because X once called X’s algo open-source, that it must be open-source (“unless proven otherwise”) in the comment section of an article that (again) explains that Twitter censors any unwanted opinions for self-interest. I think the Flavor Aid remark was entirely warranted.",Twitter Shadow Bans Turkish Presidential Candidate,https://news.ycombinator.com/item?id=45109098,hashstring,,,,Twitter recommendation algorithm,Conservative keyword/context screen: recommendation/ranking/feed plus change/platform context.,45104597,https://utkusen.substack.com/p/xtwitter-secretly-shadow-bans-turkish,2026-09-21T19:44:34.808161+00:00,UTC,"You still ask for evidence that their recommendation algorithm is not actually not open-source, despite that I just presented to you that the last so-called “open-source” commit was made almost 800 days ago. To summarize, you believe that because X once called X’s algo open-source, that it must be open-source (“unless proven otherwise”) in the comment section of an article that (again) explains that Twitter censors any unwanted opinions for self-interest. I think the Flavor Aid remark was entirely warranted.","recommendation/feed context plus documented change, reaction, quality, or user-control signal",Negative,0.6193422380092615,0.3276322981890629,0.0530254638016756
hn_45122593,Hacker News,public_comment,2025-09-04 01:53:55+00:00,2025-09-04,"That's due to Elon's gross mishandling of Twitter governance (e.g. demanding that the recommendation algorithm be tweaked so that literal Nazis dominate people's feeds), not due to any technical failings of the platform as a result of downsizing the engineering staff.",Evidence that AI is destroying jobs for young people,https://news.ycombinator.com/item?id=45122593,MontyCarloHall,,,,Twitter recommendation algorithm,Conservative keyword/context screen: recommendation/ranking/feed plus change/platform context.,45121342,https://www.derekthompson.org/p/the-evidence-that-ai-is-destroying,2026-09-21T19:44:34.808161+00:00,UTC,"That's due to Elon's gross mishandling of Twitter governance (e.g. demanding that the recommendation algorithm be tweaked so that literal Nazis dominate people's feeds), not due to any technical failings of the platform as a result of downsizing the engineering staff.","recommendation/feed context plus documented change, reaction, quality, or user-control signal",Negative,0.8435866676847994,0.1098087671659057,0.04660456514929492
hn_45177043,Hacker News,public_story,2025-09-09 03:26:08+00:00,2025-09-09,Source code for the X Recommendation Algorithm,Source code for the X Recommendation Algorithm,https://news.ycombinator.com/item?id=45177043,just_human,14.0,7.0,14.0,Twitter recommendation algorithm,Conservative keyword/context screen: recommendation/ranking/feed plus change/platform context.,45177043,,2026-09-21T19:44:34.808161+00:00,UTC,Source code for the X Recommendation Algorithm,direct public story about a platform recommendation algorithm,Positive,0.17565959019679744,0.3658110489883178,0.4585293608148847
hn_45178315,Hacker News,public_story,2025-09-09 06:42:01+00:00,2025-09-09,DeepWiki of Twitter's Recommendation Algorithm,DeepWiki of Twitter's Recommendation Algorithm,https://news.ycombinator.com/item?id=45178315,spdling2,2.0,0.0,2.0,Twitter recommendation algorithm,Conservative keyword/context screen: recommendation/ranking/feed plus change/platform context.,45178315,,2026-09-21T19:44:34.808161+00:00,UTC,DeepWiki of Twitter's Recommendation Algorithm,direct public story about a platform recommendation algorithm,Negative,0.46987144849092033,0.4159541405751276,0.11417441093395227
hn_45183039,Hacker News,public_story,2025-09-09 15:11:57+00:00,2025-09-09,Source code for the X recommendation algorithm,Source code for the X recommendation algorithm,https://news.ycombinator.com/item?id=45183039,mxstbr,249.0,141.0,249.0,Twitter recommendation algorithm,Conservative keyword/context screen: recommendation/ranking/feed plus change/platform context.,45183039,,2026-09-21T19:44:34.808161+00:00,UTC,Source code for the X recommendation algorithm,direct public story about a platform recommendation algorithm,Positive,0.17565959019679744,0.3658110489883178,0.4585293608148847
hn_45453468,Hacker News,public_comment,2025-10-02 18:28:07+00:00,2025-10-02,"this is just the tech-person habit of assuming that users are less informed than they are. go ask an ""everyday user"" how much they think instagram tracks them. i think you'll be surprised at what their assumptions are. most people i know (including my extremely non-tech-savvy parents) understand that ""the algorithm"" knows everything they do on the computer, and that's how both ads and content get targeted to them. they don't necessarily understand that amazon, facebook, and google are different algorithms, or even different companies, but they know that there is an algorithm, and that it's train-able from their usage. a huge number of people think their ads are targeted based on their phone microphone always listening to them. and they don't change any habits as a result of that assumption.",NL Judge: Meta must respect user's choice of recommendation system,https://news.ycombinator.com/item?id=45453468,notatoad,,,,Instagram algorithm change,Conservative keyword/context screen: recommendation/ranking/feed plus change/platform context.,45448326,https://www.bitsoffreedom.nl/2025/10/02/judge-in-the-bits-of-freedom-vs-meta-lawsuit-meta-must-respect-users-choice/,2026-09-21T19:44:34.808161+00:00,UTC,"this is just the tech-person habit of assuming that users are less informed than they are. go ask an ""everyday user"" how much they think instagram tracks them. i think you'll be surprised at what their assumptions are. most people i know (including my extremely non-tech-savvy parents) understand that ""the algorithm"" knows everything they do on the computer, and that's how both ads and content get targeted to them. they don't necessarily understand that amazon, facebook, and google are different algorithms, or even different companies, but they know that there is an algorithm, and that it's train-able from their usage. a huge number of people think their ads are targeted based on their phone microphone always listening to them. and they don't change any habits as a result of that assumption.","recommendation/feed context plus documented change, reaction, quality, or user-control signal",Negative,0.7998565817798504,0.09075482808228628,0.10938859013786335
hn_45730455,Hacker News,public_comment,2025-10-28 08:41:36+00:00,2025-10-28,"I don't mean there's a single centralized moderating authority overseeing everything, but rather the general tools and mechanisms used for moderation on the Internet are centralized and undemocratic. They produce groups with authoritarian power structures and norms. Those groups get larger over time with no limit on their size. When they get large enough, they fight over which one gets to run a country. This is how modern democratic countries can turn authoritarian very fast, and it's already happening. When I say ""group"", I don't mean an actual Facebook group or subreddit (it could be, though). I mean a group of intellectually/ideologically homogenous people. They may be distributed across many subreddits and comment sections. Forums/subreddits/servers can be separate entities in form, but not in substance. Two Discord servers that moderate content the same way are the same group in this context. Moderation is not just for posters. It also affects lurking viewers because it changes what they will see. If a post is deleted by a moderator, then that moderator has decided for the viewers what they can and cannot see. Up/down voting (aka likes/dislikes) is a hidden form of moderation as well. People's likes and dislikes are deciding what other people are more likely to see because upvoted posts get to the top of the feed. Recommendation and ranking algorithms do the same thing. I'm not making a statement about who has nobler goals, be it the ad companies or Putin or the US gov or the people here on HN. I'm saying that the concept of centralized moderation on the Internet is itself the problem. Regardless of what or whose goals these tools serve, they're bad because they coagulate people into intellectually and ideologically homogenous groups, and there is no group size limit due to the practically infinite connectivity of the Internet. This will create nasty real-world consequences in the long run. But we can defuse this by moving all moderation and ranking to the client-side.",Study finds growing social circles may fuel polarization,https://news.ycombinator.com/item?id=45730455,txrx0000,,,,recommendation ranking,Conservative keyword/context screen: recommendation/ranking/feed plus change/platform context.,45725009,https://phys.org/news/2025-10-friends-division-social-circles-fuel.html,2026-09-21T19:44:34.808161+00:00,UTC,"I don't mean there's a single centralized moderating authority overseeing everything, but rather the general tools and mechanisms used for moderation on the Internet are centralized and undemocratic. They produce groups with authoritarian power structures and norms. Those groups get larger over time with no limit on their size. When they get large enough, they fight over which one gets to run a country. This is how modern democratic countries can turn authoritarian very fast, and it's already happening. When I say ""group"", I don't mean an actual Facebook group or subreddit (it could be, though). I mean a group of intellectually/ideologically homogenous people. They may be distributed across many subreddits and comment sections. Forums/subreddits/servers can be separate entities in form, but not in substance. Two Discord servers that moderate content the same way are the same group in this context. Moderation is not just for posters. It also affects lurking viewers because it changes what they will see. If a post is deleted by a moderator, then that moderator has decided for the viewers what they can and cannot see. Up/down voting (aka likes/dislikes) is a hidden form of moderation as well. People's likes and dislikes are deciding what other people are more likely to see because upvoted posts get to the top of the feed. Recommendation and ranking algorithms do the same thing. I'm not making a statement about who has nobler goals, be it the ad companies or Putin or the US gov or the people here on HN. I'm saying that the concept of centralized moderation on the Internet is itself the problem. Regardless of what or whose goals these tools serve, they're bad because they coagulate people into intellectually and ideologically homogenous groups, and there is no group size limit due to the practically infinite connectivity of the Internet. This will create nasty real-world consequences in the long run. But we can defuse this by moving all moderation and ranking to the client-side.","recommendation/feed context plus documented change, reaction, quality, or user-control signal",Negative,0.8861312303312674,0.08507091921774976,0.02879785045098279
hn_45742557,Hacker News,public_comment,2025-10-29 04:16:25+00:00,2025-10-29,"This is going to be such a ridiculous farce. It seemed so so likely this was going to be part Wikipedia rip off part LLM slop, and lo, sure looks so: absolutely zero actual real effort, zero hard work. All bias machine slop. Thanks Tim for digging in. Next up, replacing all recommendations & ranking with more Elonbot/Grok slop AI! https://www.socialmediatoday.com/news/x-formerly-twitter-swi... Philip K. Dick and the Fake Humans was such a beautiful conclusion to the ~2018-ish saga of articles, 'the world is now George Orwell future', 'the world is now Aldous Huxleys future'. It's captured so so well what the internet window shopped realities was leading too. And now they're giving LLM hallucinogens to these goddamned self-maniacing maniacs. They're building better and better faker and fake humans with less and less coupling to reality, more and more demented bias, more and more alien freakishness with not a shred of reality, spur ed further into their rabbit holes of insanity by absurd tortured LLMs. https://www.bostonreview.net/articles/henry-farrell-philip-k...",Grokipedia Review,https://news.ycombinator.com/item?id=45742557,jauntywundrkind,,,,recommendation ranking,Conservative keyword/context screen: recommendation/ranking/feed plus change/platform context.,45742383,https://www.tbray.org/ongoing/When/202x/2025/10/28/Grokipedia,2026-09-21T19:44:34.808161+00:00,UTC,"This is going to be such a ridiculous farce. It seemed so so likely this was going to be part Wikipedia rip off part LLM slop, and lo, sure looks so: absolutely zero actual real effort, zero hard work. All bias machine slop. Thanks Tim for digging in. Next up, replacing all recommendations & ranking with more Elonbot/Grok slop AI! URL Philip K. Dick and the Fake Humans was such a beautiful conclusion to the ~2018-ish saga of articles, 'the world is now George Orwell future', 'the world is now Aldous Huxleys future'. It's captured so so well what the internet window shopped realities was leading too. And now they're giving LLM hallucinogens to these goddamned self-maniacing maniacs. They're building better and better faker and fake humans with less and less coupling to reality, more and more demented bias, more and more alien freakishness with not a shred of reality, spur ed further into their rabbit holes of insanity by absurd tortured LLMs. URL","recommendation/feed context plus documented change, reaction, quality, or user-control signal",Negative,0.5615608800129097,0.05825515192209454,0.38018396806499577
hn_45925390,Hacker News,public_comment,2025-11-14 09:45:21+00:00,2025-11-14,"You should probably engage more with (or find) your hobbies, because this definitely feels like a ""recommendation algorithms decide what I see"" issue. There are extensions that disable youtube's recommended page and redirect you to your subscriptions page. There are extensions that disable twitter's for-you tab. If you're using said sites' mobile apps, uninstall them and use stuff like Revanced or whatever. You don't need to radically disconnect from everything, there are smaller steps that can be taken to make ""being online"" a radically better experience.",Ask HN: Is building for the web even worth it now?,https://news.ycombinator.com/item?id=45925390,ch_fr,,,,Twitter recommendation algorithm,Conservative keyword/context screen: recommendation/ranking/feed plus change/platform context.,45924891,,2026-09-21T19:44:34.808161+00:00,UTC,"You should probably engage more with (or find) your hobbies, because this definitely feels like a ""recommendation algorithms decide what I see"" issue. There are extensions that disable youtube's recommended page and redirect you to your subscriptions page. There are extensions that disable twitter's for-you tab. If you're using said sites' mobile apps, uninstall them and use stuff like Revanced or whatever. You don't need to radically disconnect from everything, there are smaller steps that can be taken to make ""being online"" a radically better experience.","recommendation/feed context plus documented change, reaction, quality, or user-control signal",Neutral,0.2651130082318322,0.4039921053533658,0.3308948864148021
hn_46148529,Hacker News,public_comment,2025-12-04 15:11:53+00:00,2025-12-04,"What's become clear is we need to bring Section 230 into the modern era. We allow companies to not be treated as publishers for user-generated content as long as they meet certain obligations. We've unfortunately allowed tech companies to get away with selling us this idea that The Algoirthm is an impartial black box. Everything an algorithm does is the result of a human intervening to change its behavior. As such, I believe we need to treat any kind of recommendation algorithm as if the company is a publisher (in the S230 sense). Think of it this way: if you get 1000 people to submit stories they wrote and you choose which of them to publish and distribute, how is that any different from you publishing your own opinions? We've seen signs of different actors influencing opinion through these sites. Russian bot farms are probably overplayed in their perceived influence but they're definitely a thing. But so are individual actors who see an opportunity to make money by posting about politics in another country, as was exposed when Twitter rolled out showing location, a feature I support. We've also seen this where Twitter accounts have been exposed as being ChatGPT when people have told them to ""ignore all previous instructions"" and to give a recipe. But we've also seen this with the Tiktok ban that wasn't a ban. The real problem there was that Tiktok wasn't suppressing content in line with US foreign policy unlike every other platform. This isn't new. It's been written about extensively, most notably in Manufacturing Consent [1]. Controlling mass media through access journalism (etc) has just been supplemented by AI bots, incentivized bad actors and algorithms that reflect government policy and interests. [1]: https://en.wikipedia.org/wiki/Manufacturing_Consent",How elites could shape mass preferences as AI reduces persuasion costs,https://news.ycombinator.com/item?id=46148529,jmyeet,,,,Twitter recommendation algorithm,Conservative keyword/context screen: recommendation/ranking/feed plus change/platform context.,46145180,https://arxiv.org/abs/2512.04047,2026-09-21T19:44:34.808161+00:00,UTC,"What's become clear is we need to bring Section 230 into the modern era. We allow companies to not be treated as publishers for user-generated content as long as they meet certain obligations. We've unfortunately allowed tech companies to get away with selling us this idea that The Algoirthm is an impartial black box. Everything an algorithm does is the result of a human intervening to change its behavior. As such, I believe we need to treat any kind of recommendation algorithm as if the company is a publisher (in the S230 sense). Think of it this way: if you get 1000 people to submit stories they wrote and you choose which of them to publish and distribute, how is that any different from you publishing your own opinions? We've seen signs of different actors influencing opinion through these sites. Russian bot farms are probably overplayed in their perceived influence but they're definitely a thing. But so are individual actors who see an opportunity to make money by posting about politics in another country, as was exposed when Twitter rolled out showing location, a feature I support. We've also seen this where Twitter accounts have been exposed as being ChatGPT when people have told them to ""ignore all previous instructions"" and to give a recipe. But we've also seen this with the Tiktok ban that wasn't a ban. The real problem there was that Tiktok wasn't suppressing content in line with US foreign policy unlike every other platform. This isn't new. It's been written about extensively, most notably in Manufacturing Consent [1]. Controlling mass media through access journalism (etc) has just been supplemented by AI bots, incentivized bad actors and algorithms that reflect government policy and interests. [1]: URL","recommendation/feed context plus documented change, reaction, quality, or user-control signal",Negative,0.8540638572731265,0.07322324122977565,0.07271290149709798
hn_46553228,Hacker News,public_comment,2026-01-09 12:35:53+00:00,2026-01-09,"High CTR Ad Visuals: Stops The Scroll & Saves Your Budget Your ads look like ads (and that's bad). Learn 'Pattern Interrupt' science and generate high-CTR visuals that stop the scroll. In 2024-2025, the ""Media Buying"" game changed forever. Meta (Facebook/Instagram), Google (PMax), and TikTok have automated the targeting. You can no longer find a ""secret audience"" hack. The algorithm finds the customer for you. So, how do you win? The only lever left is Creative. According to Nielsen, 70% of campaign performance is determined by the creative asset. If your image is boring, you lose—no matter how good your product is. If your image pops, you win. The Visual Pattern Interrupt Average humans scroll 300 feet of content per day on mobile (the height of the Statue of Liberty). Their brain is in ""autopilot"" mode. They are filtering out noise. To stop them, you need a Pattern Interrupt. The Psychology of the ""Lizard Brain"" Your creative must speak to the primal brain, not the logical brain. Contrast: Don't blend in. If the feed is mostly white/grey (LinkedIn), use deep purple or neon orange. Break the platform's native palette. Emotion: Faces are the most powerful magnet effectively. But not ""smiling stock photo"" faces. We are wired to notice extreme emotion—surprise, fear, intense focus, or pure joy. Novelty: Something that looks ""impossible,"" ""weird,"" or ""glitchy"" triggers curiosity. ""What is that?"" leads to a click. The AI Advantage: Speed & Volume Humans are slow. A designer takes 2 days to make 3 ad variations. The AI Ad Creative Studio makes 50 variations in 5 minutes. (If you need video variations, seeing the Marketing Video Ad Guide is your next step). This volume allows for a new strategy: Radical Testing. 1. Test Radically Different Concepts Don't just change the button color from red to blue. That is a micro-optimization. Change the specific visual metaphor entirely. Concept A: Minimalist, ""Apple-style"" product shot. Concept B: Chaos, ""Cyberpunk"" meme style. Concept C: Hand-drawn diagram on a napkin. 2. Let Data Decide Run small budget tests ($50/day) on all 10 variations. Kill the 9 losers. Scale the 1 winner. Often, the winner is the one you (the human) thought was ""ugly."" The market is always right. 3. Refresh Constantly (Ad Fatigue) ""Ad Fatigue"" is the silent killer. A winning ad works for 2 weeks, then CTR drops. With AI, you can refresh that winning concept with 10 new slight variations instantly, effectively resetting the fatigue clock. ""Your ad isn't an ad. It's a ticket to a new reality."" The ""Ugly Ad"" Paradox Sometimes, professional design fails. ""Ugly"", native-looking content (lo-fi, UGC style, iPhone photos) often outperforms polished studio work. Why? Because it looks like a friend's post, not a company's ad. AI understands this nuance. It can generate ""studio quality"" or ""native lo-fi"" on demand. Fix Your Creatives Stop burning cash on bad visuals. The most expensive ad is the one nobody clicks. CONTINUE HERE: https://vect.pro/#/signup?continue=%2Fapp%2Ftools%3Ftool%3DA... Related contents: Audience Simulation: Predict 300% ROI Before Launching!!! https://blog.vect.pro/audience-simulation The Visual Monopoly: Create Brand-Definable Assets In AI!! https://blog.vect.pro/visual-monopoly AI SEO Strategy: Dominate SERPs Without Backlinks (2025)! https://blog.vect.pro/ai-seo-strategy Cold Email Is Dead? The AI Protocol Getting 50% Replies!! https://blog.vect.pro/cold-email-protocol",[dead],https://news.ycombinator.com/item?id=46553228,WoWSaaS,,,,Instagram algorithm change,Conservative keyword/context screen: recommendation/ranking/feed plus change/platform context.,46553227,,2026-09-21T19:44:34.808161+00:00,UTC,"High CTR Ad Visuals: Stops The Scroll & Saves Your Budget Your ads look like ads (and that's bad). Learn 'Pattern Interrupt' science and generate high-CTR visuals that stop the scroll. In 2024-2025, the ""Media Buying"" game changed forever. Meta (Facebook/Instagram), Google (PMax), and TikTok have automated the targeting. You can no longer find a ""secret audience"" hack. The algorithm finds the customer for you. So, how do you win? The only lever left is Creative. According to Nielsen, 70% of campaign performance is determined by the creative asset. If your image is boring, you lose—no matter how good your product is. If your image pops, you win. The Visual Pattern Interrupt Average humans scroll 300 feet of content per day on mobile (the height of the Statue of Liberty). Their brain is in ""autopilot"" mode. They are filtering out noise. To stop them, you need a Pattern Interrupt. The Psychology of the ""Lizard Brain"" Your creative must speak to the primal brain, not the logical brain. Contrast: Don't blend in. If the feed is mostly white/grey (LinkedIn), use deep purple or neon orange. Break the platform's native palette. Emotion: Faces are the most powerful magnet effectively. But not ""smiling stock photo"" faces. We are wired to notice extreme emotion—surprise, fear, intense focus, or pure joy. Novelty: Something that looks ""impossible,"" ""weird,"" or ""glitchy"" triggers curiosity. ""What is that?"" leads to a click. The AI Advantage: Speed & Volume Humans are slow. A designer takes 2 days to make 3 ad variations. The AI Ad Creative Studio makes 50 variations in 5 minutes. (If you need video variations, seeing the Marketing Video Ad Guide is your next step). This volume allows for a new strategy: Radical Testing. 1. Test Radically Different Concepts Don't just change the button color from red to blue. That is a micro-optimization. Change the specific visual metaphor entirely. Concept A: Minimalist, ""Apple-style"" product shot. Concept B: Chaos, ""Cyberpunk"" meme style. Concept C: Hand-drawn diagram on a napkin. 2. Let Data Decide Run small budget tests ($50/day) on all 10 variations. Kill the 9 losers. Scale the 1 winner. Often, the winner is the one you (the human) thought was ""ugly."" The market is always right. 3. Refresh Constantly (Ad Fatigue) ""Ad Fatigue"" is the silent killer. A winning ad works for 2 weeks, then CTR drops. With AI, you can refresh that winning concept with 10 new slight variations instantly, effectively resetting the fatigue clock. ""Your ad isn't an ad. It's a ticket to a new reality."" The ""Ugly Ad"" Paradox Sometimes, professional design fails. ""Ugly"", native-looking content (lo-fi, UGC style, iPhone photos) often outperforms polished studio work. Why? Because it looks like a friend's post, not a company's ad. AI understands this nuance. It can generate ""studio quality"" or ""native lo-fi"" on demand. Fix Your Creatives Stop burning cash on bad visuals. The most expensive ad is the one nobody clicks. CONTINUE HERE: URL Related contents: Audience Simulation: Predict 300% ROI Before Launching!!! URL The Visual Monopoly: Create Brand-Definable Assets In AI!! URL AI SEO Strategy: Dominate SERPs Without Backlinks (2025)! URL Cold Email Is Dead? The AI Protocol Getting 50% Replies!! URL","recommendation/feed context plus documented change, reaction, quality, or user-control signal",Negative,0.5980381741662589,0.21661099060915778,0.18535083522458323
hn_46638507,Hacker News,public_story,2026-01-15 20:12:59+00:00,2026-01-15,Show HN: I built a way to use X without the algorithmic feed,Show HN: I built a way to use X without the algorithmic feed,https://news.ycombinator.com/item?id=46638507,cr1st1an,1.0,0.0,1.0,feed algorithm,Conservative keyword/context screen: recommendation/ranking/feed plus change/platform context.,46638507,,2026-09-21T19:44:34.808161+00:00,UTC,Show HN: I built a way to use X without the algorithmic feed,"recommendation/feed context plus documented change, reaction, quality, or user-control signal",Neutral,0.32607738737870906,0.42325429327130604,0.25066831934998496
hn_46685240,Hacker News,public_comment,2026-01-19 22:14:02+00:00,2026-01-19,I've used Twitter since the first year it came out (almost 20yrs now) and it's always been filled with crazy politics. It's also always been a platform where you have to invest time to very carefully curate your feed otherwise you get garbage. You can 100% filter out politics and get high quality stuff that suits your interests. It's not like Tiktok where they'll do that job for you with an algorithm and push you into a comfortable bubble immediately. Twitters recommendation algorithms have never been good.,"Threads edges out X in daily mobile users, new data shows",https://news.ycombinator.com/item?id=46685240,dmix,,,,Twitter recommendation algorithm,Conservative keyword/context screen: recommendation/ranking/feed plus change/platform context.,46683947,https://techcrunch.com/2026/01/18/threads-edges-out-x-in-daily-mobile-users-new-data-shows/,2026-09-21T19:44:34.808161+00:00,UTC,I've used Twitter since the first year it came out (almost 20yrs now) and it's always been filled with crazy politics. It's also always been a platform where you have to invest time to very carefully curate your feed otherwise you get garbage. You can 100% filter out politics and get high quality stuff that suits your interests. It's not like Tiktok where they'll do that job for you with an algorithm and push you into a comfortable bubble immediately. Twitters recommendation algorithms have never been good.,"recommendation/feed context plus documented change, reaction, quality, or user-control signal",Negative,0.599717179684076,0.06361437259868412,0.33666844771724
hn_46688173,Hacker News,public_story,2026-01-20 05:16:14+00:00,2026-01-20,X For You Feed Algorithm,X For You Feed Algorithm,https://news.ycombinator.com/item?id=46688173,grainier,125.0,65.0,125.0,feed algorithm,Conservative keyword/context screen: recommendation/ranking/feed plus change/platform context.,46688173,,2026-09-21T19:44:34.808161+00:00,UTC,X For You Feed Algorithm,"recommendation/feed context plus documented change, reaction, quality, or user-control signal",Positive,0.28157186647492377,0.27869484706105807,0.43973328646401805
hn_46871412,Hacker News,public_comment,2026-02-03 14:30:26+00:00,2026-02-03,"You appear to have posted a bit of a loaded question here, apologies if I'm misinterpreting your comment. It is, of course, the public that should decide what communication is of public interest, at least in a democracy operating optimally. I suppose the answer, if we're serious about it, is somewhat more nuanced. To begin, public administrations should not get to unilaterally define ""the public interest"" in their communication, nor should private platforms for that matter. Assuming we're still talking about a democracy, the decision-making should be democratically via a combination of law + rights + accountable institutions + public scrutiny, with implementation constraints that maximise reach, accessibility, auditability, and independence from private gatekeepers. The last bit is rather relevant, because the private sector's interests and the citizen's interests are nearly always at odds in any modern society, hence the state's roles as rule-setter (via democratic processes) and arbiter. Happy to get into further detail regarding the actual processes involved, if you're genuinely interested. That aside - there are two separate problems that often get conflated when we talk about these platforms: - one is reach: people are on Twitter, LinkedIn, Instagram, so publishing there increases distribution; public institutions should be interested in reaching as many citizens as possible with their comms; - the other one is dependency: if those become the primary or exclusive channels, the state's relationship with citizens becomes contingent on private moderation, ranking algorithms, account lockouts, paywalls, data extraction, and opaque rule changes. That is entirely and dangerously misaligned with democratic accountability. A potential middle position could be ti use commercial social platforms as secondary distribution instead of the authoritative channel, which in reality is often the case. However, due to the way societies work and how individuals operate within them, the public won't actually come across the information until it's distributed on the most popular platforms. Which is why some argue that they should be treated as public utilities since dominant communications infrastructure has quasi-public function (rest assured, I won't open that can of worms right now). Politics is messy in practice, as all balancing acts are - a normal price to pay for any democratic society, I'd say. Mix that with technology, social psychology and philosophies of liberty, rights, and wellbeing, and you have a proper head-scratcher on your hands. We've already done a lot to balance these, for sure, but we're not there yet and it's a dynamic, developing field that presents new challenges.",X offices raided in France as UK opens fresh investigation into Grok,https://news.ycombinator.com/item?id=46871412,robtherobber,,,,Instagram algorithm change,Conservative keyword/context screen: recommendation/ranking/feed plus change/platform context.,46868998,https://www.bbc.com/news/articles/ce3ex92557jo,2026-09-21T19:44:34.808161+00:00,UTC,"You appear to have posted a bit of a loaded question here, apologies if I'm misinterpreting your comment. It is, of course, the public that should decide what communication is of public interest, at least in a democracy operating optimally. I suppose the answer, if we're serious about it, is somewhat more nuanced. To begin, public administrations should not get to unilaterally define ""the public interest"" in their communication, nor should private platforms for that matter. Assuming we're still talking about a democracy, the decision-making should be democratically via a combination of law + rights + accountable institutions + public scrutiny, with implementation constraints that maximise reach, accessibility, auditability, and independence from private gatekeepers. The last bit is rather relevant, because the private sector's interests and the citizen's interests are nearly always at odds in any modern society, hence the state's roles as rule-setter (via democratic processes) and arbiter. Happy to get into further detail regarding the actual processes involved, if you're genuinely interested. That aside - there are two separate problems that often get conflated when we talk about these platforms: - one is reach: people are on Twitter, LinkedIn, Instagram, so publishing there increases distribution; public institutions should be interested in reaching as many citizens as possible with their comms; - the other one is dependency: if those become the primary or exclusive channels, the state's relationship with citizens becomes contingent on private moderation, ranking algorithms, account lockouts, paywalls, data extraction, and opaque rule changes. That is entirely and dangerously misaligned with democratic accountability. A potential middle position could be ti use commercial social platforms as secondary distribution instead of the authoritative channel, which in reality is often the case. However, due to the way societies work and how individuals operate within them, the public won't actually come across the information until it's distributed on the most popular platforms. Which is why some argue that they should be treated as public utilities since dominant communications infrastructure has quasi-public function (rest assured, I won't open that can of worms right now). Politics is messy in practice, as all balancing acts are - a normal price to pay for any democratic society, I'd say. Mix that with technology, social psychology and philosophies of liberty, rights, and wellbeing, and you have a proper head-scratcher on your hands. We've already done a lot to balance these, for sure, but we're not there yet and it's a dynamic, developing field that presents new challenges.","recommendation/feed context plus documented change, reaction, quality, or user-control signal",Negative,0.40299712528746806,0.3473057286605216,0.24969714605201027
hn_46915301,Hacker News,public_comment,2026-02-06 17:01:50+00:00,2026-02-06,"And I’m so glad they did. Tiktok has brought so many positive changes to my life, and it never would have happened if they hadn’t built a product so good that it’s literally addictive. I don’t want the government to be my parent. Additionally, Instagram and Facebook have tried their best to make their products as addictive as possible, yet their recommendation algorithm is so absolutely terrible (not to mention their ads) that I barely stay on the platform for five minutes when I use it.",TikTok's 'addictive design' found to be illegal in Europe,https://news.ycombinator.com/item?id=46915301,rzz3,,,,Instagram algorithm change,Conservative keyword/context screen: recommendation/ranking/feed plus change/platform context.,46911869,https://www.nytimes.com/2026/02/06/business/tiktok-addictive-design-europe.html,2026-09-21T19:44:34.808161+00:00,UTC,"And I’m so glad they did. Tiktok has brought so many positive changes to my life, and it never would have happened if they hadn’t built a product so good that it’s literally addictive. I don’t want the government to be my parent. Additionally, Instagram and Facebook have tried their best to make their products as addictive as possible, yet their recommendation algorithm is so absolutely terrible (not to mention their ads) that I barely stay on the platform for five minutes when I use it.","recommendation/feed context plus documented change, reaction, quality, or user-control signal",Negative,0.6616007576060126,0.03810428688759516,0.3002949555063924
hn_46940570,Hacker News,public_comment,2026-02-09 01:36:51+00:00,2026-02-09,"I read a quote once that went something like (paraphrased): every organizational app has to compete with email and every form of social media has to compete with group texts. And I think that's accurate. If you pick random people they'll have often very old group texts. Family, friend groups, etc. These are used to organize, disseminate news and so on. 10+ years ago, a lot of people did these things on FAcebook. Group texts work on all platforms. They don't have ads. They're chronological. From an engagement perspective, algorithmic recommendations and ranking (ie the newsfeed) has ""succeeded"" but it killed the use cases that people now use group texts for. And I think the two are fundamentally incompatible.","Shifts in U.S. Social Media Use, 2020–2024: Decline, Fragmentation, Polarization (2025)",https://news.ycombinator.com/item?id=46940570,jmyeet,,,,recommendation ranking,Conservative keyword/context screen: recommendation/ranking/feed plus change/platform context.,46938903,https://arxiv.org/abs/2510.25417,2026-09-21T19:44:34.808161+00:00,UTC,"I read a quote once that went something like (paraphrased): every organizational app has to compete with email and every form of social media has to compete with group texts. And I think that's accurate. If you pick random people they'll have often very old group texts. Family, friend groups, etc. These are used to organize, disseminate news and so on. 10+ years ago, a lot of people did these things on FAcebook. Group texts work on all platforms. They don't have ads. They're chronological. From an engagement perspective, algorithmic recommendations and ranking (ie the newsfeed) has ""succeeded"" but it killed the use cases that people now use group texts for. And I think the two are fundamentally incompatible.","recommendation/feed context plus documented change, reaction, quality, or user-control signal",Negative,0.5464059324696183,0.23785067665758564,0.215743390872796
hn_47020218,Hacker News,public_story,2026-02-15 01:24:16+00:00,2026-02-15,NewPipe: YouTube client without vertical videos and algorithmic feed,NewPipe: YouTube client without vertical videos and algorithmic feed,https://news.ycombinator.com/item?id=47020218,nvader,338.0,115.0,338.0,feed algorithm,Conservative keyword/context screen: recommendation/ranking/feed plus change/platform context.,47020218,,2026-09-21T19:44:34.808161+00:00,UTC,NewPipe: YouTube client without vertical videos and algorithmic feed,"recommendation/feed context plus documented change, reaction, quality, or user-control signal",Negative,0.3563142550018254,0.3158563638615271,0.3278293811366475
hn_47420279,Hacker News,public_comment,2026-03-18 00:35:23+00:00,2026-03-18,"It's all about who controls the algorithm. A sensible approach would be to decouple recommendations from platforms, to treat them like plug-ins that the user must be allowed to add or disable. You want to use YouTube's recommendation algorithm on YouTube? Great, but there needs to be an off-switch and a way to change over to another provider. This is classic anti-trust stuff, breaking up a sector into interoperable pieces.","Meta and TikTok let harmful content rise to drove engagement, say whistleblowers",https://news.ycombinator.com/item?id=47420279,idle_zealot,,,,YouTube recommendation algorithm,Conservative keyword/context screen: recommendation/ranking/feed plus change/platform context.,47417814,https://www.bbc.com/news/articles/cqj9kgxqjwjo,2026-09-21T19:44:34.808161+00:00,UTC,"It's all about who controls the algorithm. A sensible approach would be to decouple recommendations from platforms, to treat them like plug-ins that the user must be allowed to add or disable. You want to use YouTube's recommendation algorithm on YouTube? Great, but there needs to be an off-switch and a way to change over to another provider. This is classic anti-trust stuff, breaking up a sector into interoperable pieces.","recommendation/feed context plus documented change, reaction, quality, or user-control signal",Negative,0.43129536649093747,0.23514522198654808,0.33355941152251434
hn_47551257,Hacker News,public_comment,2026-03-28 03:20:02+00:00,2026-03-28,"I watched my 78yo step mother become addicted to reels so older people are definitely not immune. But she was able to go cold turkey as she only communicated with her sister over instagram so it wasn’t a problem to just continue with WhatsApp. Young people real life networks are too enmeshed with instagram to have the same option. Also, what you’re describing sounds like when you’ve haven’t spent enough time on the shorts for the content recommendation algorithm to learn your preferences. Which I agree, is unwatchable. I saw it recently when my friend put on YouTube shorts on a guest account (on an Airbnb smart tv). it was bad. But spend enough time and that will change. But best you don’t!",Fear and denial in Silicon Valley over social media addiction trial,https://news.ycombinator.com/item?id=47551257,maxaw,,,,Instagram algorithm change,Conservative keyword/context screen: recommendation/ranking/feed plus change/platform context.,47550726,https://www.bbc.com/news/articles/c86e3eglv2go,2026-09-21T19:44:34.808161+00:00,UTC,"I watched my 78yo step mother become addicted to reels so older people are definitely not immune. But she was able to go cold turkey as she only communicated with her sister over instagram so it wasn’t a problem to just continue with WhatsApp. Young people real life networks are too enmeshed with instagram to have the same option. Also, what you’re describing sounds like when you’ve haven’t spent enough time on the shorts for the content recommendation algorithm to learn your preferences. Which I agree, is unwatchable. I saw it recently when my friend put on YouTube shorts on a guest account (on an Airbnb smart tv). it was bad. But spend enough time and that will change. But best you don’t!","recommendation/feed context plus documented change, reaction, quality, or user-control signal",Negative,0.4779103748461851,0.08508974243113948,0.4369998827226755
hn_48108780,Hacker News,public_comment,2026-05-12 14:25:01+00:00,2026-05-12,"I see what you're saying, I should have been more specific. I more so mean recommendation algorithms that are artificially created by platforms to drive more traffic. I think the HN method of user votes without manipulation by the platform is better but not ideal, the best method is 100% user curated content (i.e. following specific accounts on instagram/twitter, RSS feeds, etc), which I would argue is not really a recommendation algorithm. I think that people don't realize how much the content they see influences your thoughts, and how much that content is chosen by profitability over anything else.","EU to crack down on TikTok, Instagram's 'addictive design' targeting kids",https://news.ycombinator.com/item?id=48108780,jrflo,,,,Twitter recommendation algorithm,Conservative keyword/context screen: recommendation/ranking/feed plus change/platform context.,48106534,https://www.cnbc.com/2026/05/12/tiktok-instagram-social-media-addictive-eu-crack-down.html,2026-09-21T19:44:34.808161+00:00,UTC,"I see what you're saying, I should have been more specific. I more so mean recommendation algorithms that are artificially created by platforms to drive more traffic. I think the HN method of user votes without manipulation by the platform is better but not ideal, the best method is 100% user curated content (i.e. following specific accounts on instagram/twitter, RSS feeds, etc), which I would argue is not really a recommendation algorithm. I think that people don't realize how much the content they see influences your thoughts, and how much that content is chosen by profitability over anything else.","recommendation/feed context plus documented change, reaction, quality, or user-control signal",Negative,0.463003176708593,0.13343237353400342,0.4035644497574035
hn_48148656,Hacker News,public_story,2026-05-15 13:56:23+00:00,2026-05-15,X for You Feed Algorithm (Updated May 15th),X for You Feed Algorithm (Updated May 15th),https://news.ycombinator.com/item?id=48148656,M4v3R,3.0,0.0,3.0,feed algorithm,Conservative keyword/context screen: recommendation/ranking/feed plus change/platform context.,48148656,,2026-09-21T19:44:34.808161+00:00,UTC,X for You Feed Algorithm (Updated May 15th),"recommendation/feed context plus documented change, reaction, quality, or user-control signal",Positive,0.21260102803724132,0.39074668982777294,0.39665228213498577
hn_48370447,Hacker News,public_comment,2026-06-02 14:07:18+00:00,2026-06-02,"Hey everyone, I'm introducing my very last SaaS, or maybe I should say more set of tools, b10.studio ! When reposting videos or photos on social medias, you often get limited on reach, ban, shadow-ban or flagged as a reused activity. Most of the content spoofer you'll see online propose you to change some pixels and clear the metadata. But that often create poor quality videos, with abnormal exif metadata that gets instantly flagged on social medias such as Instagram, X, TikTok or Threads. Where b10 excels, where others fail The goal of b10 is to create very high quality spoofs, visually as well as technically, spoofing and repacking into a coherent file with USA (or your preferred location) recent iPhone fingerprint. It has been tested on multiple detection algorithms: perceptual hashing like PDQ/vPDQ, content recognition, audio ACR. About the quality also, changing pixel is kind of dangerous for your reach because the platform will see your content as a low quality visual and never make you reach your engagement and views goal. We developped a very powerful content analyzer using the same technics as the big social medias, in order to never pass the line of the degraded media. Bypassing duplicate-detection by keeping the quality of the content, that is the real miracle where b10 excels. Go deep, choose your customized preset For people that really need deep content spoofing, we also have higher tiers including adversarial ML that runs on GPUs. You can use that to spoof very high impact content, sur as your creatives on Meta Ads. For other presets, b10 applies a randomized combination of transforms like visual filters, audio, metadata output, timing change, speed change etc. Each photo/video that get out of the spoofer is a completely unique content. The technical details Before any spoof, we'll apply a cropping of the dead zones, in order to work on a clean file. We are gonna then apply the spoof. 1. Visual filters 2. Geometric transforms: Zoom, rotation, lens correction, perspective, aspect ratio, pixel shift, horizontal flip, wave warp — then recrop/rescale to hide the black edges and restore the original dimensions 3. Audio We'll apply another layer of spoofing, in order to break the audio fingerprint (anti-ACR): - Pitch shift that preserves duration (so it can't desync from the video) - Subtle volume gain - Spectral perturbation: highpass/lowpass, EQ nudge at a random band, low-shelf bass - all below the audible floor Even shazam will not recognize your Dua Lipa song! 4. Temporal clipping That is also where b10 crashes all the competitors: taken frame by frame, the input and the output video will be completely different. Because we apply an edit, clipping filter in order to modify the speed, trim the head/tail and audio. 5. Authentic iPhone re-encode This is also a very powerful feature: b10 doesn't scream like ""IT'S A SPOOFED FFMPEG CONTENT"". The output looks like a real iPhone capture. For that, we apply things like: - .mov output with the qt (QuickTime) brand (or jpeg for images) - CRF, audio bitrate, FPS (30/29.97) randomized per variant - Correct bt709 colorspace metadata - +bitexact to strip the Lavf60 6. Metadata (spoof + post-process) To finish, we strip all the original metadata, for our iPhone fingerprint to stamp again your content with a coherent identity (device/iOS/GPS/date/name) created via exiftool. It's not only about spoofing At b10, we propose a complete and global experience. You'll find other tools on the suite, such as: - Image and Video File Converter - Risk and Quality Analyzer - File Reducer with 3 different level of shriking - Frame extractor, in order to work on your hooks or AI content - Audio extractor, to reuse and edit videos with brand new songs - Share a file, to be able to work smoothly with your team and virtual assistants. See you soon on b10.studio",I build B10.Studio: the most powerful content spoofer,https://news.ycombinator.com/item?id=48370447,tom_beacon,,,,Instagram algorithm change,Conservative keyword/context screen: recommendation/ranking/feed plus change/platform context.,48370446,https://b10.studio,2026-09-21T19:44:34.808161+00:00,UTC,"Hey everyone, I'm introducing my very last SaaS, or maybe I should say more set of tools, b10.studio ! When reposting videos or photos on social medias, you often get limited on reach, ban, shadow-ban or flagged as a reused activity. Most of the content spoofer you'll see online propose you to change some pixels and clear the metadata. But that often create poor quality videos, with abnormal exif metadata that gets instantly flagged on social medias such as Instagram, X, TikTok or Threads. Where b10 excels, where others fail The goal of b10 is to create very high quality spoofs, visually as well as technically, spoofing and repacking into a coherent file with USA (or your preferred location) recent iPhone fingerprint. It has been tested on multiple detection algorithms: perceptual hashing like PDQ/vPDQ, content recognition, audio ACR. About the quality also, changing pixel is kind of dangerous for your reach because the platform will see your content as a low quality visual and never make you reach your engagement and views goal. We developped a very powerful content analyzer using the same technics as the big social medias, in order to never pass the line of the degraded media. Bypassing duplicate-detection by keeping the quality of the content, that is the real miracle where b10 excels. Go deep, choose your customized preset For people that really need deep content spoofing, we also have higher tiers including adversarial ML that runs on GPUs. You can use that to spoof very high impact content, sur as your creatives on Meta Ads. For other presets, b10 applies a randomized combination of transforms like visual filters, audio, metadata output, timing change, speed change etc. Each photo/video that get out of the spoofer is a completely unique content. The technical details Before any spoof, we'll apply a cropping of the dead zones, in order to work on a clean file. We are gonna then apply the spoof. 1. Visual filters 2. Geometric transforms: Zoom, rotation, lens correction, perspective, aspect ratio, pixel shift, horizontal flip, wave warp — then recrop/rescale to hide the black edges and restore the original dimensions 3. Audio We'll apply another layer of spoofing, in order to break the audio fingerprint (anti-ACR): - Pitch shift that preserves duration (so it can't desync from the video) - Subtle volume gain - Spectral perturbation: highpass/lowpass, EQ nudge at a random band, low-shelf bass - all below the audible floor Even shazam will not recognize your Dua Lipa song! 4. Temporal clipping That is also where b10 crashes all the competitors: taken frame by frame, the input and the output video will be completely different. Because we apply an edit, clipping filter in order to modify the speed, trim the head/tail and audio. 5. Authentic iPhone re-encode This is also a very powerful feature: b10 doesn't scream like ""IT'S A SPOOFED FFMPEG CONTENT"". The output looks like a real iPhone capture. For that, we apply things like: - .mov output with the qt (QuickTime) brand (or jpeg for images) - CRF, audio bitrate, FPS (30/29.97) randomized per variant - Correct bt709 colorspace metadata - +bitexact to strip the Lavf60 6. Metadata (spoof + post-process) To finish, we strip all the original metadata, for our iPhone fingerprint to stamp again your content with a coherent identity (device/iOS/GPS/date/name) created via exiftool. It's not only about spoofing At b10, we propose a complete and global experience. You'll find other tools on the suite, such as: - Image and Video File Converter - Risk and Quality Analyzer - File Reducer with 3 different level of shriking - Frame extractor, in order to work on your hooks or AI content - Audio extractor, to reuse and edit videos with brand new songs - Share a file, to be able to work smoothly with your team and virtual assistants. See you soon on b10.studio","recommendation/feed context plus documented change, reaction, quality, or user-control signal",Positive,0.39949473198083774,0.17566239485652918,0.42484287316263314
hn_48390175,Hacker News,public_story,2026-06-03 21:14:36+00:00,2026-06-03,Show HN: NoSuggest – Watch YouTube without the recommendation algorithm,Show HN: NoSuggest – Watch YouTube without the recommendation algorithm,https://news.ycombinator.com/item?id=48390175,VJ-2-108,60.0,66.0,60.0,recommendation algorithm,Conservative keyword/context screen: recommendation/ranking/feed plus change/platform context.,48390175,,2026-09-21T19:44:34.808161+00:00,UTC,Show HN: NoSuggest – Watch YouTube without the recommendation algorithm,direct public story about a platform recommendation algorithm,Positive,0.24226431743913912,0.3735999295102305,0.38413575305063036
hn_48610189,Hacker News,public_comment,2026-06-20 15:55:15+00:00,2026-06-20,"Funny how quickly ""won't someone think of the children"" turns into mandatory government ID for private services, banning necessary and secure (and encrypted) communications systems, and locking children out of access to the de facto communication systems of the modern era. This is a privacy nightmare on all fronts and a horrible limit on freedom of speech. These kids will be learning how to drive a car, yet unable to contact their extended family over Messenger or follow news on Twitter. For everyone else, it means no anonymity or secrecy which has a chilling effect on free speech at a time when fascism is growing within democratic countries and dissidents are being imprisoned or murdered. Yes, there are some really big problems with social media, but keeping children away from it doesn't fix the problems - it just leaves them for the rest of us to deal with. Let's fix the root of the problem, starting with the recommendation algorithms that inherently polarize people by building echo chambers around them and pushing divisive content all in the name of ""engagement"".",VPN ban update for UK households as government looks at 'age-gate',https://news.ycombinator.com/item?id=48610189,RevEng,,,,Twitter recommendation algorithm,Conservative keyword/context screen: recommendation/ranking/feed plus change/platform context.,48609385,https://www.birminghammail.co.uk/news/midlands-news/vpn-ban-update-uk-households-34141063,2026-09-21T19:44:34.808161+00:00,UTC,"Funny how quickly ""won't someone think of the children"" turns into mandatory government ID for private services, banning necessary and secure (and encrypted) communications systems, and locking children out of access to the de facto communication systems of the modern era. This is a privacy nightmare on all fronts and a horrible limit on freedom of speech. These kids will be learning how to drive a car, yet unable to contact their extended family over Messenger or follow news on Twitter. For everyone else, it means no anonymity or secrecy which has a chilling effect on free speech at a time when fascism is growing within democratic countries and dissidents are being imprisoned or murdered. Yes, there are some really big problems with social media, but keeping children away from it doesn't fix the problems - it just leaves them for the rest of us to deal with. Let's fix the root of the problem, starting with the recommendation algorithms that inherently polarize people by building echo chambers around them and pushing divisive content all in the name of ""engagement"".","recommendation/feed context plus documented change, reaction, quality, or user-control signal",Negative,0.7202669942782567,0.21167695113553023,0.06805605458621306
hn_48719959,Hacker News,public_comment,2026-06-29 14:44:43+00:00,2026-06-29,"Their approach of ""manually tagging songs that are good 'non-AI' and not good 'AI'"" is a questionable approach from an engineering and product perspective. They would benefit much more from a have a better recommendation and ranking algorithm that carefully monitors all metrics, recommends high-performers, and excludes unpopular content from the feed. You can use the fact it was AI-generated as a signal, but it is just a signal among other criterias, not an outright ban. Essentially, explore songs and artists, exploit winners. Lot of people abort a song/artist/creator/etc. Lot of fake listens. People don't like the song of an album Creator is historically with a low score etc... -> Downrank ( https://en.wikipedia.org/wiki/Multi-armed_bandit ) Then you judge the popularity of a song, an album, a creator, a playlist, etc not its creation method. Exactly like a genre type. It's not because you don't like country music that everybody should be forbidden to listen to country music. It's good for them too, the more streams they do, the more money they get, and the more their audience is engaged. If the person doesn’t like “AI-generated genre” then just downrank it heavily on its recommandation feed, like YouTube or TikTok does.",Tidal AI Policy,https://news.ycombinator.com/item?id=48719959,rvnx,,,,recommendation ranking,Conservative keyword/context screen: recommendation/ranking/feed plus change/platform context.,48718840,https://tidal.com/ai-policy,2026-09-21T19:44:34.808161+00:00,UTC,"Their approach of ""manually tagging songs that are good 'non-AI' and not good 'AI'"" is a questionable approach from an engineering and product perspective. They would benefit much more from a have a better recommendation and ranking algorithm that carefully monitors all metrics, recommends high-performers, and excludes unpopular content from the feed. You can use the fact it was AI-generated as a signal, but it is just a signal among other criterias, not an outright ban. Essentially, explore songs and artists, exploit winners. Lot of people abort a song/artist/creator/etc. Lot of fake listens. People don't like the song of an album Creator is historically with a low score etc... -> Downrank ( URL ) Then you judge the popularity of a song, an album, a creator, a playlist, etc not its creation method. Exactly like a genre type. It's not because you don't like country music that everybody should be forbidden to listen to country music. It's good for them too, the more streams they do, the more money they get, and the more their audience is engaged. If the person doesn’t like “AI-generated genre” then just downrank it heavily on its recommandation feed, like YouTube or TikTok does.","recommendation/feed context plus documented change, reaction, quality, or user-control signal",Negative,0.6395861212372639,0.12160033224200092,0.23881354652073536
hn_48737730,Hacker News,public_story,2026-06-30 19:05:56+00:00,2026-06-30,YouTube and Algorithmic Feeds,YouTube and Algorithmic Feeds,https://news.ycombinator.com/item?id=48737730,jpmitchell,5.0,0.0,5.0,feed algorithm,Conservative keyword/context screen: recommendation/ranking/feed plus change/platform context.,48737730,,2026-09-21T19:44:34.808161+00:00,UTC,YouTube and Algorithmic Feeds,"recommendation/feed context plus documented change, reaction, quality, or user-control signal",Positive,0.20842016566559618,0.34209036141994154,0.44948947291446223
hn_49379538,Hacker News,public_comment,2026-08-20 20:06:26+00:00,2026-08-20,"Additional citations: Zuckerberg Knew. A Whistleblower Has the Emails to Prove It. - https://www.gadgetreview.com/zuckerberg-knew-a-whistleblower... - August 19th, 2026 > Armed with engineering documents and internal emails, the states allege Meta built specific features — infinite scroll, autoplay, beauty filters, engagement-optimized recommendation systems — to maximize time-on-platform for young users, while allegedly collecting data from children under 13 without parental consent. A federal judge already rejected Meta’s motion to dismiss, allowing the addictive-design and concealment claims to proceed. > Frances Haugen’s 2021 disclosures first established that Meta reportedly knew its products could harm young users and chose not to prioritize fixes. Béjar arrives in court with the internal emails and survey data to back that narrative. US states accuse Meta of covering up research on teen social media addiction in pivotal trial - https://www.theguardian.com/technology/2026/aug/18/meta-chil... - August 18th, 2026 > Lawyers representing 29 US states have accused Meta of covering up internal research showing Instagram was addictive for teenagers. In a packed courtroom Tuesday, on the opening day of a landmark legal challenge, they said the company knew its products harmed children but hid that information from the public. > The attorneys general disagree, saying Meta “developed and refined a set of psychologically manipulative” features designed to maximize people’s time on its apps. Those include an infinite scrolling recommendation algorithm, constant notification alerts, thumbs-up “likes” and visual filters for altering one’s image. > “AGs are in the perfect position to get this done,” he added. “We did it with the tobacco settlement in the 1990s. We did it with the companies behind the opioid crisis. We’ll do it again with Meta.” Meta and YouTube designed addictive products that harmed young people, jury finds - https://www.theguardian.com/media/2026/mar/25/jury-verdict-u... - March 25th, 2026 Sharpe BT, Spooner RA. Dopamine-scrolling: a modern public health challenge requiring urgent attention. Perspect Public Health. 2025 Jul;145(4):190-191. https://doi.org/10.1177/17579139251331914 Epub 2025 Apr 12. PMID: 40219910; PMCID: PMC12322333. > This manuscript examines the emerging phenomenon of dopamine-scrolling and its implications for public health, particularly regarding mental wellbeing and digital behaviour patterns. While extensive research exists on Internet addiction, problematic social media use, and doom-scrolling, the authors of this paper identify dopamine-scrolling as a distinct behavioural pattern that warrants specific attention from public health professionals and policymakers. De D, El Jamal M, Aydemir E, Khera A. Social Media Algorithms and Teen Addiction: Neurophysiological Impact and Ethical Considerations. Cureus. 2025 Jan 8;17(1):e77145. https://doi.org/10.7759/cureus.77145 PMID: 39925596; PMCID: PMC11804976. > Does it matter how many hours we spend scrolling through Instagram? This article examines the neurobiological impact of prolonged social media use, focusing on how it affects the brain's reward, attention, and emotional regulation systems. Frequent engagement with social media platforms alters dopamine pathways, a critical component in reward processing, fostering dependency analogous to substance addiction. Furthermore, changes in brain activity within the prefrontal cortex and amygdala suggest increased emotional sensitivity and compromised decision-making abilities. The role of artificial intelligence (AI) in this process is significant. AI-driven social media algorithms are designed solely to capture our attention for profit without prioritizing ethical concerns, personalizing content, and enhancing user engagement by continuously tailoring feeds to individual preferences. These adaptive algorithms are designed to maximize screen time, thereby deepening the activation of the brain's reward centers. This cycle of optimized content and heightened engagement accelerates the development of addictive behaviors. The interplay between altered brain physiology and AI-driven content optimization creates a feedback loop that promotes social media addiction among teenagers. This raises significant ethical concerns regarding privacy and the promotion of personalized content. This review article offers a comprehensive and in-depth analysis of the neurophysiological impact of social media on adolescents and the moral concerns governing them. It also provides solutions for ethical social media use and preventing addiction among teenagers. Addictive potential of social media, explained - https://med.stanford.edu/news/insights/2021/10/addictive-pot... - October 29th, 2021 What Makes TikTok so Addictive?: An Analysis of the Mechanisms Underlying the World’s Latest Social Media Craze - https://sites.brown.edu/publichealthjournal/2021/12/13/tikto... - December 13th, 2021 (I have provided subject matter expertise on this topic to federal policymakers, with peer reviewed citations in all cases, I hope I have helped improve your priors to bring them current)",Watching TikTok and Instagram deactivates the cognitive control network: Study,https://news.ycombinator.com/item?id=49379538,toomuchtodo,,,,Instagram algorithm change,Conservative keyword/context screen: recommendation/ranking/feed plus change/platform context.,49378630,https://www.rathbiotaclan.com/tiktok-videos-deactivate-key-cognitive-brain-regions/,2026-09-21T19:44:34.808161+00:00,UTC,"Additional citations: Zuckerberg Knew. A Whistleblower Has the Emails to Prove It. - URL - August 19th, 2026 > Armed with engineering documents and internal emails, the states allege Meta built specific features — infinite scroll, autoplay, beauty filters, engagement-optimized recommendation systems — to maximize time-on-platform for young users, while allegedly collecting data from children under 13 without parental consent. A federal judge already rejected Meta’s motion to dismiss, allowing the addictive-design and concealment claims to proceed. > Frances Haugen’s 2021 disclosures first established that Meta reportedly knew its products could harm young users and chose not to prioritize fixes. Béjar arrives in court with the internal emails and survey data to back that narrative. US states accuse Meta of covering up research on teen social media addiction in pivotal trial - URL - August 18th, 2026 > Lawyers representing 29 US states have accused Meta of covering up internal research showing Instagram was addictive for teenagers. In a packed courtroom Tuesday, on the opening day of a landmark legal challenge, they said the company knew its products harmed children but hid that information from the public. > The attorneys general disagree, saying Meta “developed and refined a set of psychologically manipulative” features designed to maximize people’s time on its apps. Those include an infinite scrolling recommendation algorithm, constant notification alerts, thumbs-up “likes” and visual filters for altering one’s image. > “AGs are in the perfect position to get this done,” he added. “We did it with the tobacco settlement in the 1990s. We did it with the companies behind the opioid crisis. We’ll do it again with Meta.” Meta and YouTube designed addictive products that harmed young people, jury finds - URL - March 25th, 2026 Sharpe BT, Spooner RA. Dopamine-scrolling: a modern public health challenge requiring urgent attention. Perspect Public Health. 2025 Jul;145(4):190-191. URL Epub 2025 Apr 12. PMID: 40219910; PMCID: PMC12322333. > This manuscript examines the emerging phenomenon of dopamine-scrolling and its implications for public health, particularly regarding mental wellbeing and digital behaviour patterns. While extensive research exists on Internet addiction, problematic social media use, and doom-scrolling, the authors of this paper identify dopamine-scrolling as a distinct behavioural pattern that warrants specific attention from public health professionals and policymakers. De D, El Jamal M, Aydemir E, Khera A. Social Media Algorithms and Teen Addiction: Neurophysiological Impact and Ethical Considerations. Cureus. 2025 Jan 8;17(1):e77145. URL PMID: 39925596; PMCID: PMC11804976. > Does it matter how many hours we spend scrolling through Instagram? This article examines the neurobiological impact of prolonged social media use, focusing on how it affects the brain's reward, attention, and emotional regulation systems. Frequent engagement with social media platforms alters dopamine pathways, a critical component in reward processing, fostering dependency analogous to substance addiction. Furthermore, changes in brain activity within the prefrontal cortex and amygdala suggest increased emotional sensitivity and compromised decision-making abilities. The role of artificial intelligence (AI) in this process is significant. AI-driven social media algorithms are designed solely to capture our attention for profit without prioritizing ethical concerns, personalizing content, and enhancing user engagement by continuously tailoring feeds to individual preferences. These adaptive algorithms are designed to maximize screen time, thereby deepening the activation of the brain's reward centers. This cycle of optimized content and heightened engagement accelerates the development of addictive behaviors. The interplay between altered brain physiology and AI-driven content optimization creates a feedback loop that promotes social media addiction among teenagers. This raises significant ethical concerns regarding privacy and the promotion of personalized content. This review article offers a comprehensive and in-depth analysis of the neurophysiological impact of social media on adolescents and the moral concerns governing them. It also provides solutions for ethical social media use and preventing addiction among teenagers. Addictive potential of social media, explained - URL - October 29th, 2021 What Makes TikTok so Addictive?: An Analysis of the Mechanisms Underlying the World’s Latest Social Media Craze - URL - December 13th, 2021 (I have provided subject matter expertise on this topic to federal policymakers, with peer reviewed citations in all cases, I hope I have helped improve your priors to bring them current)","recommendation/feed context plus documented change, reaction, quality, or user-control signal",Positive,0.26588084884181057,0.2464280348713959,0.48769111628679357
hn_49526965,Hacker News,public_comment,2026-09-01 19:36:11+00:00,2026-09-01,"Yep. All I want is allow/deny permissions on particular channels. For my little guy I'd set up a blanket Deny rule, with a few channels allowed; for older kids parents might want to go the other way. All of the ""parent better"" messages are useless (not to mention out of touch) when technical tools to do so are not made avaliable to us. And, of course, those tools are not given because YouTube wants to drop kids into the endless algorithmic feed of slop. The age verification laws are stupid, and will nowhere address the actual problem. YouTube (and the like) - not parents - will still have full control.",EFF to Governor Newsom: Veto California's AB 1709,https://news.ycombinator.com/item?id=49526965,eszed,,,,algorithmic feed,Conservative keyword/context screen: recommendation/ranking/feed plus change/platform context.,49522954,https://www.eff.org/deeplinks/2026/08/eff-gov-newsom-veto-californias-ab-1709,2026-09-21T19:44:34.808161+00:00,UTC,"Yep. All I want is allow/deny permissions on particular channels. For my little guy I'd set up a blanket Deny rule, with a few channels allowed; for older kids parents might want to go the other way. All of the ""parent better"" messages are useless (not to mention out of touch) when technical tools to do so are not made avaliable to us. And, of course, those tools are not given because YouTube wants to drop kids into the endless algorithmic feed of slop. The age verification laws are stupid, and will nowhere address the actual problem. YouTube (and the like) - not parents - will still have full control.","recommendation/feed context plus documented change, reaction, quality, or user-control signal",Negative,0.7240897868342611,0.20328616129224433,0.0726240518734945
hn_49527904,Hacker News,public_comment,2026-09-01 20:40:57+00:00,2026-09-01,"I almost wonder if it's even possible now that so many of us get our information through algorithmic feeds. I listened to one Zitron interview on YouTube and my home page was immediately crammed full of similarly foamy-mouthed AI critics. (As well as plenty more Zitron.) And it's suggested some people with un-nuanced pro-AI takes, too. But what the algorithm has never, not even once, given me is a sober voice that calls attention to the nuances.",How accurate have Ed Zitron's AI skeptic predictions been?,https://news.ycombinator.com/item?id=49527904,bunderbunder,,,,algorithmic feed,Conservative keyword/context screen: recommendation/ranking/feed plus change/platform context.,49526069,https://danluu.com/zitron/,2026-09-21T19:44:34.808161+00:00,UTC,"I almost wonder if it's even possible now that so many of us get our information through algorithmic feeds. I listened to one Zitron interview on YouTube and my home page was immediately crammed full of similarly foamy-mouthed AI critics. (As well as plenty more Zitron.) And it's suggested some people with un-nuanced pro-AI takes, too. But what the algorithm has never, not even once, given me is a sober voice that calls attention to the nuances.","recommendation/feed context plus documented change, reaction, quality, or user-control signal",Negative,0.7908305794297757,0.11174666933005231,0.09742275124017195
hn_49528298,Hacker News,public_comment,2026-09-01 21:14:32+00:00,2026-09-01,"So the issue really isn't ""social media"", it's the blackbox personalized algorithmic feed. So that is what we should be addressing. Things like -> no personalized algorithmic feed for minors. The ability to disable algorithmic feed and revert to historical feed from contacts. Giving the user control over suggestions and feed via the requirement that it should be possible to switch to a ""third party algorithm provider"" or self-host, while still being able to have full access to the contents and social features of the platform.",EFF to Governor Newsom: Veto California's AB 1709,https://news.ycombinator.com/item?id=49528298,bogdanoff_2,,,,algorithmic feed,Conservative keyword/context screen: recommendation/ranking/feed plus change/platform context.,49522954,https://www.eff.org/deeplinks/2026/08/eff-gov-newsom-veto-californias-ab-1709,2026-09-21T19:44:34.808161+00:00,UTC,"So the issue really isn't ""social media"", it's the blackbox personalized algorithmic feed. So that is what we should be addressing. Things like -> no personalized algorithmic feed for minors. The ability to disable algorithmic feed and revert to historical feed from contacts. Giving the user control over suggestions and feed via the requirement that it should be possible to switch to a ""third party algorithm provider"" or self-host, while still being able to have full access to the contents and social features of the platform.","recommendation/feed context plus documented change, reaction, quality, or user-control signal",Negative,0.43447483927802294,0.2600683134999431,0.3054568472220339
hn_49543154,Hacker News,public_comment,2026-09-02 21:59:00+00:00,2026-09-02,"Your complaints are about the algorithmic feed, and civilizational over-dependence on mobile phones and feeds. I'm with you on that and I do wish AI wasn't introduced in that particular environment. However behind it all most token usage is driven by automating TPS reports and writing code [1]. In that dominant token usage context, the LLM is clearly just a boring old tractor. Yes, some people are falling in love with their tractor because of an existing technology that has opened us up to that possibility, but that doesn't change the fact that the tractor is mostly being used to till the farm and that our algorithm driven media environment no longer allows coverage of that because its too boring. [1]: https://www.anthropic.com/research/economic-index-june-2026-...",AI Policy,https://news.ycombinator.com/item?id=49543154,pj_mukh,,,,algorithmic feed,Conservative keyword/context screen: recommendation/ranking/feed plus change/platform context.,49537900,https://dbushell.com/ai/,2026-09-21T19:44:34.808161+00:00,UTC,"Your complaints are about the algorithmic feed, and civilizational over-dependence on mobile phones and feeds. I'm with you on that and I do wish AI wasn't introduced in that particular environment. However behind it all most token usage is driven by automating TPS reports and writing code [1]. In that dominant token usage context, the LLM is clearly just a boring old tractor. Yes, some people are falling in love with their tractor because of an existing technology that has opened us up to that possibility, but that doesn't change the fact that the tractor is mostly being used to till the farm and that our algorithm driven media environment no longer allows coverage of that because its too boring. [1]: URL","recommendation/feed context plus documented change, reaction, quality, or user-control signal",Negative,0.7413915550276524,0.05035992969298478,0.20824851527936272
hn_49556374,Hacker News,public_comment,2026-09-03 20:24:55+00:00,2026-09-03,"What you're saying is super reasonable and the ways I think about it too sometimes. I have two thoughts on this and I'm not sure how clear I can be. 1. I think sometimes the shape of a technology pushes a shape of society. But there's a feedback loop here. The like 15 years of tech were dominated by ad-tech which lead to algorithmic feeds that made engagement the game. This had an accidental effect of enraging people against eachother. This all started because of how much money google started raking in money on ads - people were aware, and we copy. Tech's focus on ads was an accident of history which could have gone other ways. Maybe this seems intuitively wrong. Like there is some evolution about how these things must go. But there are a lot of examples in my experience that people see something successful and copy it and then it turns into a cottage industry of whatever that community was. The best way forward here is to build and be successful while still following good values. The tech moment right now is ripe for it. There's a lot of reasons why open source, local first, and catering to the end user (and not making them the product) is a great way to be successful starting a company right now. Being successful in this way and talking about it breeds more likewise. 2. From what I can tell, pessimism is actively harmful. I've spent a lot of time with Russian communities (most who left due to the war) in these past years. That got me very interested in Russian history. The weird thing about the arc of it is how similar it has been in every government they've transformed into. The same basic values hold which leads to the same problems: centralized authority, low value for human life, and general oppression. This is true in czarist times, or soviet times, or post-soviet times. Government change doesn't change cultural norms. That's not to say I think that they are forever doomed. But it is the general zeitgeist of society that leads to the same place. And for it to ever change, their cultural values need to change. There's a parallel universe out there where Russia is the richest country in the world that enriches and benefits the rest of world as a partner. This is obvious given its natural resources and geographic location at the nexus between great markets, and its history of producing terrific scientists and engineers. It is the pessimism that kills all of that ultimately leading to autocrats that live to hold on to power at the very high cost of the rest of the country. The assumption that the world will just continue to be shit is what causes this cycle of abuse. It's a very hard cycle to break out collectively once entrenched. As all collective action problems are. But my, now longwinded point, is that it is not government that is the mover of change but philosophical attitude. Zero-sum thinking, tribalism, and low appreciation for individual self-determination turns us all into a raging bucket of crabs. There will be a king crab but his life will suck too.",Google Antigravity TOS: 3rd party usage can get Google account suspended,https://news.ycombinator.com/item?id=49556374,throwaway13337,,,,algorithmic feed,Conservative keyword/context screen: recommendation/ranking/feed plus change/platform context.,49548452,https://twitter.com/GergelyOrosz/status/2095453567955968398,2026-09-21T19:44:34.808161+00:00,UTC,"What you're saying is super reasonable and the ways I think about it too sometimes. I have two thoughts on this and I'm not sure how clear I can be. 1. I think sometimes the shape of a technology pushes a shape of society. But there's a feedback loop here. The like 15 years of tech were dominated by ad-tech which lead to algorithmic feeds that made engagement the game. This had an accidental effect of enraging people against eachother. This all started because of how much money google started raking in money on ads - people were aware, and we copy. Tech's focus on ads was an accident of history which could have gone other ways. Maybe this seems intuitively wrong. Like there is some evolution about how these things must go. But there are a lot of examples in my experience that people see something successful and copy it and then it turns into a cottage industry of whatever that community was. The best way forward here is to build and be successful while still following good values. The tech moment right now is ripe for it. There's a lot of reasons why open source, local first, and catering to the end user (and not making them the product) is a great way to be successful starting a company right now. Being successful in this way and talking about it breeds more likewise. 2. From what I can tell, pessimism is actively harmful. I've spent a lot of time with Russian communities (most who left due to the war) in these past years. That got me very interested in Russian history. The weird thing about the arc of it is how similar it has been in every government they've transformed into. The same basic values hold which leads to the same problems: centralized authority, low value for human life, and general oppression. This is true in czarist times, or soviet times, or post-soviet times. Government change doesn't change cultural norms. That's not to say I think that they are forever doomed. But it is the general zeitgeist of society that leads to the same place. And for it to ever change, their cultural values need to change. There's a parallel universe out there where Russia is the richest country in the world that enriches and benefits the rest of world as a partner. This is obvious given its natural resources and geographic location at the nexus between great markets, and its history of producing terrific scientists and engineers. It is the pessimism that kills all of that ultimately leading to autocrats that live to hold on to power at the very high cost of the rest of the country. The assumption that the world will just continue to be shit is what causes this cycle of abuse. It's a very hard cycle to break out collectively once entrenched. As all collective action problems are. But my, now longwinded point, is that it is not government that is the mover of change but philosophical attitude. Zero-sum thinking, tribalism, and low appreciation for individual self-determination turns us all into a raging bucket of crabs. There will be a king crab but his life will suck too.","recommendation/feed context plus documented change, reaction, quality, or user-control signal",Negative,0.5204456313927016,0.20391713188461177,0.27563723672268664
hn_49587611,Hacker News,public_comment,2026-09-06 15:42:32+00:00,2026-09-06,"Yeah, I think the elitist part of the book being reviewed is that it elevates books per se. I have a degree in literature and a home full of books, so I’m as sad as the next guy about no one reading anymore, but I think the argument (such as it is reconstructed by the reviewer) is better when focused on the types on things one could be doing, and the self-reflection and self-improvement that comes from doing them, rather than bemoaning the specific works not read. “No one reads Shakespeare anymore” is probably true, but it’s just as sad that families talk at dinner less, kids spend less time outside, watercolors and paint brushes gifted by grandparents are tossed aside, and kids don’t ride bikes, go camping, explore the woods behind school, bake brownies (that aren’t viral recipes), and so on. Instead of measuring IQ in correlation to technology, you could probably measure VO2 Max. I would be willing to bet that it turns out that the algorithmic feed, and especially TikTok, are specifically correlated to some of these deleterious things, and have outsized effects on kids, teens, and the neurodiverse. Not everyone possesses the self-control to put the phone away after a 15-minute scroll break the way grandpa would shut off the tv as soon as the 6 o’clock news was over, and the algorithm is designed to prevent that and ultimately probably wears down native willpower over time. “Let’s ban TikTok” sounds stupid and reactionary, but what to do about it is a discussion we ought to be having.",Doomscrolling ourselves to death,https://news.ycombinator.com/item?id=49587611,gregcohn,,,,algorithmic feed,Conservative keyword/context screen: recommendation/ranking/feed plus change/platform context.,49585627,https://www.edwest.co.uk/p/doomscrolling-ourselves-to-death,2026-09-21T19:44:34.808161+00:00,UTC,"Yeah, I think the elitist part of the book being reviewed is that it elevates books per se. I have a degree in literature and a home full of books, so I’m as sad as the next guy about no one reading anymore, but I think the argument (such as it is reconstructed by the reviewer) is better when focused on the types on things one could be doing, and the self-reflection and self-improvement that comes from doing them, rather than bemoaning the specific works not read. “No one reads Shakespeare anymore” is probably true, but it’s just as sad that families talk at dinner less, kids spend less time outside, watercolors and paint brushes gifted by grandparents are tossed aside, and kids don’t ride bikes, go camping, explore the woods behind school, bake brownies (that aren’t viral recipes), and so on. Instead of measuring IQ in correlation to technology, you could probably measure VO2 Max. I would be willing to bet that it turns out that the algorithmic feed, and especially TikTok, are specifically correlated to some of these deleterious things, and have outsized effects on kids, teens, and the neurodiverse. Not everyone possesses the self-control to put the phone away after a 15-minute scroll break the way grandpa would shut off the tv as soon as the 6 o’clock news was over, and the algorithm is designed to prevent that and ultimately probably wears down native willpower over time. “Let’s ban TikTok” sounds stupid and reactionary, but what to do about it is a discussion we ought to be having.","recommendation/feed context plus documented change, reaction, quality, or user-control signal",Negative,0.9007826552015732,0.07606532986000983,0.023152014938417037
hn_49606607,Hacker News,public_comment,2026-09-08 07:10:43+00:00,2026-09-08,"> Why do people (or at least politicians pretend to) believe that cigarettes are popular despite the content nicotine and not because of them? The reason Malboro blew up is because it gives you a surge of dopamine without having to do anything for it. Yes - TikTok is popular, precicely because the algorithmic feeds are designed to be addictive. They show content, not because its good, not because its what you ask for, but because its exactly what will keep your eyes glued to the screen. I would assume that the majority of users would prefer a Facebook experience that showed them just the friends and family they follow, and nothing else.","My Feed, My Way",https://news.ycombinator.com/item?id=49606607,legostormtroopr,,,,algorithmic feed,Conservative keyword/context screen: recommendation/ranking/feed plus change/platform context.,49605782,https://www.pm.gov.au/media/my-feed-my-way,2026-09-21T19:44:34.808161+00:00,UTC,"> Why do people (or at least politicians pretend to) believe that cigarettes are popular despite the content nicotine and not because of them? The reason Malboro blew up is because it gives you a surge of dopamine without having to do anything for it. Yes - TikTok is popular, precicely because the algorithmic feeds are designed to be addictive. They show content, not because its good, not because its what you ask for, but because its exactly what will keep your eyes glued to the screen. I would assume that the majority of users would prefer a Facebook experience that showed them just the friends and family they follow, and nothing else.","recommendation/feed context plus documented change, reaction, quality, or user-control signal",Negative,0.7230245132719445,0.09175917010221311,0.1852163166258423
hn_49646373,Hacker News,public_comment,2026-09-10 16:25:17+00:00,2026-09-10,"The reason that algorithmic feeds were introduced was essentially that Zynga and various heavy posters were killing Facebook (but mostly Zynga). Back near the dawn of time, FB's feed was chronological, and that meant that Every.Single.Farmville.Notification showed up in your feed (and there were a lot of Farmville notifications). This was actually causing real problems for Facebook, and they introduced an algorithmic feed to fix it. Back then, it was actually relatively simple, and mostly just ranked posts based on how connected you were to the person on Facebook. Obviously things have changed since then, and algorithmic feeds have had a host of weird impacts, but a ranked feed is not necessarily bad in and of itself.",I think I hate the internet,https://news.ycombinator.com/item?id=49646373,disgruntledphd2,,,,algorithmic feed,Conservative keyword/context screen: recommendation/ranking/feed plus change/platform context.,49639104,https://strategictree.bearblog.dev/i-think-i-hate-the-internet/,2026-09-21T19:44:34.808161+00:00,UTC,"The reason that algorithmic feeds were introduced was essentially that Zynga and various heavy posters were killing Facebook (but mostly Zynga). Back near the dawn of time, FB's feed was chronological, and that meant that Every.Single.Farmville.Notification showed up in your feed (and there were a lot of Farmville notifications). This was actually causing real problems for Facebook, and they introduced an algorithmic feed to fix it. Back then, it was actually relatively simple, and mostly just ranked posts based on how connected you were to the person on Facebook. Obviously things have changed since then, and algorithmic feeds have had a host of weird impacts, but a ranked feed is not necessarily bad in and of itself.","recommendation/feed context plus documented change, reaction, quality, or user-control signal",Negative,0.6051391847656,0.2925133885438576,0.10234742669054238
hn_49646902,Hacker News,public_comment,2026-09-10 16:59:42+00:00,2026-09-10,"Algorithmic feeds make large ""pile of all posts everywhere"" social networks like Twitter and BlueSky viable IMO. The mentioned ""For You"" feed for BlueSky appears to be a variation of LinkLonk's algorithm (by the same author), so how it works is partially known: https://linklonk.com/item/3292763817660940288",I think I hate the internet,https://news.ycombinator.com/item?id=49646902,packetlost,,,,algorithmic feed,Conservative keyword/context screen: recommendation/ranking/feed plus change/platform context.,49639104,https://strategictree.bearblog.dev/i-think-i-hate-the-internet/,2026-09-21T19:44:34.808161+00:00,UTC,"Algorithmic feeds make large ""pile of all posts everywhere"" social networks like Twitter and BlueSky viable IMO. The mentioned ""For You"" feed for BlueSky appears to be a variation of LinkLonk's algorithm (by the same author), so how it works is partially known: URL","recommendation/feed context plus documented change, reaction, quality, or user-control signal",Positive,0.3367817495050099,0.2231135926662122,0.44010465782877795
hn_49704897,Hacker News,public_comment,2026-09-14 22:11:31+00:00,2026-09-14,"From my vantage point the decentralization stuff distracted them from winning, but I am too ignorant to be sure if that's valid or not. The ideal twitter clone does, unfortunately, have to clone the ""virality"" aspect, including the recommendation algorithm, at least at first. A necessary evil, but at least it would be in better hands if it was rebuilt by more prosocial owners.",XCancel service is suspended until further notice,https://news.ycombinator.com/item?id=49704897,ajkjk,,,,Twitter recommendation algorithm,Conservative keyword/context screen: recommendation/ranking/feed plus change/platform context.,49694296,https://xcancel.com/#,2026-09-21T19:44:34.808161+00:00,UTC,"From my vantage point the decentralization stuff distracted them from winning, but I am too ignorant to be sure if that's valid or not. The ideal twitter clone does, unfortunately, have to clone the ""virality"" aspect, including the recommendation algorithm, at least at first. A necessary evil, but at least it would be in better hands if it was rebuilt by more prosocial owners.","recommendation/feed context plus documented change, reaction, quality, or user-control signal",Negative,0.7469502750626132,0.0816481191203144,0.17140160581707237
hn_49724110,Hacker News,public_comment,2026-09-16 09:48:33+00:00,2026-09-16,"It's the wrong way to go about the issue. Instead, mandate control over the recommendation algorithms. Now THAT could actually change something. And is for good reason the worst nightmare of TikTok, Facebook and Twitter. While they obviously have no significant issue with age control. Because it doesn't hurt them.","EU chief proposes social media, online gaming and chatbot ban for kids under 13",https://news.ycombinator.com/item?id=49724110,lompad,,,,Twitter recommendation algorithm,Conservative keyword/context screen: recommendation/ranking/feed plus change/platform context.,49723877,https://apnews.com/article/europe-leyen-social-media-ban-kids-3e7176ea409ba4af0a069f5ca7dd9680,2026-09-21T19:44:34.808161+00:00,UTC,"It's the wrong way to go about the issue. Instead, mandate control over the recommendation algorithms. Now THAT could actually change something. And is for good reason the worst nightmare of TikTok, Facebook and Twitter. While they obviously have no significant issue with age control. Because it doesn't hurt them.","recommendation/feed context plus documented change, reaction, quality, or user-control signal",Negative,0.8912642073365331,0.030415993854597208,0.0783197988088697
hn_49776259,Hacker News,public_comment,2026-09-20 14:29:11+00:00,2026-09-20,"Or how about you adults all grow up and gain some healthy personal accountability instead of blaming your devices and society for your lack of self control. For certain technology there should be bans but it is not social media and algorithmic feeds. There may be speedbumps, more user controls and auto classifiying of user type with optional alteration of the feed and type of content, but full bans for things like infinite scroll are disproptional. Should sexual content be banned on social media? Maybe? Should violent footage be banned? It depends? Should bullying or predatory behavior be banned? I guess so? Or maybe it should it only be discouraged? What kind of social media does there exist? Is it binary or is it a spectrum, and should different rules or guidelines be applied? Way too many variables. But what is clear is that age (ID) checks for the wide spread internet are completely out of the question. Governments should not have that much control over our social lives. Face it, technology changes the world. The smartphone with camera did. If you could, would you put that genie back in the bottle? Should all content produced on smartphones be checked and watermarked and pulled through a selection of governments fingerprints to be publishable? Be very careful what you wish for since every new technology comes with hard to imagine second order effects and threats.",Teen Social Media Bans Miss the Point,https://news.ycombinator.com/item?id=49776259,jck86,,,,algorithmic feed,Conservative keyword/context screen: recommendation/ranking/feed plus change/platform context.,49775700,https://thereader.mitpress.mit.edu/teen-social-media-bans-miss-the-point/,2026-09-21T19:44:34.808161+00:00,UTC,"Or how about you adults all grow up and gain some healthy personal accountability instead of blaming your devices and society for your lack of self control. For certain technology there should be bans but it is not social media and algorithmic feeds. There may be speedbumps, more user controls and auto classifiying of user type with optional alteration of the feed and type of content, but full bans for things like infinite scroll are disproptional. Should sexual content be banned on social media? Maybe? Should violent footage be banned? It depends? Should bullying or predatory behavior be banned? I guess so? Or maybe it should it only be discouraged? What kind of social media does there exist? Is it binary or is it a spectrum, and should different rules or guidelines be applied? Way too many variables. But what is clear is that age (ID) checks for the wide spread internet are completely out of the question. Governments should not have that much control over our social lives. Face it, technology changes the world. The smartphone with camera did. If you could, would you put that genie back in the bottle? Should all content produced on smartphones be checked and watermarked and pulled through a selection of governments fingerprints to be publishable? Be very careful what you wish for since every new technology comes with hard to imagine second order effects and threats.","recommendation/feed context plus documented change, reaction, quality, or user-control signal",Negative,0.5555691124470787,0.3080808926266317,0.13634999492628966
hn_49776271,Hacker News,public_comment,2026-09-20 14:30:15+00:00,2026-09-20,"Are people seriously routinely experiencing serious harm from social media use, comparable with alcohol or gambling addiction? The discussion may have suffered from much unnecessarily hyperbole in comparing YouTube to heroin, in how a single use guarantees unavoidable long term consequences with little redeeming qualities. I'm a college age gen Z, and don't really think you can fix much with a social media ban alone, even ignoring all the implications if it's enforcement. People don't get dysmorphia because some computer program told them so. The ""influencers"" are just other victims of a fundamentally toxic culture, or leaches on that insecurity. You could say it used to be better before the internet, and maybe you'd be right. But all the internet enabled is just more people talking to each other about what's on their mind. As long as there are humans communicating through any medium, there will be a culture that can harbor these destructive tendencies, and the bigger more sparse that culture is, the more extreme its ideas can get. Chronological feeds or more civic accountability for any algorithmic feeds (like forcing companies to share data with researchers to study their effects) could be a generally great initiative, but simply banning social media for anyone won't do as much as you'd hope. Looksmaxing, the latest of these strange internet-induced mental illnesses, literally began on a phpBB forum.",Teen Social Media Bans Miss the Point,https://news.ycombinator.com/item?id=49776271,pona-a,,,,algorithmic feed,Conservative keyword/context screen: recommendation/ranking/feed plus change/platform context.,49775700,https://thereader.mitpress.mit.edu/teen-social-media-bans-miss-the-point/,2026-09-21T19:44:34.808161+00:00,UTC,"Are people seriously routinely experiencing serious harm from social media use, comparable with alcohol or gambling addiction? The discussion may have suffered from much unnecessarily hyperbole in comparing YouTube to heroin, in how a single use guarantees unavoidable long term consequences with little redeeming qualities. I'm a college age gen Z, and don't really think you can fix much with a social media ban alone, even ignoring all the implications if it's enforcement. People don't get dysmorphia because some computer program told them so. The ""influencers"" are just other victims of a fundamentally toxic culture, or leaches on that insecurity. You could say it used to be better before the internet, and maybe you'd be right. But all the internet enabled is just more people talking to each other about what's on their mind. As long as there are humans communicating through any medium, there will be a culture that can harbor these destructive tendencies, and the bigger more sparse that culture is, the more extreme its ideas can get. Chronological feeds or more civic accountability for any algorithmic feeds (like forcing companies to share data with researchers to study their effects) could be a generally great initiative, but simply banning social media for anyone won't do as much as you'd hope. Looksmaxing, the latest of these strange internet-induced mental illnesses, literally began on a phpBB forum.","recommendation/feed context plus documented change, reaction, quality, or user-control signal",Negative,0.5950941812921873,0.18088624738957268,0.22401957131824007
hn_49776309,Hacker News,public_comment,2026-09-20 14:35:20+00:00,2026-09-20,"I can agree with this. And I’m not sure how these bans are scoped but maybe they should be scoped specifically around algorithmic feeds. The biggest problem to me isn’t the content or posting on a friends timeline. It’s that choices are pushed to the user rather than pulled. Change that one dynamic and I may not care as much that YouTube has content I consider toxic. Add a little friction my teen has to go actively discover content he’s curious about, not pushed an algorithmic feed. I think the problem is though - the tech companies are incentivized to make this about _content_ “ I can’t ban Andrew Tate because it’s not my job to tell people what they can and can’t watch, first amendment, blah blah blah. And Zuckerberg isn’t wrong here exactly, but per above the real argument I think is less about content and more about form. But the reality is these companies don’t actually make their money from the content they make it from the form. So Zuckerberg can’t concede “oh you’re right, making the newsfeed less adddictive doesn’t violate first amendment rights, at least we’re not banning Trump, because he doesn’t care about banning Trump except for the heat he gets from republicans, he cares about you messing with the money printer. The thing we may all be able to agree they should do is the thing they’ll push back much harder against doing.",Teen Social Media Bans Miss the Point,https://news.ycombinator.com/item?id=49776309,techblueberry,,,,algorithmic feed,Conservative keyword/context screen: recommendation/ranking/feed plus change/platform context.,49775700,https://thereader.mitpress.mit.edu/teen-social-media-bans-miss-the-point/,2026-09-21T19:44:34.808161+00:00,UTC,"I can agree with this. And I’m not sure how these bans are scoped but maybe they should be scoped specifically around algorithmic feeds. The biggest problem to me isn’t the content or posting on a friends timeline. It’s that choices are pushed to the user rather than pulled. Change that one dynamic and I may not care as much that YouTube has content I consider toxic. Add a little friction my teen has to go actively discover content he’s curious about, not pushed an algorithmic feed. I think the problem is though - the tech companies are incentivized to make this about _content_ “ I can’t ban Andrew Tate because it’s not my job to tell people what they can and can’t watch, first amendment, blah blah blah. And Zuckerberg isn’t wrong here exactly, but per above the real argument I think is less about content and more about form. But the reality is these companies don’t actually make their money from the content they make it from the form. So Zuckerberg can’t concede “oh you’re right, making the newsfeed less adddictive doesn’t violate first amendment rights, at least we’re not banning Trump, because he doesn’t care about banning Trump except for the heat he gets from republicans, he cares about you messing with the money printer. The thing we may all be able to agree they should do is the thing they’ll push back much harder against doing.","recommendation/feed context plus documented change, reaction, quality, or user-control signal",Negative,0.8406372677385282,0.09906181856232803,0.060300913699143775
hn_49791607,Hacker News,public_comment,2026-09-21 18:49:57+00:00,2026-09-21,"The sum total of things going on in the world is far more than any one human being can process. The function of the news media (either human or algorithmic) is to cherry-pick the stories that are presented to users. Because they are cherry-picked, they necessarily present a distorted picture of reality. In the days of the big-3 monopoly of broadcast TV, they were usually cherry-picked to support national unity and common American culture; as the news media got more competitive, they started cherry-picking ones that would hold viewer attention (""if it bleeds, it leads""), and then as we switched to Internet news and algorithmic feeds they are algorithmically chosen to maximize engagement.",Attention is all you have,https://news.ycombinator.com/item?id=49791607,nostrademons,,,,algorithmic feed,Conservative keyword/context screen: recommendation/ranking/feed plus change/platform context.,49787726,https://alicegg.tech/2026/09/21/attention,2026-09-21T19:44:34.808161+00:00,UTC,"The sum total of things going on in the world is far more than any one human being can process. The function of the news media (either human or algorithmic) is to cherry-pick the stories that are presented to users. Because they are cherry-picked, they necessarily present a distorted picture of reality. In the days of the big-3 monopoly of broadcast TV, they were usually cherry-picked to support national unity and common American culture; as the news media got more competitive, they started cherry-picking ones that would hold viewer attention (""if it bleeds, it leads""), and then as we switched to Internet news and algorithmic feeds they are algorithmically chosen to maximize engagement.","recommendation/feed context plus documented change, reaction, quality, or user-control signal",Neutral,0.3620640577647206,0.5205934522540046,0.11734248998127488
