id,source,source_type,timestamp,date,text,title,url,author_or_author_id_if_appropriate,engagement_score,comment_count,upvote_count_if_available,query_term,topic_relevance,story_id,story_url,collected_at,collection_timezone
hn_1458642,Hacker News,public_comment,2010-06-24 18:10:25+00:00,2010-06-24,"There are so many new RSS apps out there but it seems like they don't even admit to themselves that Google Reader exists. The project doesn't seem worth doing if you're just going to provide a subset of that functionality. Do we want to comment on your site rather than the blog post itself? Probably not. Hacker News is an exception because there is a community of like-minded people here; that will not be the case on a generic aggregator. Solving the community issue is more important than dumping a ton of social features on it. There are some enticing possibilities around RSS readers, but I think they mostly revolve around the incorporation of other ideas into them. Even a modest follower of RSS is going to hit information saturation after 20ish blogs, so a recommendation and ranking service would definitely be useful. I looked over the screenshots and they didn't wow me. I would have been willing to try it, like the above poster said, if I could simply access the reader and add a feed to see what it was like. I'd understand that my settings weren't saved until I signed up.",Good Noows: A well designed news reader,https://news.ycombinator.com/item?id=1458642,netmau5,,,,recommendation ranking,Conservative keyword/context screen: recommendation/ranking/feed plus change/platform context.,1458065,http://goodnoows.com/,2026-09-21T19:44:34.808161+00:00,UTC
hn_2169332,Hacker News,public_story,2011-02-02 06:34:14+00:00,2011-02-02,YouTube uses Amazon's recommendation algorithm,YouTube uses Amazon's recommendation algorithm,https://news.ycombinator.com/item?id=2169332,davidst,2.0,0.0,2.0,recommendation algorithm,Conservative keyword/context screen: recommendation/ranking/feed plus change/platform context.,2169332,,2026-09-21T19:44:34.808161+00:00,UTC
hn_2940140,Hacker News,public_comment,2011-08-30 04:40:15+00:00,2011-08-30,"I had thought about something like this, sort of a combination of karma scores and netflix/pandora-style recommendations for ranking user content on sites like HN. I could say 'I like what tptacek has to say' and give your content a higher precedence for ME, rather than for the whole of the site user base. Others could say 'I dislike what tptacek has to say', and you get a corresponding drop for THAT USER, not everyone. Now add a chain - if I 'like' you, all that you 'like' gets a smaller, but significant bump for me, and so on. Add in 'OSCP' style repudiation if the source of your trust for someone changes their mind for any reason. Moving this into authentication/trust - how do you 'start' something like this at an Internet scale, assuming actively hostile, nation-state level players, such as in this article? It seems very chicken-and-egg for something as critical as encryption and protection of important content. Just thoughts - it seems there's some big issues I'm missing though, such as initial seeding for 'new' users en masse. I can also see the code to keep track of all the trust vectors, etc. becoming VERY complicated...",Gmail.com being MITM'd by Iran using this certificate,https://news.ycombinator.com/item?id=2940140,count,,,,recommendation ranking,Conservative keyword/context screen: recommendation/ranking/feed plus change/platform context.,2938516,http://pastebin.com/ff7Yg663,2026-09-21T19:44:34.808161+00:00,UTC
hn_3301483,Hacker News,public_story,2011-12-01 21:34:54+00:00,2011-12-01,YouTube’s New Homepage Goes Social With Algorithmic Feeds,YouTube’s New Homepage Goes Social With Algorithmic Feeds,https://news.ycombinator.com/item?id=3301483,nickfrost,6.0,1.0,6.0,feed algorithm,Conservative keyword/context screen: recommendation/ranking/feed plus change/platform context.,3301483,,2026-09-21T19:44:34.808161+00:00,UTC
hn_3719435,Hacker News,public_comment,2012-03-18 09:52:37+00:00,2012-03-18,"Out of curiosity, did you compare to any other baselines? I suspect you did a lot better than you think you did, because that particular baseline is actually very misleading for ranking/recommendation tasks (this is a common source of confusion for newcomers). Here's why, in two parts: 1) Say you estimate (as you propose) that a user will always give their average rating. This might get you good-ish error and ROC as a prediction task , but will give zero recommendation value because the prediction for a given user will be constant for all possible recommendations. 2) Say you estimate that a user will give the average score that the item has received across all users. Again, possibly good-ish in terms of prediction ROC and RMS error, but this offers no personalization (all users get the same predictions, i.e. you're basically just showing the default Reddit ranking). Both of these baselines are vastly inferior to even really stupid models like ""how many times have I upvoted stories from this submitter"" in terms of recommendation value, but the latter is (if I recall from my own experiments) much worse when evaluated on the basis of overall ROC. I would strongly suspect that a correctly implemented NB or S1 would vastly outperform either of the two baselines in terms of actual recommendation utility (even though when you look at the baseline's ability to predict actual numbers, they might be comparably good in an RMS sense). The moral of the story: one must be very careful when trying to quantify the performance of learning systems; actual utility is often difficult to evaluate merely by looking at standard statistical measures of accuracy.",Help Reddit build a recommender,https://news.ycombinator.com/item?id=3719435,_dps,,,,recommendation ranking,Conservative keyword/context screen: recommendation/ranking/feed plus change/platform context.,3719003,http://www.reddit.com/r/redditdev/comments/lowwf/attempt_2_want_to_help_reddit_build_a_recommender/,2026-09-21T19:44:34.808161+00:00,UTC
hn_3824028,Hacker News,public_comment,2012-04-10 19:47:15+00:00,2012-04-10,"http://play-fame.com is a similar premise for Twitter. As recommendation algorithms and walled gardens fragment and homogenize our private online bubbles, perhaps these ""anti-recommendation""/serendipity apps will help broaden people's horizons.","A huge listserv. Each day, only one random person can write to it.",https://news.ycombinator.com/item?id=3824028,garethsprice,,,,Twitter recommendation algorithm,Conservative keyword/context screen: recommendation/ranking/feed plus change/platform context.,3823512,http://thelistserve.com/,2026-09-21T19:44:34.808161+00:00,UTC
hn_4322940,Hacker News,public_comment,2012-08-01 14:12:43+00:00,2012-08-01,"They can through algorithms, which is something that is painfully lacking on most social media sites (including HN). Give users the ability to dislike something strongly enough that anyone who voted it up is excluded from all vote counts/rankings/recommendations as provided to that user for some period of time. While this leads to a filtered world, that is exactly what users expect from sites like these. Reddit is essentially falling apart for many users (while catering to a new audience) -- in /r/all as well as individual subreddits that see a constant cycle of abandonment as people try to ontologically solve the problem -- as it is increasingly dominated by teenagers. If I could strongly express a disinterest in every fictitious Facebook picture / iPhone message conversation, and that served as a quality indicator of people whose opinions I don't respect, that would be beautiful.",Can Digg make a run on Reddit?,https://news.ycombinator.com/item?id=4322940,huggyface,,,,recommendation ranking,Conservative keyword/context screen: recommendation/ranking/feed plus change/platform context.,4322753,http://betabeat.com/2012/08/the-digg-bang-theory-can-betaworks-make-a-run-on-reddit/,2026-09-21T19:44:34.808161+00:00,UTC
hn_4323405,Hacker News,public_comment,2012-08-01 15:28:38+00:00,2012-08-01,"the fact that I like gaming doesn't mean that I like the same thing as every other reader of /r/gaming, for instance. So, the site should be unique for each user, right? But if you take the tactic you mentioned in a previous post: ""Give users the ability to dislike something strongly enough that anyone who voted it up is excluded from all vote counts/rankings/recommendations as provided to that user for some period of time."" You'll pretty quickly run out of any other users to interact with.",Can Digg make a run on Reddit?,https://news.ycombinator.com/item?id=4323405,sp332,,,,recommendation ranking,Conservative keyword/context screen: recommendation/ranking/feed plus change/platform context.,4322753,http://betabeat.com/2012/08/the-digg-bang-theory-can-betaworks-make-a-run-on-reddit/,2026-09-21T19:44:34.808161+00:00,UTC
hn_4437467,Hacker News,public_comment,2012-08-27 04:43:14+00:00,2012-08-27,"Yes I realize that my dumbass friends are posting all these meme's and pictures. But what I want facebook to do is show me their status updates and other meaningful things other than the ""Don't worry be happy"" meme that shows up on my feed. The problem is that I get all this junk from them and have no way of turning off that part of it and keeping the other part. Not an unreasonable feature request IMO. I would love a text-based facebook feed. Like a twitter within facebook - one where I see all my friends status/profile updates to begin with.. Facebook's algorithms prioritize picture uploads over and above status updates. If you've been a long time Facebook user you'll see how now you see way more picture posts as opposed to status updates (just check the occurrences on your feed..) In fact, it appears that picture based posts are prioritized. So a picture post of a cat/anything-else will have a higher probability of showing up on your feed as opposed to ""YAY We're getting married!"" (unless that status update has a lot of likes.. etc..) What I meant in my initial post was that facebook's news feed algorithm is changing and the end result will naturally be quite different from what it started out as. As this algorithm evolves to keep investors happy and ad revenues up, things will change considerably. If that pisses users off, then another social network might be able to fill in/take over. As an example, Path has had plenty of success so far - not a facebook killer but in a nice niche..",Google+ Will Dominate Facebook - Here's Why,https://news.ycombinator.com/item?id=4437467,ashray,,,,Facebook news feed algorithm,Conservative keyword/context screen: recommendation/ranking/feed plus change/platform context.,4436847,https://plus.google.com/116024884086268367178/posts/j6FbZtpSDJs,2026-09-21T19:44:34.808161+00:00,UTC
hn_4613578,Hacker News,public_story,2012-10-04 18:16:13+00:00,2012-10-04,Did Facebook Just Admit Its News Feed Algorithm Sucks?,Did Facebook Just Admit Its News Feed Algorithm Sucks?,https://news.ycombinator.com/item?id=4613578,besttechie,1.0,0.0,1.0,feed algorithm,Conservative keyword/context screen: recommendation/ranking/feed plus change/platform context.,4613578,,2026-09-21T19:44:34.808161+00:00,UTC
hn_4719967,Hacker News,public_comment,2012-10-30 22:14:58+00:00,2012-10-30,"It's especially problematic since Facebook's newsfeed algorithm seems to promote posts by exactly those who interact with me a lot on Facebook, which is correlated with living on Facebook a lot, which is (as you said) correlated with how much real life they have to talk about! Missing out on my acquaintances' big life events is one reason I've been experimenting with http://WikiSapien.com/",The Horrible Future of Social,https://news.ycombinator.com/item?id=4719967,sapien,,,,Facebook news feed algorithm,Conservative keyword/context screen: recommendation/ranking/feed plus change/platform context.,4719139,http://ted.io/the-horrible-future-of-social.html,2026-09-21T19:44:34.808161+00:00,UTC
hn_4786011,Hacker News,public_comment,2012-11-14 22:42:08+00:00,2012-11-14,"All great points. One note: the $3 I noted in the article actually isn't CPM, it's Cost-Per-Reach, or Cost Per Unique Impression. This is an important distinction because most digital/display advertising functions on a CPM basis, where one person might see an ad multiple times. On Facebook, when a Page promotes a post, that post is only displayed to that user once. Brands have a tendency to abuse the trust of someone opting-in, whether that's on Twitter, Facebook, Email, etc. When this happens, most people aren't aware enough to understand the cause and effect - instead of blaming the brand for being spammy, they get frustrated with Facebook. The News Feed Algorithm and Sponsored Stories are Facebook's way of ensuring a better user experience. By pushing brands to pay a small price for distribution, Facebook gets brands to think about what they're publishing and to take advantage of the targeting options that Facebook makes available, so that their content reaches the right people.",Why Mark Cuban is wrong about Facebook,https://news.ycombinator.com/item?id=4786011,brendanib,,,,Facebook news feed algorithm,Conservative keyword/context screen: recommendation/ranking/feed plus change/platform context.,4785787,http://pagelever.com/fact-check-why-mark-cuban-is-wrong-about-facebook/,2026-09-21T19:44:34.808161+00:00,UTC
hn_5271653,Hacker News,public_story,2013-02-23 21:46:35+00:00,2013-02-23,"Python, Ruby, Vim package updates notifications, rankings and recommendations","Python, Ruby, Vim package updates notifications, rankings and recommendations",https://news.ycombinator.com/item?id=5271653,gklein,3.0,0.0,3.0,recommendation ranking,Conservative keyword/context screen: recommendation/ranking/feed plus change/platform context.,5271653,,2026-09-21T19:44:34.808161+00:00,UTC
hn_6168263,Hacker News,public_story,2013-08-06 18:24:20+00:00,2013-08-06,"Facebook To Publicize News Feed Algorithm, Starting With New “Story Bumping”","Facebook To Publicize News Feed Algorithm, Starting With New “Story Bumping”",https://news.ycombinator.com/item?id=6168263,esalazar,3.0,0.0,3.0,feed algorithm,Conservative keyword/context screen: recommendation/ranking/feed plus change/platform context.,6168263,,2026-09-21T19:44:34.808161+00:00,UTC
hn_6206370,Hacker News,public_story,2013-08-13 15:41:33+00:00,2013-08-13,How Facebook's News Feed Algorithm Actually Works - The Buffer Blog,How Facebook's News Feed Algorithm Actually Works - The Buffer Blog,https://news.ycombinator.com/item?id=6206370,Lightning,3.0,0.0,3.0,feed algorithm,Conservative keyword/context screen: recommendation/ranking/feed plus change/platform context.,6206370,,2026-09-21T19:44:34.808161+00:00,UTC
hn_6220222,Hacker News,public_story,2013-08-15 20:02:53+00:00,2013-08-15,Facebook Updates News Feed Algorithm With Story Bumping & Last Actor,Facebook Updates News Feed Algorithm With Story Bumping & Last Actor,https://news.ycombinator.com/item?id=6220222,techaddict009,2.0,0.0,2.0,feed algorithm,Conservative keyword/context screen: recommendation/ranking/feed plus change/platform context.,6220222,,2026-09-21T19:44:34.808161+00:00,UTC
hn_6226371,Hacker News,public_story,2013-08-16 19:54:28+00:00,2013-08-16,EdgeRank Is Dead: Facebook's News Feed Algorithm Close To 100K Weight Factors,EdgeRank Is Dead: Facebook's News Feed Algorithm Close To 100K Weight Factors,https://news.ycombinator.com/item?id=6226371,antr,2.0,0.0,2.0,feed algorithm,Conservative keyword/context screen: recommendation/ranking/feed plus change/platform context.,6226371,,2026-09-21T19:44:34.808161+00:00,UTC
hn_6556832,Hacker News,public_story,2013-10-15 22:37:56+00:00,2013-10-15,R.I.P. EdgeRank: How To Optimize For Facebook’s News Feed Algorithm,R.I.P. EdgeRank: How To Optimize For Facebook’s News Feed Algorithm,https://news.ycombinator.com/item?id=6556832,advantagesprogr,2.0,0.0,2.0,feed algorithm,Conservative keyword/context screen: recommendation/ranking/feed plus change/platform context.,6556832,,2026-09-21T19:44:34.808161+00:00,UTC
hn_6826067,Hacker News,public_comment,2013-12-01 04:16:18+00:00,2013-12-01,"Yeah, sure this is cool. We probably can see this from Yelp in a limited way, from twitter or from facbeook. Everyone who work on recommendation algorithm probably have an idea how to implement one. I don't see that being impressive.",An inside look at Stephen Wolfram's computational paradigm,https://news.ycombinator.com/item?id=6826067,yeukhon,,,,Twitter recommendation algorithm,Conservative keyword/context screen: recommendation/ranking/feed plus change/platform context.,6821792,http://venturebeat.com/2013/11/29/sentient-code-an-inside-look-at-stephen-wolframs-utterly-new-insanely-ambitious-computational-paradigm/,2026-09-21T19:44:34.808161+00:00,UTC
hn_7218157,Hacker News,public_comment,2014-02-11 15:53:52+00:00,2014-02-11,this is probably the best thing that facebook has done with its news feed algorithm. I've also started seeing a lot less of posts from friends who tended to overpost.. Looks like they're getting things right with that. On the other hand almost every second post is a promoted post or an ad - overkill.,Facebook Puts a Downer on Upworthy,https://news.ycombinator.com/item?id=7218157,kamakazizuru,,,,Facebook news feed algorithm,Conservative keyword/context screen: recommendation/ranking/feed plus change/platform context.,7217986,http://www.bloomberg.com/news/2014-02-11/facebook-puts-a-downer-on-upworthy.html,2026-09-21T19:44:34.808161+00:00,UTC
hn_7218374,Hacker News,public_comment,2014-02-11 16:27:00+00:00,2014-02-11,"""Facebook Inc. changed its newsfeed algorithm. You’ll never believe what happened to Upworthy’s traffic next."" The start of the article is gold.",Facebook Puts a Downer on Upworthy,https://news.ycombinator.com/item?id=7218374,xux,,,,Facebook news feed algorithm,Conservative keyword/context screen: recommendation/ranking/feed plus change/platform context.,7217986,http://www.bloomberg.com/news/2014-02-11/facebook-puts-a-downer-on-upworthy.html,2026-09-21T19:44:34.808161+00:00,UTC
hn_7220336,Hacker News,public_comment,2014-02-11 20:50:01+00:00,2014-02-11,Facebook Inc. changed its newsfeed algorithm. You’ll never believe what happened to Upworthy’s traffic next. A little subtle humor from our friends at Bloomberg! This is the type of sly writing I'd expect from the Economist.,Facebook Puts a Downer on Upworthy,https://news.ycombinator.com/item?id=7220336,mathattack,,,,Facebook news feed algorithm,Conservative keyword/context screen: recommendation/ranking/feed plus change/platform context.,7217986,http://www.bloomberg.com/news/2014-02-11/facebook-puts-a-downer-on-upworthy.html,2026-09-21T19:44:34.808161+00:00,UTC
hn_7570094,Hacker News,public_story,2014-04-10 22:26:31+00:00,2014-04-10,Facebook Tweaks News Feed Algorithm to Combat 'Spammy' Posts,Facebook Tweaks News Feed Algorithm to Combat 'Spammy' Posts,https://news.ycombinator.com/item?id=7570094,frankphilips,2.0,0.0,2.0,feed algorithm,Conservative keyword/context screen: recommendation/ranking/feed plus change/platform context.,7570094,,2026-09-21T19:44:34.808161+00:00,UTC
hn_7824950,Hacker News,public_story,2014-05-31 01:44:35+00:00,2014-05-31,How Facebook news feed algorithm works (Feb 2014),How Facebook news feed algorithm works (Feb 2014),https://news.ycombinator.com/item?id=7824950,ecesena,1.0,0.0,1.0,feed algorithm,Conservative keyword/context screen: recommendation/ranking/feed plus change/platform context.,7824950,,2026-09-21T19:44:34.808161+00:00,UTC
hn_7947713,Hacker News,public_comment,2014-06-26 01:34:42+00:00,2014-06-26,">Snapchat launches a fantastic re-design. so? how does this affect your product? >Facebook changes its newsfeed algorithm with significant implications for marketing agencies and small businesses. Facebook replaces its complete Android SDK with a new API yeah, that sucks. >Apple releases a completely new programming language. so? you don't have to use it. >Apple releases new versions of iOS and OS X. if your app works on Mavericks, it works on Yosemite. if it works on iOS7, it works on iOS8 >Google brings Android to TV and your wrist. You don't have to integrate with it. >They release a brand-new Android version. same comment as the apple OS releases >A new cross-platform design language. You don't have to use it. Your product already has a design, and a brand. consistency is important. Your users are probably even more afraid of change than you are. Don't inflict google's new design on them unless they're begging for it. >They replace the Android VM. your app probably already works with it. most do. >Notifications change how they work. no they didn't. they added new features, but your old notifications still work like they did yesterday. >This. And that. And this. And that. Build your product, make it as good as it can be, and build what your customers are actually asking for. Stop caring about all that crap the tech blogs are posting, and focus on what your customers are asking for. You don't have to react to everything that theverge reports on, 90% of it goes away after a couple months or has a similarly small effect on the industry.",Tech is moving too fast for me: I'm out.,https://news.ycombinator.com/item?id=7947713,notatoad,,,,Facebook news feed algorithm,Conservative keyword/context screen: recommendation/ranking/feed plus change/platform context.,7947551,,2026-09-21T19:44:34.808161+00:00,UTC
hn_7972600,Hacker News,public_comment,2014-07-01 18:29:05+00:00,2014-07-01,"Vurb - San Francisco, CA - http://vurb.com We just won TechCrunch Disrupt NYC - http://techcrunch.com/2014/05/05/vurb/ Vurb is working on reinventing search, browsing, and sharing - by creating an intelligent layer over the Internet that helps you get things done in one place. Rather than opening lots of windows/tabs or hopping from mobile app to mobile app, we're building a platform that brings everything together. We do this by connecting the services we use in a contextual way, through data technologies (search, machine learning, big data, etc.) and original thinking around UI/UX. We're funded by Max Levchin, Drew Houston (Dropbox), Naval Ravikant (AngelList), CrunchFund, and many others. This is a hard problem, but it has the potential to change the behavior of how we do things on the Internet (and make it fun!) Full-time opportunities in San Francisco (3+ yrs experience, interview on-site) * Search / Data Scientist / Data Engineer - search, classification, ranking, ML, recommendation systems, NLP, graph dbs, data crawling/processing. Search experience strongly desired. * Full-stack Engineer - experience in JavaScript and async programming (e.g., node.js) preferable * Android Engineer * Lead Designer - visual design, interaction design, and experience design - please include your portfolio or Dribbble when applying jobs@vurb.com | angel.co/vurb",Ask HN: Who is hiring? (July 2014),https://news.ycombinator.com/item?id=7972600,blo,,,,recommendation ranking,Conservative keyword/context screen: recommendation/ranking/feed plus change/platform context.,7970366,,2026-09-21T19:44:34.808161+00:00,UTC
hn_7997100,Hacker News,public_comment,2014-07-07 04:38:21+00:00,2014-07-07,"I don't get the controversy over this. How is this different than a news website displaying more tragic stories or more upbeat stories on their homepage, and seeing how it affects users? Someone in another thread mentioned supermarkets playing sad music and happy music. Or even Facebook's normal newsfeed algorithm tweaking, where they've very likely done tests similar to this.",XKCD: Research Ethics,https://news.ycombinator.com/item?id=7997100,Houshalter,,,,Facebook news feed algorithm,Conservative keyword/context screen: recommendation/ranking/feed plus change/platform context.,7995681,http://xkcd.com/1390/,2026-09-21T19:44:34.808161+00:00,UTC
hn_8121824,Hacker News,public_comment,2014-08-01 18:01:10+00:00,2014-08-01,"Vurb - San Francisco, CA - http://vurb.com We won TechCrunch Disrupt NYC - http://techcrunch.com/2014/05/05/vurb/ Vurb is working on reinventing search, browsing, and sharing - by creating an intelligent layer over the Internet that helps you get things done in one place. Rather than opening lots of windows/tabs or hopping from mobile app to mobile app, we're building a platform that brings everything together. We do this by connecting the services we use in a contextual way, through data technologies (search, machine learning, big data, etc.) and original thinking around UI/UX. We're very well funded - Max Levchin, Drew Houston (Dropbox), Naval Ravikant (AngelList), CrunchFund, and many others. This is a hard problem, but it has the potential to change the behavior of how we do things on the Internet (and make it fun!) Full-time opportunities in San Francisco (interview on-site, H1B transfers OK) * Search / Data Scientist / Data Engineer - search, classification, ranking, ML, recommendation systems, NLP, graph dbs, data crawling/processing. Search experience strongly desired. * Full-stack Engineer - experience in JavaScript and async programming (e.g., node.js) a plus * Lead Android Engineer - help bring our Android version to market * Lead Designer - sharp eye for visual and/or UX design - please include your portfolio or Dribbble jobs@vurb.com | angel.co/vurb",Ask HN: Who is hiring? (August 2014),https://news.ycombinator.com/item?id=8121824,blo,,,,recommendation ranking,Conservative keyword/context screen: recommendation/ranking/feed plus change/platform context.,8120070,,2026-09-21T19:44:34.808161+00:00,UTC
hn_8340777,Hacker News,public_story,2014-09-19 14:54:45+00:00,2014-09-19,Facebook tweaks News Feed algorithm to take timeliness into account,Facebook tweaks News Feed algorithm to take timeliness into account,https://news.ycombinator.com/item?id=8340777,amis,1.0,0.0,1.0,feed algorithm,Conservative keyword/context screen: recommendation/ranking/feed plus change/platform context.,8340777,,2026-09-21T19:44:34.808161+00:00,UTC
hn_8514868,Hacker News,public_comment,2014-10-27 11:31:05+00:00,2014-10-27,"The article ends in a non serious fashion.So the author discovers his books outside of Amazon.Does this fact has any relevance to how people in general discover books ? On the other hand, Amazon is Google's biggest threat in general product search(and probably discovery). So surely Amazon is even stronger in books. And i'm sure Amazon does play with search/recommendation ranking, and publishers see the effect on sales, or else they wouldn't have bothered with this fight.","Big, bad Amazon",https://news.ycombinator.com/item?id=8514868,pinkyand,,,,recommendation ranking,Conservative keyword/context screen: recommendation/ranking/feed plus change/platform context.,8514572,http://www.economist.com/blogs/freeexchange/2014/10/market-power?fsrc=scn/fb/wl/bl/bigbadamazon,2026-09-21T19:44:34.808161+00:00,UTC
hn_8765504,Hacker News,public_comment,2014-12-18 01:12:39+00:00,2014-12-18,"> Am I missing something here? Yes. Facebook announced updates to their Newsfeed algorithm to reduce the amount of ""promotional"" content people see in their feeds. https://www.facebook.com/business/news/update-to-facebook-ne...",The beginning of the end of Facebook’s traffic engine?,https://news.ycombinator.com/item?id=8765504,balls187,,,,Facebook news feed algorithm,Conservative keyword/context screen: recommendation/ranking/feed plus change/platform context.,8765033,http://www.niemanlab.org/2014/12/the-beginning-of-the-end-of-facebook-as-a-traffic-engine,2026-09-21T19:44:34.808161+00:00,UTC
hn_9090700,Hacker News,public_comment,2015-02-22 19:44:13+00:00,2015-02-22,"I never post on here, but as someone who has struggled with these same feelings since childhood, I thought I'd offer my perspective. I've come to look at it like this: depression is like an Instagram filter. (Wait, just...bear with me.) Go take a picture of a tree outside with Instagram. Now lower the saturation, pump up the shadows, add vignette edges. You'll end up with something that looks like a goth album cover. Is it still an accurate picture of the tree? Yes...but you've chosen which aspects of it to focus on. You've given it an emotional coloring. Being depressed is like having that Instagram filter on your entire worldview. You're not delusional, you're not just imagining that the world sucks...but your ability to see the full spectrum of things has been limited. And the worst part is, you can't control when that filter gets slammed down on you. Sometimes it's situational. Here's a hypothetical for you: if somebody showed up at your door tomorrow with a check for a billion dollars and the deed to your own private island where you could go be alone or be surrounded only by people you wanted around you, do you think you would still be depressed? If not, then you know the answer: go find a billion dollars and a private island, obviously. (Go find Peter Thiel and hit him up, he's into big money and private islands these days, I hear.) But in all seriousness, if your depression seems tied to circumstance, never forget that circumstance can change, either on its own or by your own effort of will. Unless you are actually in prison right now, you can almost always walk away from where you are and find somewhere else to be. Someone else to be, in some sense. But you have to be honest with yourself and willing to admit that maybe you're not where you're supposed to be, even if you've spent your whole life headed in this direction. Maybe you'd be better served working as a bartender in some roadhouse down on the Gulf Coast, or living in a shit apartment doing sculpture and working part-time as a barista just to afford rent and ramen noodles. I know people who are perfectly content with the idea of never being rich or successful, but just doing what they want and not worrying about whether anybody else gives a shit at all. (I'm becoming one of them myself.) And there's always the possibility that your depression is, at some point in the stack, hardware-based -- that you've got a chemical imbalance in your head meat. And listen, as a longtime freelancer and contractor who's been doing the startup dance for a real long goddamn time now, I feel you on the medical thing -- hell, I wrote a book about going to Juarez, Mexico to get my wisdom teeth fixed because it was cheaper to do it there, including travel expenses, than to get it done at the dentist down the street. And that shit can be tricky in America, especially if you're not actually indigent but can't afford to spend hundreds or thousands of dollars on doctors and medicine. (I think your income level at that point is legally defined as ""between a rock and a hard place"".) But there are resources. If you live in an urban area there are almost certainly free mental health resources. You can go and sit in line and find out if you qualify. It sucks and it's boring and it can make you feel like a pathetic crazy person, but never forget: that's not about you, that's about the way the system is set up in this country. Or look at it another way: if you had diabetes, or a weak heart or your legs stopped working, wouldn't you do whatever it took to figure out why it was happening to you and how to stop it, even if it meant sitting in some overcrowded janky-ass waiting room for a day? You've got a potentially life-threatening condition that may or may not be caused by bad wiring. If there's a way to fix it, fix it. Because here's the thing, sir or madam, and please, please take this from someone who has spent more than one night staring at a razor blade or a handful of pills: this is a fucking glorious universe we live in. Really. The moments when depression leaves me entirely are the moments when I'm just alive in the world, looking at how ridiculous and amazing it is. I don't kill myself because I'm not done with the awesome. I'm not done with eating the food and seeing the cities and sleeping with wonderful ladies and watching the Marvel Cinematic Universe unfold and listening to all the goddamn rock and roll I possibly can and just finding nice, quiet places to stare up at the Milky Way and think about whether or not this is all just one great big algorithm, playing out over billions of years. We live in a mystery, homes, and you'll never come to the end of it. But isn't that worth something? I hope my advice helps, or at least puts some perspective on things. I don't know you and probably never will, but I'm rooting for you. You can handle this. Don't give up. As the writer Neil Gaiman once put it -- and this is maybe the best advice any human ever gave another -- you don't have to stay anywhere forever. Vaya con Dios.",Ask HN: Why keep living?,https://news.ycombinator.com/item?id=9090700,jzellis,,,,Instagram algorithm change,Conservative keyword/context screen: recommendation/ranking/feed plus change/platform context.,9088680,,2026-09-21T19:44:34.808161+00:00,UTC
hn_9711729,Hacker News,public_story,2015-06-13 17:20:40+00:00,2015-06-13,Facebook improves upon current news feed algorithm,Facebook improves upon current news feed algorithm,https://news.ycombinator.com/item?id=9711729,gweijie,1.0,0.0,1.0,feed algorithm,Conservative keyword/context screen: recommendation/ranking/feed plus change/platform context.,9711729,,2026-09-21T19:44:34.808161+00:00,UTC
hn_9739427,Hacker News,public_story,2015-06-18 15:59:30+00:00,2015-06-18,Facebook’s News Feed Algorithm Relinquishes Control of What We “See First”,Facebook’s News Feed Algorithm Relinquishes Control of What We “See First”,https://news.ycombinator.com/item?id=9739427,Errorcod3,2.0,0.0,2.0,feed algorithm,Conservative keyword/context screen: recommendation/ranking/feed plus change/platform context.,9739427,,2026-09-21T19:44:34.808161+00:00,UTC
hn_9858364,Hacker News,public_comment,2015-07-09 15:24:24+00:00,2015-07-09,"> What is perhaps more interesting, though, is whether Twitter ought to pursue an algorithmic feed When Twitter imposes a default algo driven timeline, instead of realizing that most of us power users are there because we want a raw reverse-chronological feed of our choosing, I will probably leave Twitter - or let it become a zombie account as my Facebook profile is today.",Curation and Algorithms,https://news.ycombinator.com/item?id=9858364,teaneedz,,,,algorithmic feed,Conservative keyword/context screen: recommendation/ranking/feed plus change/platform context.,9858222,https://stratechery.com/2015/curation-and-algorithms/,2026-09-21T19:44:34.808161+00:00,UTC
hn_9858498,Hacker News,public_comment,2015-07-09 15:39:04+00:00,2015-07-09,"> What is perhaps more interesting, though, is whether Twitter ought to pursue an algorithmic feed When Twitter introduces a default algo driven home timeline, instead of realizing that most of us power users are there because we want a raw reverse-chronological feed that ""we"" curate, I will no doubt leave or allow my account to become a zombie as my Facebook Profile has become these days. A default algo driven timeline will be the final nail in the coffin for Twitter.",Curation and Algorithms,https://news.ycombinator.com/item?id=9858498,teaneedz,,,,algorithmic feed,Conservative keyword/context screen: recommendation/ranking/feed plus change/platform context.,9858222,https://stratechery.com/2015/curation-and-algorithms/,2026-09-21T19:44:34.808161+00:00,UTC
hn_10356594,Hacker News,public_comment,2015-10-08 21:55:39+00:00,2015-10-08,"Well, the purpose of Reactions isn't to ""provide a dislike button"" like a lot of people wanted. The purpose of reactions is to provide an alternative for people who don't want to click ""Like"" on stories of tragedy (e.g. someone's loved one dying, someone announcing they have cancer, or even something non-personal like a news article about a mass shooting) because it sounds inappropriate, like ""ha ha, I'm enjoying your tragedy!"". There are two reasons why this is important: 1. Some people want to exhibit support but don't know what to say, so they're not comfortable commenting. On more positive stories, they'll just hit ""Like"", but that would feel inappropriate to do on a more negative story, so they don't do anything even though they want to express their support. 2. Facebook's News Feed algorithm uses Likes to determine how articles are sorted in your News Feed. If people don't Like important stories because they feel the word ""Like"" is inappropriate, then those stories will be downranked because the algorithm doesn't know the stories are supposed to be important. Reactions solve both by allowing people to both wordlessly express sympathy for and signal-boost stories that they feel would be inappropriate to ""Like"".",Facebook Reactions,https://news.ycombinator.com/item?id=10356594,amyjess,,,,Facebook news feed algorithm,Conservative keyword/context screen: recommendation/ranking/feed plus change/platform context.,10355556,https://www.facebook.com/zuck/videos/vb.4/10102412343501081/?type=2&theater,2026-09-21T19:44:34.808161+00:00,UTC
hn_10803053,Hacker News,public_comment,2015-12-28 20:08:20+00:00,2015-12-28,"I haven't noticed their prices are significantly better than Amazon to warrant the switching costs, which include giving up one click purchasing and free two day shipping (Jet offers two-day shipping on some products, and shipping is only free if you spend $35 or more). Maybe they're better for household goods than electronics, but every time I browse Jet, it feels like I'm going through the bargain bin. Odd prices and odd sorting don't make for a great experience. For example, a search for ""iPhone"" returns one result for something that looks like a fishing pole. There's no product description and I can't tell if it's so you can play fishing games on your phone or if it's to attach your phone to a pole. Either way, to see iPhone accessories, you need to click the tiny ""Electronics (10,000+)"" link at the top of the page. Once you actually click into a product page, they seem really bare. Amazon offers some great tools to help make a purchase decision (ratings/reviews, category rankings, recommendations), which Jet doesn't (and can't) offer. They're really pushing Jet Anywhere, but I can't see how that does anything other than lose them more money. Along with a $50 off first purchase coupon and $100 in Jet Cash I racked up, I gave Jet $150 to buy me a $300 PlayStation 4 from Newegg. I know I'm an extreme case, but $150 customer acquisition cost for someone who didn't particularly enjoy the experience and probably won't shop there again seems to fit with the narrative that they're burning through cash.","Jet.com’s Strategy: Low Prices, Fast Delivery, Happy Workers",https://news.ycombinator.com/item?id=10803053,martingordon,,,,recommendation ranking,Conservative keyword/context screen: recommendation/ranking/feed plus change/platform context.,10798399,http://www.nytimes.com/2015/12/27/technology/jetcoms-strategy-low-prices-fast-delivery-happy-workers.html,2026-09-21T19:44:34.808161+00:00,UTC
hn_10839129,Hacker News,public_story,2016-01-04 22:14:23+00:00,2016-01-04,Facebook and its news feed algorithm,Facebook and its news feed algorithm,https://news.ycombinator.com/item?id=10839129,piyushmakhija,123.0,86.0,123.0,feed algorithm,Conservative keyword/context screen: recommendation/ranking/feed plus change/platform context.,10839129,,2026-09-21T19:44:34.808161+00:00,UTC
hn_11066210,Hacker News,public_story,2016-02-09 16:11:53+00:00,2016-02-09,A tiny essay on Twitter changing its feed algorithm,A tiny essay on Twitter changing its feed algorithm,https://news.ycombinator.com/item?id=11066210,wyclif,2.0,0.0,2.0,feed algorithm,Conservative keyword/context screen: recommendation/ranking/feed plus change/platform context.,11066210,,2026-09-21T19:44:34.808161+00:00,UTC
hn_11072787,Hacker News,public_story,2016-02-10 14:11:23+00:00,2016-02-10,Surprise Twitter launches an algorithmic feed – kind of,Surprise Twitter launches an algorithmic feed – kind of,https://news.ycombinator.com/item?id=11072787,bontoJR,1.0,0.0,1.0,feed algorithm,Conservative keyword/context screen: recommendation/ranking/feed plus change/platform context.,11072787,,2026-09-21T19:44:34.808161+00:00,UTC
hn_11656421,Hacker News,public_comment,2016-05-08 23:01:32+00:00,2016-05-08,"There's a few important differences at play I think. First, the NYT has a few million paid subscribers, whereas Facebook is a free service with a billion and a half members. Just like their technical infrastructure, the sheer scale of their platform and reach is mind-boggling, global and borderless - unlike anything the world has ever seen. We may be fooling ourselves by judging Facebook through the lens of old media - there's been a paradigm shift and it needs to be appreciated and judged as such. Second, the NYT is a media company - which generally leans left. They create content. Facebook is more akin to the printing press company that newspaper companies employee (ROUGH analogy) or cable providers for TV. Remember how much shit Verizon (Comcast?) got itself in when it manipulated internet packets to deliver it's own advertising to its subscribers? Didn't they get sued and have to pay millions? I think Facebook manipulating its news feed algorithm should be as egregious as that behavior.",What Happened When Facebook Hired Some Journalists,https://news.ycombinator.com/item?id=11656421,notliketherest,,,,Facebook news feed algorithm,Conservative keyword/context screen: recommendation/ranking/feed plus change/platform context.,11655951,http://gizmodo.com/want-to-know-what-facebook-really-thinks-of-journalists-1773916117,2026-09-21T19:44:34.808161+00:00,UTC
hn_11660598,Hacker News,public_comment,2016-05-09 15:36:43+00:00,2016-05-09,"The problem is, as a private company, should Facebook choose to manipulate it's news feed algorithm to promote one candidate or the other, or for whatever reason, this would be its prerogative under the First Amendment. I personally choose to not use Facebook specifically for these reasons. Even though I know many Facebook employees personally, I don't trust it's employees to divorce their own interests and their powerful position as Facebook's curators.",Former Facebook Workers: We Routinely Suppressed Conservative News,https://news.ycombinator.com/item?id=11660598,notliketherest,,,,Facebook news feed algorithm,Conservative keyword/context screen: recommendation/ranking/feed plus change/platform context.,11659565,http://gizmodo.com/former-facebook-workers-we-routinely-suppressed-conser-1775461006?rev=1462799465508,2026-09-21T19:44:34.808161+00:00,UTC
hn_11701895,Hacker News,public_story,2016-05-15 17:47:58+00:00,2016-05-15,Instagram rolling out algorithmic feeds to some users,Instagram rolling out algorithmic feeds to some users,https://news.ycombinator.com/item?id=11701895,iamben,17.0,9.0,17.0,feed algorithm,Conservative keyword/context screen: recommendation/ranking/feed plus change/platform context.,11701895,,2026-09-21T19:44:34.808161+00:00,UTC
hn_11702072,Hacker News,public_comment,2016-05-15 18:25:32+00:00,2016-05-15,"This is 100% a play for increasing the types of ads for Instagram, but I think it will hurt the platform in the long run. When I started using snapchat, I thought one of the coolest features was that I could see everyone who viewed my story. Suddenly, I knew my audience and everyone who viewed my snaps. It made me want to post more on snapchat because I knew I had an audience. I've heard from multiple Instagram users that their recent photos have not gotten the same amount of likes or views as they used to before the algorithm change, and I think this will cause users to be discouraged from posting to Instagram. It almost gives the platform an illusion that it is on the decline, regardless of if it is true or not.",Instagram rolling out algorithmic feeds to some users,https://news.ycombinator.com/item?id=11702072,xGrill,,,,Instagram algorithm change,Conservative keyword/context screen: recommendation/ranking/feed plus change/platform context.,11701895,http://www.inc.com/joseph-steinberg/instagram-secretly-made-a-huge-change-and-its-not-its-logo.html,2026-09-21T19:44:34.808161+00:00,UTC
hn_11831831,Hacker News,public_story,2016-06-03 17:39:40+00:00,2016-06-03,Instagram starts rolling out its algorithmic feed for all,Instagram starts rolling out its algorithmic feed for all,https://news.ycombinator.com/item?id=11831831,nikunjk,2.0,0.0,2.0,feed algorithm,Conservative keyword/context screen: recommendation/ranking/feed plus change/platform context.,11831831,,2026-09-21T19:44:34.808161+00:00,UTC
hn_12012499,Hacker News,public_story,2016-06-30 22:57:30+00:00,2016-06-30,Facebook says its changes are good for you. But really they're good for Facebook,Facebook says its changes are good for you. But really they're good for Facebook,https://news.ycombinator.com/item?id=12012499,kafkaesq,2.0,0.0,2.0,Facebook news feed algorithm,Conservative keyword/context screen: recommendation/ranking/feed plus change/platform context.,12012499,,2026-09-21T19:44:34.808161+00:00,UTC
hn_12031228,Hacker News,public_story,2016-07-04 15:16:45+00:00,2016-07-04,Personification of the Facebook Feed Algorithm,Personification of the Facebook Feed Algorithm,https://news.ycombinator.com/item?id=12031228,benkarst,1.0,0.0,1.0,feed algorithm,Conservative keyword/context screen: recommendation/ranking/feed plus change/platform context.,12031228,,2026-09-21T19:44:34.808161+00:00,UTC
hn_12925372,Hacker News,public_story,2016-11-10 22:57:03+00:00,2016-11-10,Did Facebook's News Feed Algorithm Elect Donald Trump?,Did Facebook's News Feed Algorithm Elect Donald Trump?,https://news.ycombinator.com/item?id=12925372,NumberSix,5.0,4.0,5.0,feed algorithm,Conservative keyword/context screen: recommendation/ranking/feed plus change/platform context.,12925372,,2026-09-21T19:44:34.808161+00:00,UTC
hn_12925536,Hacker News,public_comment,2016-11-10 23:14:18+00:00,2016-11-10,"An alternative title: ""Was Facebook's News Feed algorithm heavily exploited by the Trump campaign to push their own agenda?"" Also Reddit.",Did Facebook's News Feed Algorithm Elect Donald Trump?,https://news.ycombinator.com/item?id=12925536,simosx,,,,Facebook news feed algorithm,Conservative keyword/context screen: recommendation/ranking/feed plus change/platform context.,12925372,http://math-blog.com/did-facebooks-news-feed-algorithm-elect-donald-trump/,2026-09-21T19:44:34.808161+00:00,UTC
hn_12971866,Hacker News,public_comment,2016-11-16 21:45:00+00:00,2016-11-16,"Some ideas: Antonio García Martínez, author of Chaos Monkeys . Bobby Goodlatte on Facebook's news feed algorithm and the election. Peter Thiel on Trump and what's next, etc. Justin Edmond on early Pinterest and diversity in Silicon Valley. Dann Petty on Epicurrence and design culture in Silicon Valley. Kim-Mai Culter on Initialized Capital and housing in the Bay Area.",Ask HN: Restarting the YC Podcast – who would be most interesting to listen to?,https://news.ycombinator.com/item?id=12971866,jfornear,,,,Facebook news feed algorithm,Conservative keyword/context screen: recommendation/ranking/feed plus change/platform context.,12969562,,2026-09-21T19:44:34.808161+00:00,UTC
hn_14147201,Hacker News,public_comment,2017-04-19 12:24:53+00:00,2017-04-19,"This. From the article: > We went from roughly 20 posts per day to 24 posts per day. If you post that many articles to Facebook then I'm simply going to unfollow you. Imagine I have ten sources posting that much, or one hundred sources. You think I'm going to engage with everyone? Heck no. Post one thing a day, two absolute tops. Ideally one thing a week but obviously that's not many sources ideal model. If I really want to follow you I'll add your RSS feed to my reader. Facebook, Instagram, et al, have become one big screaming match and this is only going to get worse until people realise that less is more. If they decide to change their feed algorithm, well, sucks to be you.",Facebook’s algorithm isn’t surfacing one-third of Chicago Tribune’s posts,https://news.ycombinator.com/item?id=14147201,leejo,,,,Instagram algorithm change,Conservative keyword/context screen: recommendation/ranking/feed plus change/platform context.,14147064,https://medium.com/@kurtgessler/facebooks-algorithm-isn-t-surfacing-one-third-of-our-posts-and-it-s-getting-worse-68e37ee025a3,2026-09-21T19:44:34.808161+00:00,UTC
hn_14278815,Hacker News,public_comment,2017-05-06 05:19:22+00:00,2017-05-06,"Facebook has definitely not left it as the ""same old Instagram"". They've changed the home feed algorithm to basically the same as the Facebook home feed algorithm, and there's been a lot of content creators negatively impacted by it (I know this because of the industry my wife works in, which is having major issues now, where engagement has basically halved among anybody except the top maybe 5% of content creators).",Instagram Is Becoming Facebook’s Next Facebook,https://news.ycombinator.com/item?id=14278815,mtrpcic,,,,Instagram algorithm change,Conservative keyword/context screen: recommendation/ranking/feed plus change/platform context.,14278358,https://www.nytimes.com/2017/04/26/technology/why-instagram-is-becoming-facebooks-next-facebook.html,2026-09-21T19:44:34.808161+00:00,UTC
hn_14372353,Hacker News,public_comment,2017-05-19 01:11:52+00:00,2017-05-19,"How about: A community has the right to transparency in the forces that govern it. The principle may seem familiar, but it is not currently applied in a broad sense; Facebook's News Feed algorithm, which can swing elections, is secret. So is Hacker News's. Our behaviour is carefully shaped and we are not allowed to know how.",Ask HN: What would you like to see included in a 21st Century Bill of Rights?,https://news.ycombinator.com/item?id=14372353,dTal,,,,Facebook news feed algorithm,Conservative keyword/context screen: recommendation/ranking/feed plus change/platform context.,14364061,,2026-09-21T19:44:34.808161+00:00,UTC
hn_15252802,Hacker News,public_comment,2017-09-14 21:49:03+00:00,2017-09-14,"> I think describing it as a bias towards maximizing aggregate watch time is more accurate than a bias towards ""long form"" content. > It's definitely a balance. If a creator only pumps out high amounts of low quality content, they'll never gain a subscriber base. On the other hand, if the content is so short that subscribers only interact with their channel a minute per month, this isn't particularly useful to advertisers. I agree that the objective is definitely to maximize aggregate watch time, but, the practical implication that I've been hearing about is that longer more frequent uploads are key to getting a video to rise in search and recommendation rankings, and thus become discoverable. It's been a while since I've had any inside information, but this guide mentions as much http://techtipswithtea.com/youtube-tips/youtube-changes-algo... The thing is, what they're doing is clearly working as far as optimizing the key metrics that they're looking for. It's also not necessarily to call high volume game commentary low quality - it's a lot of fun, it just ignores the many dimensions of great videos that may account for the long tail of viewed minutes, but are still a big part of the soul of independent art. Those videos may never reach the critical mass to become viral and make money for their creators, where before, the algorithm gave them a better shot of being seen and shared until they take off under their own momentum. To make an unnecessary food analogy, it's like a marketplace that rewards a creator that can pump out $1 cheeseburgers at a huge rate - they're tasty and they're good enough to keep people coming back. Bigtime profits. Win! But it's sad, then ,if the marketplace is no longer viable for the artisan who can only make one fancy, excellent, but unconventionally flavored, cake per day. Hosting the cake maker may be a loss for a long time, but, if they never had a chance they'll never be around to have their innovative, challenging, masterwork (viral video) take the world by storm some day. Mr.Weebl, the animator who made the ubiquitous early-internet viral flash movie about badgers, mushrooms, and snakes was recently talking about the issues he's seeing. It doesn't seem like any of the early viral animations could have gotten featured and taken off in the current environment. Who knows, maybe everyone will go back to newgrounds?",YouTube Bans Award-Winning Short,https://news.ycombinator.com/item?id=15252802,Nihilartikel,,,,recommendation ranking,Conservative keyword/context screen: recommendation/ranking/feed plus change/platform context.,15248455,http://www.cartoonbrew.com/ideas-commentary/youtube-continues-hurt-independent-animators-bans-award-winning-animated-short-153430.html,2026-09-21T19:44:34.808161+00:00,UTC
hn_15848214,Hacker News,public_comment,2017-12-04 22:39:24+00:00,2017-12-04,"This is clever idea. From my first look it appears to be an Instagram-like social network, but with no user generated content. While social graphs themselves have value, I think we have hit an inflection point with users getting tired of sharing their personal content. Personally, I am much more interested in what other people like and have to say about mass media content rather than their selfies or wedding pictures, frankly I just don't give a damn about user generated content and I think I'm not the only one. We need more platforms like this for other types of content such as movies, TV, music and vetted news publishers. Just curious, is the news feed 100% reverse chronological? Do you have any ranking/recommendation algorithm for the discover tab?",Show HN: Echo Podcasts – Goodreads for podcasts,https://news.ycombinator.com/item?id=15848214,tdevito,,,,recommendation ranking,Conservative keyword/context screen: recommendation/ranking/feed plus change/platform context.,15847575,https://echopodcasts.com,2026-09-21T19:44:34.808161+00:00,UTC
hn_16131420,Hacker News,public_comment,2018-01-12 08:44:32+00:00,2018-01-12,"Golly! Who would have thought it was a bad idea to shape your business model exclusively around facebook’s news feed algorithm without any contractual relationship with them?! Seriously, I won’t shed a single tear for these “”””publishers””””.",Facebook Overhauls News Feed to Focus on What Friends and Family Share,https://news.ycombinator.com/item?id=16131420,tzahola,,,,Facebook news feed algorithm,Conservative keyword/context screen: recommendation/ranking/feed plus change/platform context.,16129401,https://www.nytimes.com/2018/01/11/technology/facebook-news-feed.html,2026-09-21T19:44:34.808161+00:00,UTC
hn_16135153,Hacker News,public_comment,2018-01-12 18:38:07+00:00,2018-01-12,"> As software developers and designers, we have a responsibility to the world to think these things through carefully and design software that makes the world better I’ve seen this opinion, especially in the post-2016 world. I’m not sure I agree completely. I think it totally misses the core issue, which is that somebody was incentivized to be paid to do this work. If you’re an engineer at Facebook who thinks the News Feed algorithm is tearing people apart, quitting is not going to solve the problem. Facebook has an incentive to make the algorithm the way it is. Your refusal just leads to your replacement with someone who will do the work (and get paid well for it). That’s not to say that you don’t have a moral responsibility to stop doing work that makes the world worse. But “all software engineers in the world should refuse to work on bad things” is hopelessly naive. If you want Facebook to stop showing people crappy news, find a way to stop Facebook from getting rewarded from it. Write laws. Raise awareness. Write a competitor that does better. But refrains like these, I worry, are just hoping that everyone will commit to doing the right thing 100% of the time. There are better solutions.",Joel on Software: Birdcage liners,https://news.ycombinator.com/item?id=16135153,pillowkusis,,,,Facebook news feed algorithm,Conservative keyword/context screen: recommendation/ranking/feed plus change/platform context.,16133145,https://www.joelonsoftware.com/2018/01/12/birdcage-liners/,2026-09-21T19:44:34.808161+00:00,UTC
hn_16266603,Hacker News,public_comment,2018-01-30 16:33:18+00:00,2018-01-30,"And also, the opening paragraph is the height of privilege: > In the summer of 2015, the game designer Bennett Foddy and I were sloshing down cocktails while waiting for prime dry-aged rib-eye steaks in Midtown Manhattan. We weren’t living large, exactly, but we did pause to assess our rising professional fortunes. Among them, both of us seemed to be blowing up on Twitter. “Where did all these followers come from?” I asked. We’d both added tens of thousands of apparent fans over the previous year or so... > ...Even so, their effect was real: Foddy and I looked far more popular and important than our cronies. A colleague of Foddy’s at New York University, passed over by Twitter for such largesse, had become so agitated that he’d cornered Foddy to ask if he was buying followers. The whole matter was a Pandora’s box that I kept carefully hidden and firmly closed. I don't mean the bit about chowing down on steaks in midtown Manhattan, but that the OP just seems to accept his placement on Twitter's recommended-follow list to be status quo or destiny or based on merit. He continues to muse about how he gets to keep his ""phantom following"" even after Twitter fixed its recommendation algorithm. If social media followings are as fake and meaningless as he tells everyone else it is, he doesn't provide a compelling reason why he hasn't shed his early largesse, which would be easy enough to do by deleting and then recreating his account.",All Followers Are Fake Followers,https://news.ycombinator.com/item?id=16266603,danso,,,,Twitter recommendation algorithm,Conservative keyword/context screen: recommendation/ranking/feed plus change/platform context.,16265613,https://www.theatlantic.com/technology/archive/2018/01/all-followers-are-fake-followers/551789/?single_page=true,2026-09-21T19:44:34.808161+00:00,UTC
hn_16340811,Hacker News,public_comment,2018-02-09 15:25:09+00:00,2018-02-09,"It's not society can only pursue one bad actor at a time. This is a tech forum so we're going to focus on the tech side. Also, I would say the flow if information is a more pressing priority, because its vital to solving those other problems as well. Imagine a future Facebook that takes a payoff from Monsanto to opaquely bury all criticism of it. > BUT Facebook already changed their news feed algorithm and many tech companies are making changes. Not saying they're doing it perfectly or even well, but still. Facebook's algorithm tweaks don't solve the problem of its market position and dominance.","Why Amazon, Apple, Facebook, and Google Need to Be Disrupted",https://news.ycombinator.com/item?id=16340811,Slansitartop,,,,Facebook news feed algorithm,Conservative keyword/context screen: recommendation/ranking/feed plus change/platform context.,16335205,http://www.esquire.com/news-politics/amp15895746/bust-big-tech-silicon-valley/,2026-09-21T19:44:34.808161+00:00,UTC
hn_16341028,Hacker News,public_comment,2018-02-09 15:48:50+00:00,2018-02-09,"> Could you elaborate on their aloofness? For Google: If your site gets incorrectly fucked over by one of Google's ranking algorithm changes, try to find someone to talk to who cares enough to try to fix the issue. Ditto if your Gmail account gets wrongly flagged and closed for some reason. There's no one for you to call and you're fucked, unless you happen know someone inside Google. Neither of these have happened to me personally, but I've followed cases of each pretty closely. For Facebook: It's recent newsfeed changes have had a huge detrimental impact on legitimate news organizations, even more in some foreign markets than int the US. See how much Facebook cares. > What exactly do you hope to achieve by regulating them? The standard stuff, like elimination of unfair competition (e.g. Google using Search to push its other stuff). I'd also like to see some breakups/forced divestitures to increase overall competition. In Facebook's case, specifically: I'd like to see Instagram and Whatsapp spun off; and the core Facebook social network decentralized into several independent instances, with mandates to conform to open interoperability standards. Those standards should include a mandatory privacy permissioning system, to control how personal data is used across instance boundaries.","Why Amazon, Apple, Facebook, and Google Need to Be Disrupted",https://news.ycombinator.com/item?id=16341028,Slansitartop,,,,Instagram algorithm change,Conservative keyword/context screen: recommendation/ranking/feed plus change/platform context.,16335205,http://www.esquire.com/news-politics/amp15895746/bust-big-tech-silicon-valley/,2026-09-21T19:44:34.808161+00:00,UTC
hn_16364381,Hacker News,public_comment,2018-02-13 02:56:08+00:00,2018-02-13,"As noted in the article, Facebook has changed its News Feed algorithm to prioritize content from friends and family over publishers. This combined with their stated goal to increase moderation of all content should reduce perceived toxicity and increase relevancy. That's the theory at least, though like you I have yet to see it borne out in practice.",Unilever threatens to pull its ads from Facebook and Google over 'toxic content',https://news.ycombinator.com/item?id=16364381,SeanBoocock,,,,Facebook news feed algorithm,Conservative keyword/context screen: recommendation/ranking/feed plus change/platform context.,16362705,http://www.latimes.com/business/technology/la-fi-tn-unilever-ads-google-facebook-20180212-story.html,2026-09-21T19:44:34.808161+00:00,UTC
hn_16486116,Hacker News,public_comment,2018-02-28 19:46:13+00:00,2018-02-28,"That world existed pre-Facebook, but speaking as someone formerly in media, Facebook has become a very worthy successor to Microsoft's ""embrace, extend, extinguish"" strategy. Media used to live and die on search engine traffic. SEO was king, getting ranked in searches was how you thrived. Once Facebook (and to a much smaller extent, Twitter) showed up, it became about the all-important share. Facebook worked very hard to make sure that people consumed a vast majority of their news and media diet through Facebook itself, and consumption patterns heavily changed as a result. Facebook became the 9000lb gorilla driving your traffic, and the extent to which you lived and died depended on how much money you were willing to put towards paid promotion of your content. They even built out ecosystems like Facebook Instant Articles, which move content off the publisher's platform and directly into Facebook. With the newsfeed algorithm changes, media companies are left with an audience that doesn't use search and can't get contact with their articles via the channel they previously used to. Traffic is just gone , and it's going to kill a lot of already-struggling publishers as a result.","LittleThings online publisher shuts down, blames Facebook's algorithm",https://news.ycombinator.com/item?id=16486116,cheald,,,,Facebook news feed algorithm,Conservative keyword/context screen: recommendation/ranking/feed plus change/platform context.,16485147,http://www.businessinsider.com/littlethings-online-publisher-shuts-down-and-blames-facebook-algorithm-2018-2,2026-09-21T19:44:34.808161+00:00,UTC
hn_16648895,Hacker News,public_comment,2018-03-22 14:25:44+00:00,2018-03-22,"I agree that it can be painful, but there are parallels that can be drawn. Dick's Sporting Goods just stopped selling certain kinds of guns. Those gun manufacturers can still sell their guns, but just not at Dick's, so they're losing part of their potential audience. There was a story a month or two ago about a publisher that went out of business because their whole business model (apparently) revolved around pushing their content on Facebook and then Facebook changed their newsfeed algorithm. I think that's a risk for anyone relying on a given channel for their product.",YouTube and Reddit roll out new restrictions including channel and sub bans,https://news.ycombinator.com/item?id=16648895,dangoor,,,,Facebook news feed algorithm,Conservative keyword/context screen: recommendation/ranking/feed plus change/platform context.,16643040,,2026-09-21T19:44:34.808161+00:00,UTC
hn_16676689,Hacker News,public_comment,2018-03-26 04:51:04+00:00,2018-03-26,"They weren’t helpless, they were complicit, at least if early reports are still accurate that Facebook (meaning the Facebook employees who were actually assisting CA) knew what CA was doing while they advised CA on maximizing their data haul via the same techniques the Obama campaign had used in 2012 that had never been disabled. Facebook looks amoral and negligent in this story: All they cared about was making money by selling more data to a client with bottomless pockets. CA was using the data to maximize the effectiveness of their ratfucking operation, that depended upon understanding how Facebook’s newsfeed algorithms worked.",Zuckerberg Takes Steps to Calm Facebook Employees,https://news.ycombinator.com/item?id=16676689,fatbird,,,,Facebook news feed algorithm,Conservative keyword/context screen: recommendation/ranking/feed plus change/platform context.,16675373,https://www.nytimes.com/2018/03/23/technology/zuckerberg-facebook-employees.html,2026-09-21T19:44:34.808161+00:00,UTC
hn_16677815,Hacker News,public_comment,2018-03-26 10:08:25+00:00,2018-03-26,"Can't say I am 100% sure of it, but around 1 month ago Facebook switched the news feed algorithm from promoting posts from pages you like, to promoting posts from your friends.",Facebook denies it collects call and SMS data from phones without permission,https://news.ycombinator.com/item?id=16677815,pbalau,,,,Facebook news feed algorithm,Conservative keyword/context screen: recommendation/ranking/feed plus change/platform context.,16676782,https://techcrunch.com/2018/03/25/facebook-denies-it-collects-call-and-sms-data-from-phones-without-permission/,2026-09-21T19:44:34.808161+00:00,UTC
hn_16687237,Hacker News,public_comment,2018-03-27 11:23:30+00:00,2018-03-27,"The average American has maybe 3-4 hours of discretionary time per day. They choose to spend an hour of it on Facebook. The newsfeed algorithm could be optimized to do anything -- Facebook's own experiments show that they can make people happy or sad. They choose to maximize their own revenue. There is immense potential to improve the lives of their users, and they choose to sell an unimaginable amount of human potential for what amounts to 30 cents per hour.",We're building a dystopia just to make people click on ads (2017) [video],https://news.ycombinator.com/item?id=16687237,cameldrv,,,,Facebook news feed algorithm,Conservative keyword/context screen: recommendation/ranking/feed plus change/platform context.,16684860,https://www.ted.com/talks/zeynep_tufekci_we_re_building_a_dystopia_just_to_make_people_click_on_ads/up-next,2026-09-21T19:44:34.808161+00:00,UTC
hn_16828160,Hacker News,public_comment,2018-04-13 08:59:01+00:00,2018-04-13,"Komoot | Backend Engineer (Algorithms, Rankings and Recommendations) | Full-Time | REMOTE Millions of people experience real-life adventures with our apps. We help users all over the world discover the best hiking and biking routes, working to empower everybody to explore more of the great outdoors. And we’re good at what we do: Google and Apple have listed us as one of their Apps of the Year numerous times—and we are consistently ranked amongst the highest-grossing apps in both Google Play and the App Store. One key driving factor to our growth has always been our understanding that a technological approach can provide an outdoor experience far beyond the possibilities of traditional services. On the one side, we collect, combine and process various open data sources (such as OSM and Wikipedia) and turn raw data into easily accessible information and understandable products, such as our easy-to-use outdoor route planner. On the other, we leverage the wisdom of our vast user base and use crowdsourced data for personalized, local outdoor recommendations. Now, with your strong analytical skills and your passion for building well-crafted and tested code, we’ll leave traditional, standard solutions even further behind—and we’ll truly change the way people explore. Your key responsibilities -Implement new features closely together with our web and mobile developers, designers, copywriters and product managers. -Develop and tune algorithms to leverage our content recommendation, rankings, content analyses and product smartness. -Build new and improve existing micro-services, primarily in Java/Kotlin and Python. -Use the AWS ecosystem to build resilient and high-performing systems. More information and application available at: https://www.komoot.com/jobs/backend-engineer-recommendations",Ask HN: Who is hiring? (April 2018),https://news.ycombinator.com/item?id=16828160,sara_komoot,,,,recommendation ranking,Conservative keyword/context screen: recommendation/ranking/feed plus change/platform context.,16735011,,2026-09-21T19:44:34.808161+00:00,UTC
hn_17414280,Hacker News,public_comment,2018-06-28 05:24:11+00:00,2018-06-28,"> We do not know if the changes are permanent. Regardless, this should be a clear wake-up call for indie developers that any slight change in the Play Store’s ranking algorithm can significantly impact your app’s success. Developers are encouraged to proactively improve their app’s quality. 1. People use a platform controlled by others to get free marketing. 2. It works and people love free marketing. 3. Platform owner changes the rules of the platform, free marketing is heavily impacted. 4. People feel entitled to their free marketing and complain a lot. * The conclusion is so wrong: people should actually invest in other marketing channels, preferably in platforms they control, instead of relying solely on the platform owners goodwill. ”Platform“ applies to Play Store, App Store, Facebook, Google Search Results, Instagram, Twitter, ...","Google Play Store’s Algorithm Quietly Changes, Tanking Some Apps’ Rankings",https://news.ycombinator.com/item?id=17414280,WA,,,,Instagram algorithm change,Conservative keyword/context screen: recommendation/ranking/feed plus change/platform context.,17414164,https://www.xda-developers.com/developers-huge-drop-new-installs-play-store-algorithm-changes/,2026-09-21T19:44:34.808161+00:00,UTC
hn_17859715,Hacker News,public_comment,2018-08-28 15:48:26+00:00,2018-08-28,"That paper is talking about user recommendations, not ranking. Your family member was without a doubt talking about Google News even if they weren't aware of it because results from News are mixed in to generic search results. If you search [trump] on web search then the top part of the page is dedicated entirely to results that come from News, not generic web search. The idea that Google News is unbiased is unsustainable, simply because humans whitelist news sources. It's not like web search where basically any web page can appear at any location automatically. There is no algorithm for deciding if a website is ""news"" or not. It's a human judgement. Google employees have literally cried in company meetings when Trump was elected, only someone very naive would believe these people are going to be neutral about what sources they allow and how they decide which sources are more authoritative than others. Do you believe it's a coincidence that Breitbart never ranks, despite having an Alexa rank essentially the same as the Washington Post, given how Google employees are reported to have acted lately? Your knowledge of maths is I'm afraid not very relevant to this topic because mathematics is simply a tool. Your family member is evaluating humans and their likely actions, not algorithms, and that is the correct thing to do because it's ultimately humans that control the algorithms. Google employees are perfectly capable of biasing its results and then lying about it to the public, without even being aware that they're doing it.",Trump attacks 'left-wing' Google search results,https://news.ycombinator.com/item?id=17859715,repolfx,,,,recommendation ranking,Conservative keyword/context screen: recommendation/ranking/feed plus change/platform context.,17858874,https://www.bbc.co.uk/news/technology-45331210,2026-09-21T19:44:34.808161+00:00,UTC
hn_18170085,Hacker News,public_story,2018-10-08 18:39:34+00:00,2018-10-08,Brainstorming a better YouTube recommendation algorithm,Brainstorming a better YouTube recommendation algorithm,https://news.ycombinator.com/item?id=18170085,frabcus,5.0,0.0,5.0,YouTube recommendation algorithm,Conservative keyword/context screen: recommendation/ranking/feed plus change/platform context.,18170085,,2026-09-21T19:44:34.808161+00:00,UTC
hn_18178679,Hacker News,public_story,2018-10-09 18:42:46+00:00,2018-10-09,"Facebook Workplace adds algorithmic feed, Safety Check and enhanced chat","Facebook Workplace adds algorithmic feed, Safety Check and enhanced chat",https://news.ycombinator.com/item?id=18178679,kaboro,1.0,0.0,1.0,feed algorithm,Conservative keyword/context screen: recommendation/ranking/feed plus change/platform context.,18178679,,2026-09-21T19:44:34.808161+00:00,UTC
hn_18448612,Hacker News,public_story,2018-11-14 09:29:37+00:00,2018-11-14,How YouTube’s recommendation algorithm works if you’re not the average user,How YouTube’s recommendation algorithm works if you’re not the average user,https://news.ycombinator.com/item?id=18448612,denzil_correa,17.0,7.0,17.0,YouTube recommendation algorithm,Conservative keyword/context screen: recommendation/ranking/feed plus change/platform context.,18448612,,2026-09-21T19:44:34.808161+00:00,UTC
hn_18513222,Hacker News,public_comment,2018-11-22 23:20:21+00:00,2018-11-22,"Facebook is quickly becoming the de facto Great Firewall of the world. Of course there will be conflict with world-scale ideologues like Soros. Of course there will be an elaborate dance between Facebook and US politicians who want to control more and more aspects of the firewall. In case it’s not clear, facebook’s news feed algorithm is a content filter and in many ways it performs (or can be adapted to perform) much the same function as China’s Great Firewall, which is suppression of dissent and certain political ideas. But compared to China’s Firewall, Facebook has orders of magnitude more power because it has significantly more metadata about each person.",Facebook policy chief admits hiring PR firm to attack George Soros,https://news.ycombinator.com/item?id=18513222,resters,,,,Facebook news feed algorithm,Conservative keyword/context screen: recommendation/ranking/feed plus change/platform context.,18512591,https://www.theguardian.com/technology/2018/nov/21/facebook-admits-definers-pr-george-soros-critics-sandberg-zuckerberg,2026-09-21T19:44:34.808161+00:00,UTC
hn_18517011,Hacker News,public_comment,2018-11-23 15:39:44+00:00,2018-11-23,"It's remarkable that Sandberg is being thrown under the bus for not doing enough to stop Donald Trump from being elected. What she is (in hindsight) expected to have done is to have insisted that Facebook's news feed algorithm be used as a content filter to suppress stories promoted by politically marginalized groups. This is much the same way China's government uses its Great Firewall to control which information reaches the people. During the civil rights era, the Soviets supported the work of Martin Luther King. In the modern world, Russia supports certain third party views and anti-establishment perspectives, for obvious reasons, just as the US supports pro-Ukraine groups and other fringe political groups that are in close orbit to Russia. So we are being told that Sandberg failed to utilize the firewall capabilities of Facebook to suppress anti-establishment content. We are told this is a big deal because Russia-linked entities spent money to promote some of the ads. Keep in mind the total spend by Russian-linked entities (could be NGOs, private citizens, oligarch-funded research institutes, etc.) was a miniscule $150K in an election with total funding approaching $2B. Yet Sandberg may be relieved of her position because she failed to anticipate how such a small spend could dramatically influence the outcome of the 2016 election. News flash: It didn't. There are a lot of reasons to be concerned about some aspects of Facebook -- my #1 concern is the extensive use of dark patterns designed to make people over-share -- but the ""not doing enough"" critique is complete bunk. It is 100% motivated by political partisans in the US who unfortunately have a great deal of influence in possible regulation of Facebook and have made it very clear that they plan to use all of their power to force Facebook to act like the well behaved Great Firewall they want. To be very clear, politicians want Facebook to be used at their bidding as a Great Firewall and they very much want to see certain views suppressed and others amplified. They also want to (and already do) use the massive amounts of metadata held by Facebook, Google, etc., to supplement whatever data they have when investigating Americans, who may or may not have committed a crime. It is, essentially, a transparent social credit system for US officials to use at their whim. So the only difference between Facebook as politicians want it to be used and China's Great Firewall is that Facebook exists a bit higher up the protocol stack and its censorship/suppression is much more laser-focused and harder to detect.",The new Yahoo? Facebook should heed the lessons of internet history,https://news.ycombinator.com/item?id=18517011,resters,,,,Facebook news feed algorithm,Conservative keyword/context screen: recommendation/ranking/feed plus change/platform context.,18514322,https://www.economist.com/business/2018/11/24/facebook-should-heed-the-lessons-of-internet-history,2026-09-21T19:44:34.808161+00:00,UTC
hn_18613837,Hacker News,public_comment,2018-12-05 23:29:29+00:00,2018-12-05,"I think most people would categorize this as Psychological Experiments vs A/B testing. Most companies don't A/B test whether they can intentionally manipulate people into generally feeling negative. > To test that, Facebook data scientists tweaked the newsfeed algorithms of roughly 0.04 percent of Facebook users, or 698,003 people, for one week in January 2012. During the experiment, half of those subjects saw fewer positive posts than usual, while half of them saw fewer negative ones. To evaluate how that change affected mood, researchers also tracked the number of positive and negative words in subjects’ status updates during that week-long period. Put it all together, and you have a pretty clear causal relationship. The results were published last month in the Proceedings of the National Academy Sciences, which, for what it’s worth, is a pretty prestigious journal. https://www.washingtonpost.com/news/the-intersect/wp/2014/07...",Internal Tensions at Facebook Are Boiling Over,https://news.ycombinator.com/item?id=18613837,cronix,,,,Facebook news feed algorithm,Conservative keyword/context screen: recommendation/ranking/feed plus change/platform context.,18611678,https://www.buzzfeednews.com/article/charliewarzel/facebooks-tensions-zuckerberg-sandberg,2026-09-21T19:44:34.808161+00:00,UTC
hn_18716860,Hacker News,public_comment,2018-12-19 16:36:43+00:00,2018-12-19,"Rupert Murdoch threatened Mark Zuckerberg in 2016 with a war over Facebook ""Murdoch hosted Zuckerberg at his Sun Valley, Idaho, villa and expressed discontent with Facebook's News Feed algorithm and its handling of news. He requested Facebook consult publishing partners and be more generous sharing digital ad revenue, or he vowed, News Corp executives would take their dislike of Facebook public. He also hinted that News Corp lobbyists would take a more aggressive stand against Facebook with U.S. regulators, as the company had done against Google in Europe."" https://www.cnbc.com/2018/02/12/facebook-rupert-murdoch-thre...","With trust destroyed, Facebook is haunted by old data deals",https://news.ycombinator.com/item?id=18716860,non_sequitur,,,,Facebook news feed algorithm,Conservative keyword/context screen: recommendation/ranking/feed plus change/platform context.,18715772,https://techcrunch.com/2018/12/19/all-out-of-faithbook/,2026-09-21T19:44:34.808161+00:00,UTC
hn_19541520,Hacker News,public_story,2019-04-01 08:34:01+00:00,2019-04-01,Facebook to introduce explainability to ad and news feed algorithms,Facebook to introduce explainability to ad and news feed algorithms,https://news.ycombinator.com/item?id=19541520,beastibash,2.0,0.0,2.0,feed algorithm,Conservative keyword/context screen: recommendation/ranking/feed plus change/platform context.,19541520,,2026-09-21T19:44:34.808161+00:00,UTC
hn_19541900,Hacker News,public_story,2019-04-01 10:18:56+00:00,2019-04-01,Facebook to reveal News Feed algorithm secrets,Facebook to reveal News Feed algorithm secrets,https://news.ycombinator.com/item?id=19541900,polskibus,2.0,0.0,2.0,feed algorithm,Conservative keyword/context screen: recommendation/ranking/feed plus change/platform context.,19541900,,2026-09-21T19:44:34.808161+00:00,UTC
hn_19655627,Hacker News,public_comment,2019-04-13 20:49:18+00:00,2019-04-13,"Back when Facebook changed to the Newsfeed algorithm I knew it wasn't good and I didnt like it. In retrospect its definently when it all started going downhill for me as a user of the platform. Now, I haven't posted anything in 3 years....",I miss Facebook,https://news.ycombinator.com/item?id=19655627,kerng,,,,Facebook news feed algorithm,Conservative keyword/context screen: recommendation/ranking/feed plus change/platform context.,19655411,https://cfenollosa.com/blog/i-miss-facebook-and-im-not-ashamed-to-admit-it.html,2026-09-21T19:44:34.808161+00:00,UTC
hn_19700206,Hacker News,public_comment,2019-04-19 15:09:03+00:00,2019-04-19,"I post unpopular opinions from my account all the time. I'm fine with people downvoting it, as the current state of our society is an overton window that I know I simply, at times, fall outside of. That being said, I've seen some powerful arguments against facebook already: the newsfeed algorithm, for example, is my most important one. It should be required, by law, to be a dumb feed. Outside of that we have to look at the evil companies that you speak of otherwise, and why we don't speak out against them, and I would draw that the reality and rules that society lives under are distorted by the existence of social media, which isn't necessarily a bad thing, many changes need to occur, however I argue the things that make facebook addictive (getting likes), and thus valuable, are the things that encourage the worst societal behaviors and extremism, making it impossible enough for society to compromise enough to do something about those bad actors. You demonstrate the power of getting likes by the fact that you used a throwaway account for your comment . I don't think that social media can effectively work unless it is stripped of the profit motive.",Instagram hides Like counts in leaked design prototype,https://news.ycombinator.com/item?id=19700206,moosey,,,,Facebook news feed algorithm,Conservative keyword/context screen: recommendation/ranking/feed plus change/platform context.,19696968,https://techcrunch.com/2019/04/18/instagram-no-like-counter/,2026-09-21T19:44:34.808161+00:00,UTC
hn_20084392,Hacker News,public_story,2019-06-03 15:42:04+00:00,2019-06-03,YouTube's Recommendation Algorithm Has a Dark Side,YouTube's Recommendation Algorithm Has a Dark Side,https://news.ycombinator.com/item?id=20084392,headalgorithm,26.0,3.0,26.0,YouTube recommendation algorithm,Conservative keyword/context screen: recommendation/ranking/feed plus change/platform context.,20084392,,2026-09-21T19:44:34.808161+00:00,UTC
hn_20525136,Hacker News,public_comment,2019-07-25 13:22:24+00:00,2019-07-25,"I can say what has reduced my Facebook use, if anybody in a relevant position at the company is reading. It's the content Facebook shows me. A decade or so ago, most of the content I saw on Facebook was original content from people I know. Most posts were either text written by someone I knew, or a photo taken by someone I knew. Perhaps not everybody shares this position, but what I most want from Facebook is to keep up with people I actually know. Here are the first 20 posts I see now: 7 shared images from strangers/pages. 1 screenshot from a TV show uploaded by a friend. 1 page updated its website. 1 shared video from strangers/pages. 2 ""suggested"" videos from a page. 1 photograph taken by a friend. 1 ""memory"" containing text written by the person who shared it. 3 links to a news story. 3 posts by a page. That's 2/20 posts of original content from people I know. I've noticed that if I post original content, my friends are less likely to interact with it than a few years ago, probably because they, too are presented with such a huge amount of other content. I know I can opt in to something like the old experience with the ""friends feed"" feature. Well, I can on the desktop site (if I bookmark it, click it each time, or use a browser extension); it appears to be missing from the mobile site and the Facebook Lite app. Anything I post is still disadvantaged though, because most people are using the default algorithmic feed. On Instagram, every one of the first 20 posts I see is original content by a person or page I follow. 16 of those are individual people. I see shared third-party content on Instagram fairly rarely, probably because its UI doesn't encourage that. What would get me to use Facebook more actively is a change to the algorithm that advantages original content over shared third-party content.",Facebook Research Warned of ‘Tipping Point’ Threat to Core App,https://news.ycombinator.com/item?id=20525136,Zak,,,,Instagram algorithm change,Conservative keyword/context screen: recommendation/ranking/feed plus change/platform context.,20513367,https://www.theinformation.com/articles/facebook-secret-research-warned-of-tipping-point-threat-to-core-app?pu=hackernewsotjyc7&utm_source=hackernews&utm_medium=unlock&utm_content=facebook-secret-research,2026-09-21T19:44:34.808161+00:00,UTC
hn_21255773,Hacker News,public_story,2019-10-15 05:26:20+00:00,2019-10-15,Mozilla unveils 28 horror stories about YouTube’s recommendation algorithm,Mozilla unveils 28 horror stories about YouTube’s recommendation algorithm,https://news.ycombinator.com/item?id=21255773,charlesism,4.0,1.0,4.0,YouTube recommendation algorithm,Conservative keyword/context screen: recommendation/ranking/feed plus change/platform context.,21255773,,2026-09-21T19:44:34.808161+00:00,UTC
hn_21276383,Hacker News,public_comment,2019-10-16 21:59:09+00:00,2019-10-16,"I think it depends on how the recommendation algorithms are implemented. (I have no idea about how Facebook and Twitter recommendation algorithms work) Let's say for example you have a community contributed labeling system that allows users to label content. A recommendation algorithm might then be written that simply pulls the top 10 highest number of viewed pieces content that have the same labels as a piece of content the viewer just viewed. In this case, there is nothing in the algorithm that evaluates the content itself. The evaluation was done by users of the software, not the software itself.",Gitlab: don't discuss politics at work,https://news.ycombinator.com/item?id=21276383,ahnick,,,,Twitter recommendation algorithm,Conservative keyword/context screen: recommendation/ranking/feed plus change/platform context.,21274511,https://www.theregister.co.uk/2019/10/16/gitlab_employees_gagged/,2026-09-21T19:44:34.808161+00:00,UTC
hn_21513716,Hacker News,public_comment,2019-11-12 13:05:10+00:00,2019-11-12,"> Are any of these p2p YouTube replacements presenting a compelling way to search/discover content in a distributed way? Being ""distributed"" over p2p/federated architecture opposes the end-user convenience of search/discovery/ranking/recommendations because of speed-of-light limitations. I wrote a previous comment about this: https://news.ycombinator.com/item?id=17578332 Also, the previous last reply by posting2fast of a partial-centralized server doesn't really replace Youtube because his proposed idea creates new problems of spam videos and untrusted/fake videos. E.g. the central index of metadata says ""www.johndoehomeserver.com"" has a tutorial video for Algebra but when you actually stream the video from ""johndoehomeserver.com"", you get a spam video for Viagra instead of math instruction. Therefore, users will naturally gravitate toward the centralized servers that have both the metadata and the actual video content. This emergent group behavior of preferences would end up recreating another ""Youtube""-like clone. p2p architecture and torrents works well for things like pirated Photoshop or ripped Marvel Avengers movies because the users already have the content's title _preloaded_ in their brain and therefore a centralized index for discovery/serendipity of unknown content isn't necessary.",PeerTube v2,https://news.ycombinator.com/item?id=21513716,jasode,,,,recommendation ranking,Conservative keyword/context screen: recommendation/ranking/feed plus change/platform context.,21513310,https://framablog.org/2019/11/12/peertube-has-worked-twice-as-hard-to-free-your-videos-from-youtube/,2026-09-21T19:44:34.808161+00:00,UTC
hn_21624099,Hacker News,public_story,2019-11-24 22:58:24+00:00,2019-11-24,Ask HN: Why is Facebook ️ranking posts with emojis higher⬆️?,Ask HN: Why is Facebook ️ranking posts with emojis higher⬆️?,https://news.ycombinator.com/item?id=21624099,agluszak,3.0,1.0,3.0,feed algorithm,Conservative keyword/context screen: recommendation/ranking/feed plus change/platform context.,21624099,,2026-09-21T19:44:34.808161+00:00,UTC
hn_21837016,Hacker News,public_comment,2019-12-19 17:26:36+00:00,2019-12-19,"I'm not entirely sure how helpful it would be to see these algorithms since many of them rely on machine learning models underneath the hood (IE: a model that predicts the likelihood a user will click a given video). Is it useful for the average person to know that some gradient boosted tree/deep learning model spat out a probability estimate? More information certainly does not hurt, but I doubt the average citizen/gov regulator can do much with this knowledge. These are not the kind of static bfs/dfs/quicksort/etc algorithms we learned in undergrad that can be dissected so easily. The ML models that underlie the recommendations/ranking ""algorithms"" are constantly changing based on the data they're trained on. Does this constitute an algorithm change? Disclaimer: this is just my understanding of how these newsfeed type algorithms work based on conversations with friends who work on these teams at FB/GOOG. Please do correct me if I got something wrong here.",YouTube Created a Generation of Young Stars. Now They Are Getting Burned Out,https://news.ycombinator.com/item?id=21837016,eachro,,,,recommendation ranking,Conservative keyword/context screen: recommendation/ranking/feed plus change/platform context.,21835323,https://www.wsj.com/articles/youtube-created-a-generation-of-young-stars-now-they-are-getting-burned-out-11576762704,2026-09-21T19:44:34.808161+00:00,UTC
hn_21837082,Hacker News,public_comment,2019-12-19 17:32:28+00:00,2019-12-19,">Should the government require that Google search, Facebook and YouTube recommendation algorithms be published? Many folks often wish that ranking/recommendation algorithms like PageRank search engine, or Youtube ""watch next"", or email spam heuristics, etc, be revealed to the public. E.g. the exact algorithm is required by law to be published on Github. That would hurt society more than help because once the algorithms are public, the code's inner workings can then be gamed and abused . That's the paradox or contradiction: for the algorithms to be effective , they have to be kept a secret to prevent gaming. Recommendation/ranking algorithms are not to be confused with ""security by obscurity"" memes. Yes, you can publish the exact algorithm to derive a SHA-256 but that's not the same domain as a ranking algorithm. For Google to transition the algorithms from basic PageRank to Panda to Penguin to Hummingbird, etc ... the inner workings must be kept secret to be effective. I know it drives people crazy that the algorithms are secret but you can't make them public in a way that stops abusers from using that knowledge against us.",YouTube Created a Generation of Young Stars. Now They Are Getting Burned Out,https://news.ycombinator.com/item?id=21837082,jasode,,,,recommendation ranking,Conservative keyword/context screen: recommendation/ranking/feed plus change/platform context.,21835323,https://www.wsj.com/articles/youtube-created-a-generation-of-young-stars-now-they-are-getting-burned-out-11576762704,2026-09-21T19:44:34.808161+00:00,UTC
hn_21837612,Hacker News,public_comment,2019-12-19 18:20:03+00:00,2019-12-19,">If algorithms are gamed they'll have to be modified to be resistant to gaming As far as I know, nobody in computer science has come up with a ranking algorithm that can't be gamed to render the algorithm useless. (Unless the so-called algorithm is a trivial case such as the runner with the fastest time across the finish line is the ""winner"" of the race.) For a multi-criteria algorithm that approximates a hazy idea like ""video quality"" that uses various signals as proxies for quality, the algorithm's exact source code must be kept a secret. Yes, you can publicize broad outlines of what the algorithm does but you can't reveal the actual code (or the actual machine learning weights, etc). Yes, an algorithm like a SHA256 hash source code can be made transparently public and still can't be ""abused"" such that a bad actor can make the string ""DEADBEEF"" appear anywhere they want in the output hash. This class of algorithm behaves differently than ranking/recommendation algorithms.",YouTube Created a Generation of Young Stars. Now They Are Getting Burned Out,https://news.ycombinator.com/item?id=21837612,jasode,,,,recommendation ranking,Conservative keyword/context screen: recommendation/ranking/feed plus change/platform context.,21835323,https://www.wsj.com/articles/youtube-created-a-generation-of-young-stars-now-they-are-getting-burned-out-11576762704,2026-09-21T19:44:34.808161+00:00,UTC
hn_22504343,Hacker News,public_comment,2020-03-06 15:35:30+00:00,2020-03-06,">When you use terms like ""pain"", that suggests that RSS is significantly worse than other options in this respect. Sorry for not being clear. The ""pain"" of RSS or ""pain"" of Facebook/Twitter is multi-dimensional and so it's not just comparing 1-for-1 annoyances such as ""extra click to get to the real publisher website"" being equivalent with RSS vs Facebook. >RSS/Atom remains the only option where it's at all common to get the whole article without clicking a link and taking a shotgun blast of JavaScript to the face. Yes that's true but the other ""pain"" that normal mainstream users don't want to deal with is setting up a separate RSS reader/app . They already have Facebook loaded because that's where there friends are. They also don't want the pain of finding relevant RSS feeds and curating them. Facebook already gives them suggested articles passively . And it's irrelevant if Facebook's newsfeed algorithm is bad ; the selling point is that it's passive and automatic and the typical non-HN user doesn't have to bother configuring anything. So for normal typical websurfers , RSS theoretically is a solution for news aggregation, but it also creates new problems they don't want to deal with. Yes, HN techies are happy to fine-tune RSS feeds; but regular users have no interest in that. And if you want to mention how RSS is the option that sometimes provides full text, you also have to be fair and mention that the real websites are the option that sometimes provides video . A lot of normal mainstream web surfers love rich content like video for consuming news. Again, I keep trying to focus the discussion on the mass psychology and habits of non-HN mainstream users but people keep talking about the benefits that HN techies enjoy. We are already in this HN forum and already know what the benefits of RSS are . Thus, it doesn't actually add productive discussion to the OP's actual question .",Ask HN: Is RSS dead?,https://news.ycombinator.com/item?id=22504343,jasode,,,,Facebook news feed algorithm,Conservative keyword/context screen: recommendation/ranking/feed plus change/platform context.,22497184,,2026-09-21T19:44:34.808161+00:00,UTC
hn_23394689,Hacker News,public_comment,2020-06-02 18:52:00+00:00,2020-06-02,"Let’s not first talk about what Facebook ought to do, but what Facebook can do. There is no such thing as absolute freedom. This includes speech, which is already regulated in our society. And as a society, we have spent ample effort to distinguish harmful speech - promotions of hate, abuse of minors etc... This framework is clearly outlined in our laws and everything fb has done so far has been lawful. One of the major proponents of this “let’s allow as much free speech as possible” framework is to establish an competitive marketplace of ideas, so that instead of legislating away bad ideas, as a society, we choose not to adopt them through reason. This is why I think FB should be allowed to do what it’s doing. As to if the recommendation and ranking algos are doing their job to help ideas be battled out in an transparent and efficient way, or simply creating an ideological echo chamber, that is another issue altogether. We, as consumers, need to be vigilant, and choose a platform that we think is good for each one of us and our society. In this case, have a discussion as a nation and choose between the Twitter and Facebook model. I truly believe this is the American way.",Civil rights leaders blast Facebook after meeting with Zuckerberg,https://news.ycombinator.com/item?id=23394689,saltedonion,,,,recommendation ranking,Conservative keyword/context screen: recommendation/ranking/feed plus change/platform context.,23393676,https://www.axios.com/civil-rights-leaders-blast-facebook-after-meeting-with-zuckerberg-63daa9dd-0209-4420-85d3-805385825718.html,2026-09-21T19:44:34.808161+00:00,UTC
hn_23418460,Hacker News,public_comment,2020-06-04 16:13:18+00:00,2020-06-04,"Which is based on FB’s weighing of those factors...so either stop doing any ranking/recommendations and make FB a dumb pipe with no restrictions, or put guard rails on the ranking/recommendations so we don’t end up with extremists.",I'm resigning from my job at Facebook,https://news.ycombinator.com/item?id=23418460,xphilter,,,,recommendation ranking,Conservative keyword/context screen: recommendation/ranking/feed plus change/platform context.,23416453,https://www.facebook.com/timothy.j.aveni/posts/3006224359465567,2026-09-21T19:44:34.808161+00:00,UTC
hn_23418491,Hacker News,public_comment,2020-06-04 16:15:47+00:00,2020-06-04,"You’re sidestepping the discussion though. It is “when you avail yourself to FB, do we want FB to use its algorithms to push certain content.” I see two options: stop any ranking/recommendations and make FB a dumb pipe with no restrictions, or put guard rails on the ranking/recommendations so we don’t end up with extremists.",I'm resigning from my job at Facebook,https://news.ycombinator.com/item?id=23418491,xphilter,,,,recommendation ranking,Conservative keyword/context screen: recommendation/ranking/feed plus change/platform context.,23416453,https://www.facebook.com/timothy.j.aveni/posts/3006224359465567,2026-09-21T19:44:34.808161+00:00,UTC
hn_23433662,Hacker News,public_comment,2020-06-05 20:35:48+00:00,2020-06-05,"> Google, Amazon, FB are not the monopolies that you should be worried about. They are fun to talk about and tech is sexy, but there are bigger problems - ISPs / telecoms, for example. That is a very misleading comparison. For almost all of the industries you've listed a) there are spatial limitations of monopolistic outreach (they have to exist in real world and can't exist all around the world at once) b) their products and services don't grow upon themselves exponentially c) the nature of their products and services is rather common knowledge. I'll go one by one; a) Tech doesn't suffer from the spatial dynamics of competition and in that has virtually infinite economies of scale. A cable company has to fight for the right of physically laying cables, which creates a barrier of entry for the next competitor, but they have to do this work repeatedly in every other location. As long as bandwidth and compute is paid for, tech can be instantaneously omni-present around the world. This means the monopoly having a planet wide breadth, but also that margins required to sustain the monopoly can be much smaller. b) Econ 101 has this classic output function: labor x capital x productivity = output. Tech is both an output and input in the form of increased productivity onto itself. This means exponential growth. When we talk about cable companies merging, it is a merger of homogeneous entities, and in that only a merger of capital and labor. The argument here is tech companies ""merging"" with their own, heterogeneous technologies to yield even greater exponential growth. They are talking about ads and search and chrome ""merging"". Therefore the monopolistic consequences of tech is very different than that of commodities and utilities. c) Tech is constantly innovating on new products and new variations of their products, which we can't grasp the effects of. It is easier to guess what happens to competition or how the end user suffers when other industries have bad actors. Can we tell with confidence what the effect of Youtube's, Twitter's, Reddit's recommendation algorithms is on our collective sense-making capabilities and functioning of the democracy? Can we tell if the thousands of A/B experiments being run on us is revealing how the products can deliver more value or how to exploit the users better? Are users aware that they are participating in the largest scale applied-psychology lab ever existed? This information asymmetry is again a part of the unique dynamics of the monopolistic machinery of tech. When these three come together, the resulting monopolistic dynamics is unprecedented and incomparable to that of commodities, utilities and other old-school services, and we would be fools to make light of it.",U.S. states lean toward breaking up Google's ad tech business,https://news.ycombinator.com/item?id=23433662,acituan,,,,Twitter recommendation algorithm,Conservative keyword/context screen: recommendation/ranking/feed plus change/platform context.,23431824,https://www.cnbc.com/2020/06/05/states-lean-toward-pushing-to-break-up-googles-ad-tech-business.html,2026-09-21T19:44:34.808161+00:00,UTC
hn_23680649,Hacker News,public_comment,2020-06-29 18:27:18+00:00,2020-06-29,"India is absolutely right in banning TikTok as it is a significant national securities threat. As long as the platforms recommendation and ranking algos are a black box, there is no guarantee that China isn’t conducting misinformation campaigns via the platform. At the very least, the government should audit the algos and make sure China can’t arbitrarily alter ranking results.","India bans TikTok, WeChat, and dozens of other Chinese apps",https://news.ycombinator.com/item?id=23680649,saltedonion,,,,recommendation ranking,Conservative keyword/context screen: recommendation/ranking/feed plus change/platform context.,23679286,https://techcrunch.com/2020/06/29/india-bans-tiktok-dozens-of-other-chinese-apps/,2026-09-21T19:44:34.808161+00:00,UTC
hn_23680775,Hacker News,public_comment,2020-06-29 18:36:17+00:00,2020-06-29,"> As long as the platforms recommendation and ranking algos are a black box, there is no guarantee that [insert platform here] isn’t conducting misinformation campaigns via the platform.","India bans TikTok, WeChat, and dozens of other Chinese apps",https://news.ycombinator.com/item?id=23680775,zacharytelschow,,,,recommendation ranking,Conservative keyword/context screen: recommendation/ranking/feed plus change/platform context.,23679286,https://techcrunch.com/2020/06/29/india-bans-tiktok-dozens-of-other-chinese-apps/,2026-09-21T19:44:34.808161+00:00,UTC
hn_23682242,Hacker News,public_comment,2020-06-29 20:17:58+00:00,2020-06-29,>As long as the platforms recommendation and ranking algos are a black box All platforms recommendation and ranking algos are ultimately a black box. Why is TikTok special here?,"India bans TikTok, WeChat, and dozens of other Chinese apps",https://news.ycombinator.com/item?id=23682242,learnstats2,,,,recommendation ranking,Conservative keyword/context screen: recommendation/ranking/feed plus change/platform context.,23679286,https://techcrunch.com/2020/06/29/india-bans-tiktok-dozens-of-other-chinese-apps/,2026-09-21T19:44:34.808161+00:00,UTC
hn_23682662,Hacker News,public_comment,2020-06-29 20:40:01+00:00,2020-06-29,"> As long as the platforms recommendation and ranking algos are a black box, there is no guarantee that China isn’t conducting misinformation campaigns via the platform.","India bans TikTok, WeChat, and dozens of other Chinese apps",https://news.ycombinator.com/item?id=23682662,ianleeclark,,,,recommendation ranking,Conservative keyword/context screen: recommendation/ranking/feed plus change/platform context.,23679286,https://techcrunch.com/2020/06/29/india-bans-tiktok-dozens-of-other-chinese-apps/,2026-09-21T19:44:34.808161+00:00,UTC
hn_23750029,Hacker News,public_comment,2020-07-06 17:13:30+00:00,2020-07-06,"What if you work at social media company? i.e., Facebook newsfeed algorithm.",Bullshit Jobs (2018),https://news.ycombinator.com/item?id=23750029,christiansakai,,,,Facebook news feed algorithm,Conservative keyword/context screen: recommendation/ranking/feed plus change/platform context.,23749722,https://www.bloomberg.com/news/articles/2018-05-15/bullshit-jobs-by-david-graeber-review,2026-09-21T19:44:34.808161+00:00,UTC
hn_23834751,Hacker News,public_comment,2020-07-14 17:16:34+00:00,2020-07-14,"> They have 1,600 journalists last year that were sent to 150 countries ... to gather facts around the world Journalism is not our fact gathering apparatus. It is our sense making and relevance deciding apparatus based on those facts. If we don't have good journalists providing those functions, we are left with the ersatz, AI based versions to decide what to pay attention to; twitter's, youtube's recommendation algorithms, google's ranking algorithms etc. None of which is good at saying ""this is the most important thing we should pay attention right now as a society"", ""this is how you should approach this complex topic"". Algorithms only serve one god and that is the god of engagement. But the amount of engagement they drive doesn't match their performance in affording us an ability to make sense of our world. This is precisely what Weiss criticizes, that crucial human wisdom function is now subjugated by what those algorithms promote to be relevant; twitter being the worst offender. This makes us collectively foolish, and we see the results in our society with our inability to cohere and dialog as adults. Our collective intelligence approximates that of a tantrum throwing child, because our most used discourse engine that is twitter can only sustain that level of sophistication.",Resignation Letter,https://news.ycombinator.com/item?id=23834751,acituan,,,,Twitter recommendation algorithm,Conservative keyword/context screen: recommendation/ranking/feed plus change/platform context.,23833267,https://www.bariweiss.com/resignation-letter,2026-09-21T19:44:34.808161+00:00,UTC
hn_23838651,Hacker News,public_comment,2020-07-14 22:12:11+00:00,2020-07-14,"Unless I am mistaken, this study reports on Facebook’s own test of News Feed algorithms. Facebook ran the test in 2012, supposedly to determine whether posts with emotional content are more engaging. This study (published in 2014, by the way—could someone edit the title?) appears to be examining the data from that test.",Experimental evidence of massive-scale emotional contagion thru social networks (2014),https://news.ycombinator.com/item?id=23838651,strogonoff,,,,Facebook news feed algorithm,Conservative keyword/context screen: recommendation/ranking/feed plus change/platform context.,23836578,https://www.pnas.org/content/111/24/8788,2026-09-21T19:44:34.808161+00:00,UTC
hn_24097353,Hacker News,public_comment,2020-08-09 04:53:19+00:00,2020-08-09,Twitter does not appear to have a recommendation algorithm worth a damn.,"Twitter, TikTok Have Held Preliminary Talks About Possible Combination",https://news.ycombinator.com/item?id=24097353,kanox,,,,Twitter recommendation algorithm,Conservative keyword/context screen: recommendation/ranking/feed plus change/platform context.,24095774,https://www.wsj.com/articles/twitter-tiktok-have-held-preliminary-talks-about-possible-combination-11596925449,2026-09-21T19:44:34.808161+00:00,UTC
hn_24570711,Hacker News,public_story,2020-09-23 19:08:28+00:00,2020-09-23,AlgoTransparency: Exploring YouTube’s recommendation algorithm,AlgoTransparency: Exploring YouTube’s recommendation algorithm,https://news.ycombinator.com/item?id=24570711,dgellow,1.0,0.0,1.0,YouTube recommendation algorithm,Conservative keyword/context screen: recommendation/ranking/feed plus change/platform context.,24570711,,2026-09-21T19:44:34.808161+00:00,UTC
hn_24578603,Hacker News,public_story,2020-09-24 13:54:27+00:00,2020-09-24,Ask HN: Video recommendation platform as a way to compete with YouTube?,Ask HN: Video recommendation platform as a way to compete with YouTube?,https://news.ycombinator.com/item?id=24578603,mIOAMDA,67.0,72.0,67.0,recommendation algorithm,Conservative keyword/context screen: recommendation/ranking/feed plus change/platform context.,24578603,,2026-09-21T19:44:34.808161+00:00,UTC
hn_24804321,Hacker News,public_comment,2020-10-16 19:46:05+00:00,2020-10-16,"This tidbit from a WSJ story is rather revealing of the actual issue going on here[1]: > In late 2017, when Facebook tweaked its newsfeed algorithm to minimize the presence of political news, policy executives were concerned about the outsize impact of the changes on the right, including the Daily Wire, people familiar with the matter said. Engineers redesigned their intended changes so that left-leaning sites like Mother Jones were affected more than previously planned, the people said. Mr. Zuckerberg approved the plans. That is: Facebook decided to intervene to benefit the right. I don't think this is just because of right-wingers at Facebook: surely a large part of it is bad-faith attacks from people like Ted Cruz. The idea that Twitter and Facebook are conspiring to suppress legitimate criticism of Biden and thereby defeat Trump is plain ridiculous. [1] Story is here: https://t.co/sjOYrLQdc3?amp=1 but I got the blurb from this tweet: https://twitter.com/patcaldwell/status/1317140564169625600",Section 230 Explained,https://news.ycombinator.com/item?id=24804321,ojnabieoot,,,,Facebook news feed algorithm,Conservative keyword/context screen: recommendation/ranking/feed plus change/platform context.,24803998,https://arstechnica.com/tech-policy/2020/06/section-230-the-internet-law-politicians-love-to-hate-explained/,2026-09-21T19:44:34.808161+00:00,UTC
hn_24811399,Hacker News,public_comment,2020-10-17 17:05:50+00:00,2020-10-17,"Quote from WSJ story: ""In late 2017, when Facebook tweaked its newsfeed algorithm to minimize the presence of political news, policy executives were concerned about the outsize impact of the changes on the right, including the Daily Wire, people familiar with the matter said. Engineers redesigned their intended changes so that left-leaning sites like Mother Jones were affected more than previously planned, the people said. Mr. Zuckerberg approved the plans. “We did not make changes with the intent of impacting individual publishers,” a Facebook spokesman said."" https://archive.md/uhZpP",Facebook reportedly choked traffic for left-leaning news sites,https://news.ycombinator.com/item?id=24811399,r721,,,,Facebook news feed algorithm,Conservative keyword/context screen: recommendation/ranking/feed plus change/platform context.,24810831,https://www.theverge.com/2020/10/17/21520634/facebook-reportedly-choked-traffic-mother-jones-zuckerberg,2026-09-21T19:44:34.808161+00:00,UTC
hn_24907994,Hacker News,public_story,2020-10-27 14:54:33+00:00,2020-10-27,Should Section 230 apply to algorithmic feeds like Facebook News Feed?,Should Section 230 apply to algorithmic feeds like Facebook News Feed?,https://news.ycombinator.com/item?id=24907994,NordSteve,1.0,0.0,1.0,feed algorithm,Conservative keyword/context screen: recommendation/ranking/feed plus change/platform context.,24907994,,2026-09-21T19:44:34.808161+00:00,UTC
hn_24930585,Hacker News,public_comment,2020-10-29 14:06:21+00:00,2020-10-29,"> SESTA-FOSTA caused Craigslist to close their personals sections I would argue this was an explicitly political move. Craigslist is primarily funded by paid job ads... personal isn't a profit center for them. (So, it's unlikely to apply to a more general eyeball-need like Google/Facebook.) And they were using the threat of doing so as a reason SESTA-FOSTA should be blocked. ""Missed connections"" is both still alive, and heck, ""general"" has some very suggestive offers in it in my region. I hardly believe SESTA-FOSTA has murdered the ability to post personals online. Which is to say, the shuttering of websites such as yours if this should come to pass is a self-fulfilling prophecy: You're threatening to do it because you don't want the law to change. That doesn't mean the risk of liability is unreasonable because you intend to follow through with that threat. It doesn't mean plenty of others aren't willing to operate websites with normal levels of liability found in... every other type of business. As to your questions, Section 230 allows platforms to moderate content without facing any liability for the content that remains. The issue is that the decisionmaking they're allowed to employ here is completely unregulated and completely opaque... and tied very much to that revenue generation: Again, adult content sees a block because advertisers don't like it, and crazy political theories thrive because it pushes engagement. We're not talking about ""oh no, Facebook might be liable for one post they decided not to remove"". We're talking about an entire decisionmaking regime that is built around their revenue. Why on earth shouldn't they be liable for that? If Facebook at any point reviewed QAnon posts, decided ""nah, that doesn't violate our policies"", and let them continue... again, we wouldn't be going after Facebook for the user-generated content, but Facebook's explicit decisions about how to handle that content . Where the intent comes into the scenario. And yeah, that absolutely means we need to remove the liability shield. Because at least until we can dig into the case and order access to emails and records, seeing what posts are left up is all we have. And sure, I'd love to come at this another way too: Require the search, recommendation, and ranking algorithms of major tech platforms to be publicly shared and all moderation decisions subject to human appeal. Another avenue to that appeal though, is that people must be empowered to take a company to court over those moderation issues when their appeals internally are exhausted, which rolls back to removing liability protection.",U.S. Senate tech hearing becomes political tussle,https://news.ycombinator.com/item?id=24930585,ocdtrekkie,,,,recommendation ranking,Conservative keyword/context screen: recommendation/ranking/feed plus change/platform context.,24921457,https://www.reuters.com/article/us-usa-tech-senate/who-the-hell-elected-you-us-senate-tech-hearing-becomes-political-tussle-idUSKBN27D1AH,2026-09-21T19:44:34.808161+00:00,UTC
hn_25154732,Hacker News,public_comment,2020-11-19 21:41:40+00:00,2020-11-19,"That's a distinction without consequence. Your comment is about media companies ""dictating"" things; social media just trades the editorial desk for Facebook's opaque newsfeed algorithm, or the faceless Reddit hivemind, or Twitter's endless sea of bots. All that matters is reach, and social media has traditional media outnumbered and outgunned.",Information overload helps fake news spread,https://news.ycombinator.com/item?id=25154732,kibwen,,,,Facebook news feed algorithm,Conservative keyword/context screen: recommendation/ranking/feed plus change/platform context.,25153716,https://www.scientificamerican.com/article/information-overload-helps-fake-news-spread-and-social-media-knows-it/,2026-09-21T19:44:34.808161+00:00,UTC
hn_25519276,Hacker News,public_story,2020-12-23 16:29:47+00:00,2020-12-23,Ask HN: Why is making a good recommendation system for YouTube hard?,Ask HN: Why is making a good recommendation system for YouTube hard?,https://news.ycombinator.com/item?id=25519276,nassimslab2,43.0,52.0,43.0,recommendation algorithm,Conservative keyword/context screen: recommendation/ranking/feed plus change/platform context.,25519276,,2026-09-21T19:44:34.808161+00:00,UTC
hn_25918913,Hacker News,public_story,2021-01-26 17:48:54+00:00,2021-01-26,How machine learning powers Facebook's News Feed ranking algorithm,How machine learning powers Facebook's News Feed ranking algorithm,https://news.ycombinator.com/item?id=25918913,el_duderino,3.0,0.0,3.0,feed algorithm,Conservative keyword/context screen: recommendation/ranking/feed plus change/platform context.,25918913,,2026-09-21T19:44:34.808161+00:00,UTC
hn_26160655,Hacker News,public_comment,2021-02-17 00:05:00+00:00,2021-02-17,"> I wasn't into early Twitter or Facebook, but were they also full of scammers and hustle type people? I wasn't in super-early Twitter, but early Twitter was not at all like that. What I saw was that relationships and followings made on blogs translated to Twitter, and most of the movement was organic. I don't think at that point people thought of becoming an ""influencer"" like the ones we have now, so Twitter didn't attract those types too much. It was also far, far easier to participate, it was way more welcoming than it is now. It was also less open, in the sense that Twitter didn't recommend you what was popular to keep engagement up like they do now. Back then you wouldn't see too much content outside of your network, retweets were manual and likes (favorites then) didn't show up in your timeline. So you only saw what the people you followed actively wanted you to see. That meant that these accounts made just to sell you things and scam you couldn't reach too far, as people didn't actively share their content. So content that gets attention now in Clubhouse wouldn't be popular in early Twitter. Recommendation algorithms and engagement metrics have just completely ruined social media...",Clubhouse Bio Generator,https://news.ycombinator.com/item?id=26160655,gjulianm,,,,Twitter recommendation algorithm,Conservative keyword/context screen: recommendation/ranking/feed plus change/platform context.,26159405,https://perchance.org/owh9gelu4t,2026-09-21T19:44:34.808161+00:00,UTC
hn_26398406,Hacker News,public_comment,2021-03-09 13:07:27+00:00,2021-03-09,"I would consider the following to be analytics and ads: Inferences about your account - such as interests, age, and gender - which we use to provide features including: Account suggestions Advertising Recommendations Timeline ranking Their legal basis for these is ""legitimate interests"".",Ask HN: How can Twitter be GDRP compliant with this:,https://news.ycombinator.com/item?id=26398406,yorwba,,,,recommendation ranking,Conservative keyword/context screen: recommendation/ranking/feed plus change/platform context.,26392914,,2026-09-21T19:44:34.808161+00:00,UTC
hn_26644998,Hacker News,public_comment,2021-03-31 09:02:28+00:00,2021-03-31,"Are you perhaps misunderstanding how the newsfeed works? People can write all clickbait they want, always have, but it wasn't until that content was forced in your face by Facebook's newsfeed algorithm, or youtube recommendation algorithm or twitters feed algorithm that you are really exposed to that stuff. And even without clickbait stuff people search for the news that satisfies them and their value system. All of this happens on data voluntarily shared with the platforms people complain about like Facebook, and there's no end to this in sight. Advertising in this forum is at the same time useless and barely works (cue the 50% advertising is wasted, don't know which one, and other similar sentences) and the most powerful tool for mind control ever existed.",Google is testing its new ad targeting tech in millions of browsers,https://news.ycombinator.com/item?id=26644998,dialtone,,,,Twitter recommendation algorithm,Conservative keyword/context screen: recommendation/ranking/feed plus change/platform context.,26643564,https://www.eff.org/deeplinks/2021/03/google-testing-its-controversial-new-ad-targeting-tech-millions-browsers-heres,2026-09-21T19:44:34.808161+00:00,UTC
hn_26654601,Hacker News,public_comment,2021-03-31 23:32:40+00:00,2021-03-31,"Like Twitter lists, you can always skip the recommendation algorithm through crafted subscription.",Testing a few new designs that don't show the public dislike count,https://news.ycombinator.com/item?id=26654601,martinmjc,,,,Twitter recommendation algorithm,Conservative keyword/context screen: recommendation/ranking/feed plus change/platform context.,26653200,https://twitter.com/YouTube/status/1376942486594150405,2026-09-21T19:44:34.808161+00:00,UTC
hn_26779904,Hacker News,public_story,2021-04-12 14:37:12+00:00,2021-04-12,How machine learning powers Facebook’s News Feed ranking algorithm,How machine learning powers Facebook’s News Feed ranking algorithm,https://news.ycombinator.com/item?id=26779904,ablekh,2.0,0.0,2.0,feed algorithm,Conservative keyword/context screen: recommendation/ranking/feed plus change/platform context.,26779904,,2026-09-21T19:44:34.808161+00:00,UTC
hn_26795561,Hacker News,public_story,2021-04-13 17:11:14+00:00,2021-04-13,Machine learning powers Facebook’s News Feed ranking algorithm,Machine learning powers Facebook’s News Feed ranking algorithm,https://news.ycombinator.com/item?id=26795561,fabrizio_italia,1.0,0.0,1.0,feed algorithm,Conservative keyword/context screen: recommendation/ranking/feed plus change/platform context.,26795561,,2026-09-21T19:44:34.808161+00:00,UTC
hn_26912299,Hacker News,public_story,2021-04-23 08:08:57+00:00,2021-04-23,Facebook launches tests to inform future changes to News Feed algorithms,Facebook launches tests to inform future changes to News Feed algorithms,https://news.ycombinator.com/item?id=26912299,scottbucks,1.0,0.0,1.0,feed algorithm,Conservative keyword/context screen: recommendation/ranking/feed plus change/platform context.,26912299,,2026-09-21T19:44:34.808161+00:00,UTC
hn_27590364,Hacker News,public_comment,2021-06-22 11:32:10+00:00,2021-06-22,"You know that TikTok is no different to the rest of them. (and does the same behaviours of any other social network collecting your data which I find as a damning violation of our privacy.) How else is that 'recommendation algorithm' supposed to work, then? Another ' algorithm' that governs and orders what can be seen and unseen for the accounts of hundreds of millions of users again. Just like YouTube, Instagram and Twitter. Once ByteDance changes their algorithm and the users begin to complain about it, then I will point them to this comment and say, I tried to warn them but they decided to 'silence' me instead because I am right. We'll see soon enough.","U.S. Commerce Department rescinds TikTok, WeChat prohibited transactions list",https://news.ycombinator.com/item?id=27590364,rvz,,,,Instagram algorithm change,Conservative keyword/context screen: recommendation/ranking/feed plus change/platform context.,27589490,https://www.reuters.com/technology/us-commerce-department-rescinds-tiktok-wechat-prohibited-transactions-list-2021-06-21/,2026-09-21T19:44:34.808161+00:00,UTC
hn_27707659,Hacker News,public_comment,2021-07-02 03:54:38+00:00,2021-07-02,"Getaround EU | https://uk.getaround.com | Paris, anywhere in France or Belgium ONSITE or REMOTE | Backend, Full-stack, iOS, Analytics Engineer, Product Designer, Data Analyst About Getaround Europe: We are on mission to remove car ownership in European dense cities. We believe cars should be shared. * We're a ~50 people P&E Team * We have tons of challenges; pricing recommendations, ranking, connected cars that needs to be ultra reliable (it needs to replace your owned car), we provide APIs to different typologies of partners,... * Our technology stack includes: Ruby On Rails, React, dbt, MySQL, Redis, Python, Snowflake, Heroku, AWS ECS * We have a big monolith with small dedicated services for specific class of problems * We write about our culture and the way we write software at https://getaround.tech Please apply at https://uk.getaround.com/jobs",Ask HN: Who is hiring? (July 2021),https://news.ycombinator.com/item?id=27707659,mickeyben,,,,recommendation ranking,Conservative keyword/context screen: recommendation/ranking/feed plus change/platform context.,27699704,,2026-09-21T19:44:34.808161+00:00,UTC
hn_27759446,Hacker News,public_comment,2021-07-07 10:29:44+00:00,2021-07-07,"They all do it, from influences, big advertisers, and cable news networks on social media sites like Facebook, Twitter, YouTube, Instagram, Snap, TikTok, etc all game the recommendation algorithms of each of these platforms. As long as the advertisers are happy paying them, they won't change. Not only these algorithms govern what is seen and unseen on those platforms, it is also a privacy issue and they operate by requiring to track the user's usage information. The small users and 'content creators' lose either way. They work for the recommendation algorithm and it can change at anytime and they end up earning less. Or they get removed from the platform / programme because of their low number of views and that's that, whilst the big players game the system.",YouTube algorithm recommends videos that violate its own policies: study,https://news.ycombinator.com/item?id=27759446,rvz,,,,Instagram algorithm change,Conservative keyword/context screen: recommendation/ranking/feed plus change/platform context.,27758925,https://foundation.mozilla.org/en/blog/mozilla-investigation-youtube-algorithm-recommends-videos-that-violate-the-platforms-very-own-policies/,2026-09-21T19:44:34.808161+00:00,UTC
hn_27764525,Hacker News,public_comment,2021-07-07 18:51:49+00:00,2021-07-07,"To me, the question is how a common carrier status can coexist with content curation and promotion. Looking at the ur-example of the phone company, AT&T doesn't try to preemptively place calls that a household ""might be interested in based on analytics."" The modern social media landscape, however, is dominated by ""the algorithm."" Youtube lives on its recommendations; Twitter wants you to keep refreshing its feed; even Hacker News tries to sort the front page by a combination of novelty and interest. In my opinion, this is a continuous, editorial judgment by the outlet, and it is very different from the idea of a ""neutral public square"" that exists as an objective point in space. The fight isn't really about whether an individual person should have a right to send messages to other individual people on social media platforms; it's about whether the media platform has a responsibility to actively promote views without regard for their content. It's not about forcing the ""shopping mall"" to allow protesters ( PruneYard , from the article), but instead it's about forcing the ""shopping mall"" to advertise that it's hosting protesters and include them on its maps and business lists. (Edit to add:) The article discusses this point somewhat in its section E, related to compelled recommendations, but I think the topic deserves much broader analysis. A ""legally viewpoint-neutral Twitter"" would be a Pyrrhic victory for proponents if Twitter could still restrict user's visibility to direct subscribers/replies only, denying the public part of its platform.",Social Media Platforms as Common Carriers? [pdf],https://news.ycombinator.com/item?id=27764525,Majromax,,,,Twitter recommendation algorithm,Conservative keyword/context screen: recommendation/ranking/feed plus change/platform context.,27762145,https://www2.law.ucla.edu/volokh/carrier.pdf,2026-09-21T19:44:34.808161+00:00,UTC
hn_27780765,Hacker News,public_comment,2021-07-09 05:41:53+00:00,2021-07-09,"> Happy to chat about instant games anytime, email me at Lars.doucet@gmail.com and in return you can tell me more about what you’re doing in video. I'll absolutely take you up on this! :D Email coming soon! > how do you feel you contrast with say, supercast? I think we are using the trappings of supercast in order to advance the goal of an ""open video platform"". But the core goal is ""open video platform"", not necessarily to follow that exact playbook. > Chicken or the egg problems are tough. What’s your plan for delivering a truckload of one or the other to break the deadlock? (In this case chickens = content creators, and eggs = viewers/subscribers) Two things: - Shrink the eggs required to make an omelette. (forgive me for stretching this metaphor) If you make paid, subscription feeds; you need fewer individual people, and you can use existing platforms (Youtube / Twitch / Tiktok) as a marketing channel for your paid videos on the open platform where you control the business. - Piggyback on the existing channels that podcasts have in place (search rankings, recommendation rings). If the balance is right, it'll work and we'll have an open video platform! And if not, then at least it's been fun to work on. Or maybe to put it another way, if it doesn't work, it will still have been the right thing to have done.",A better business model for video folks,https://news.ycombinator.com/item?id=27780765,flaque,,,,recommendation ranking,Conservative keyword/context screen: recommendation/ranking/feed plus change/platform context.,27777894,https://streambus.com/,2026-09-21T19:44:34.808161+00:00,UTC
hn_27823579,Hacker News,public_story,2021-07-13 17:21:32+00:00,2021-07-13,Facebook News Feed Algorithm History,Facebook News Feed Algorithm History,https://news.ycombinator.com/item?id=27823579,dakial1,1.0,0.0,1.0,feed algorithm,Conservative keyword/context screen: recommendation/ranking/feed plus change/platform context.,27823579,,2026-09-21T19:44:34.808161+00:00,UTC
hn_28003993,Hacker News,public_comment,2021-07-30 03:04:15+00:00,2021-07-30,"I assert that content I post to my timeline and which you see on your feed as my friend shouldn't be subject to Facebook's commentary or opinions. I take strong issue with the claim that to obtain that I have to use Messenger--which is an entirely different content paradigm--and I think it is outright dishonest to try to claim that people posting to timelines means that ""the recommendation based stream is more popular"". Facebook wants to recommend content to me from random people: that's their issue, and they should take responsibility for it--whether legally or simply morally--and thereby should have to be careful with what they show people (maybe to the point where they simply can't scale it to the scale they are at automatically! I will not cry over their loss). Facebook also shows me content from my ""friends""... I opted in to the content from my friends: if I don't like my friends, I can and should unfriend them, as they were my responsibility, not Facebook's (in the same sense that if I call someone on the phone I don't whine to AT&T about how much they suck). I should not get labels from Facebook telling me my friends' content--content I explicitly wanted to see--is scary or wrong, and they certainly should not be banned from showing it to me. I think the most egregious category error you are making here is to equate messaging with communication... the entire mechanism of social media to followers is primarily direct communication! We can see how ridiculous this has become by looking at how, even if you have a private account--one random people aren't even allowed to see!--Facebook, Twitter, and Google currently consider it their business what we post there... an account you post things to and which other people follow is identical to a chat channel that happens to maintain a buffer. (FWIW, to steel man your argument as best I can, ""yes"": Facebook also applies recommendation algorithms to friend feeds. Twitter I believe still doesn't. Instagram didn't, but then started... AFAIK people don't like it that much, but it might be more profitable for Facebook? Either way: it is helping me reorder content I already curated , and so I don't feel a need to claim that this is something they published. There is simply still a fundamental difference from platforms surfacing ""trending"" content or suggesting new people or channels I might want to follow / posts I might want to see, and acting as an intermediary for content from people I was directly linked to from people I am communicating with. The former might as well be illegal as far as I am concerned, while the latter needs to be sacrosanct.)",Facebook is now claiming official CDC.gov links are “False Information”,https://news.ycombinator.com/item?id=28003993,saurik,,,,Twitter recommendation algorithm,Conservative keyword/context screen: recommendation/ranking/feed plus change/platform context.,27999720,https://i.postimg.cc/CLBCNx0Q/D4Hg99zw.jpg,2026-09-21T19:44:34.808161+00:00,UTC
hn_28004483,Hacker News,public_comment,2021-07-30 04:34:47+00:00,2021-07-30,"Point of fact first, twitter does filter tweets via a recommendation algorithm [1]. If you troll through HN you should be able to find threads with people complaining about that too... I assume instagram does too but don't use it and haven't verified [edit: It does https://later.com/blog/how-instagram-algorithm-works/ ]. > Facebook also shows me content from my ""friends""... I opted in to the content from my friends: if I don't like my friends, I can and should unfriend them This is not the service Facebook offers, nor has it ever been. Facebook has forever been about friending everyone you are actually friends with (and then some), and you (or at least the vast vast majority of people) do not want to swallow the entire firehose of content that their facebook friends post. Facebook doesn't want people unfriending people to avoid seeing their content, that's not how the model works - doing so would break all of other facebooks services like acting as a birthday reminder, event planner, and so on and so forth. Even the language is indicative of this, ""unfriend"" (I don't like you anymore) not ""stop showing me these posts"" (I don't like what you post). > the entire mechanism of social media to followers is primarily direct communication! On the contrary, the entire mechanism of the majority of successful social media companies is curated communication. As it turns out 99% of everything (e.g. posts) is crap, and people go to the sites where less than 99% of what they see is crap. Types of curation vary, but the existence of it is very consistence. To create some categories: algorithms (facebook, tiktok, youtube, twitter), community upvotes + community moderation (reddit, HN, slashdot), just straight up heavy moderation (many forums, forum.nasaspaceflight.com comes to mind as one that is still going strong). Also worth pointing out that most of these platforms actually mix it up, e.g. youtube, twitter, and facebook all have forms of upvotes, and facebook has forms of community moderation. But if you want direct communication, that exists. I.e. the previously mentioned facebook messenger (which admittedly doesn't do followers) and substack (which is a competitor of sorts that does). Direct communication is not what facebook is offering as their main product (but is what they are offering with messenger), it's never been, and I don't see that you have any right to demand that it becomes what their main product does. [1] (Turn of js to avoid the paywall, this can be done with ublock origin for just this domain by clicking the "" "" button) https://www.economist.com/graphic-detail/2020/08/01/twitters...",Facebook is now claiming official CDC.gov links are “False Information”,https://news.ycombinator.com/item?id=28004483,gpm,,,,Twitter recommendation algorithm,Conservative keyword/context screen: recommendation/ranking/feed plus change/platform context.,27999720,https://i.postimg.cc/CLBCNx0Q/D4Hg99zw.jpg,2026-09-21T19:44:34.808161+00:00,UTC
hn_28135896,Hacker News,public_comment,2021-08-10 23:02:42+00:00,2021-08-10,I think that’s an odd way of framing the issue. No-one is being forced to listen to anyone on TikTok. The question is whether certain minority groups should have their videos artificially lowered in the recommendation rankings. To do this on the grounds that people bully and harass members of these groups is surely just to let the bullies win.,TikTok overtakes Facebook as most downloaded app,https://news.ycombinator.com/item?id=28135896,foldr,,,,recommendation ranking,Conservative keyword/context screen: recommendation/ranking/feed plus change/platform context.,28133017,https://asia.nikkei.com/Business/Technology/TikTok-overtakes-Facebook-as-world-s-most-downloaded-app,2026-09-21T19:44:34.808161+00:00,UTC
hn_28449562,Hacker News,public_comment,2021-09-07 20:32:12+00:00,2021-09-07,"I see your point, and I think that needs thoughts for sure. I think most people (including myself) don't know why some harbor hateful resentment and intolerant ideals. And it isn't clear how to deal with it. It's very possible that we need to resist the temptation to try and simply brush those people aside. But I think one thing that isn't clear is if one of the cause for this increase is related to the internet providing bigger megaphones to those smart ones who like to recruit members to their ranks. And part of that for me is how recommendation algorithms on Twitter and Facebook and YouTube operate, it seems to be tuned towards sensationalized and hateful content. So it does give you the impression that those platforms are failing to educate people with values of tolerance, liberalism, freedom, and individual rights which the USA is founded on. It's a great question though, you probably don't fight intolerance with intolerance, but at the same time, you might need to be ready to fight it if it comes to that. But how do you avoid having it reach this point?",The Linux Experiments YouTube channel has been terminated,https://news.ycombinator.com/item?id=28449562,didibus,,,,Twitter recommendation algorithm,Conservative keyword/context screen: recommendation/ranking/feed plus change/platform context.,28443244,https://twitter.com/thelinuxEXP/status/1434952628337795072,2026-09-21T19:44:34.808161+00:00,UTC
hn_28471273,Hacker News,public_comment,2021-09-09 16:11:21+00:00,2021-09-09,"Ah, I can see why you'd think that, unfortunately it's not the right understanding in this context. The definition of disinformation is: > False information which is intended to mislead, especially propaganda issued by a government organization to a rival power or the media. And the definition of misinformation is: > False or inaccurate information, especially that which is deliberately intended to deceive. As you can see, the definitions aren't relative to some other piece of information. It doesn't mean that some information is incorrect based on some other source of acknowledged correct information. It means that the intent of the information you were given was to deceive and mislead you, and that the information was thus specifically crafted in a way to do so, generally by being false, inaccurate, cherry picked, fabricated, or manipulated in some way. In this case, you can see that there are some wealthy people who want to propagate some information in order to mislead people, the deceiving part is that they are not transparent about who they are, and they want to make it look like the information is coming from influencers as part of their own volition, and that the belief is held by a lot of people through trying to manipulate the Twitter recommendations and trending algorithms, making it look like the content is more popular than it really is. The validity of the content of the tweets doesn't even matter, the misinformation is in the misleading lineage of who is really behind the tweets and what their agenda is, and the false representation of how popular the content is.",Disinformation-for-hire in Kenya,https://news.ycombinator.com/item?id=28471273,didibus,,,,Twitter recommendation algorithm,Conservative keyword/context screen: recommendation/ranking/feed plus change/platform context.,28455109,https://foundation.mozilla.org/en/blog/fellow-research-inside-the-shadowy-world-of-disinformation-for-hire-in-kenya/,2026-09-21T19:44:34.808161+00:00,UTC
hn_28525266,Hacker News,public_comment,2021-09-14 14:22:16+00:00,2021-09-14,"It is disappointing to read some comments saying that ""It is not FB/Insta's fault?"". Those who don't see the challenges that these teens go through is clearly delusional. While there are some good things in the tech, it clearly has a negative side that impact children's mental health through unrealistic beauty standards, and trap them into dopamine loops. I still believe that ranking/recommendation models should be open, parents/individuals should have -at least- the choice to make these algorithms less harmful.","Facebook knows Instagram is toxic for teen girls, company documents show",https://news.ycombinator.com/item?id=28525266,___luigi,,,,recommendation ranking,Conservative keyword/context screen: recommendation/ranking/feed plus change/platform context.,28523688,https://www.wsj.com/articles/facebook-knows-instagram-is-toxic-for-teen-girls-company-documents-show-11631620739,2026-09-21T19:44:34.808161+00:00,UTC
hn_28525557,Hacker News,public_comment,2021-09-14 14:41:39+00:00,2021-09-14,"> .. I still believe that ranking/recommendation models should be open. Today, we don't know how social media recommend posts to us, we don't know if it is biased, or good for some sub communities. There are [1] some engineering blogs where we can see that is based on some research ideas (e.g. embeddings) are prune to bias [3] and ""rich gets richer"" phenomena. There should be an open marketplace where institutes/researchers submit open & explainable ranking/recommender systems. This is how you democratize access to such social platforms, but the business model opposes such idea to make it reality. There is a large body of research in the area of explainable recommendation systems/Explainable AI. There are regulations today to use Explainable AI systems in healthcare field, but few of them in areas that impact our mental health (e.g. the use of Social Media). [1]: https://ai.facebook.com/blog/powered-by-ai-instagrams-explor... [2]: Explainable Recommendation: A Survey and New Perspective, https://arxiv.org/abs/1804.11192 [3]: https://aclanthology.org/P19-1162v2.pdf","Facebook knows Instagram is toxic for teen girls, company documents show",https://news.ycombinator.com/item?id=28525557,___luigi,,,,recommendation ranking,Conservative keyword/context screen: recommendation/ranking/feed plus change/platform context.,28523688,https://www.wsj.com/articles/facebook-knows-instagram-is-toxic-for-teen-girls-company-documents-show-11631620739,2026-09-21T19:44:34.808161+00:00,UTC
hn_28543011,Hacker News,public_comment,2021-09-15 19:05:42+00:00,2021-09-15,">These companies are always going to want to hold our attention but it's us at the end of the day who decide to give them our attention. These companies are already amplifying content they think will hold our attention, by leaning into people's worst instincts. >In the fall of 2018, Jonah Peretti, chief executive of online publisher BuzzFeed, emailed a top official at Facebook Inc. The most divisive content that publishers produced was going viral on the platform, he said, creating an incentive to produce more of it. Mr. Peretti blamed a major overhaul Facebook had given to its News Feed algorithm earlier that year to boost “meaningful social interactions,” or MSI, between friends and family, according to internal Facebook documents reviewed by The Wall Street Journal that quote the email. https://www.wsj.com/articles/facebook-algorithm-change-zucke...","Facebook knows Instagram is toxic for teen girls, company documents show",https://news.ycombinator.com/item?id=28543011,GeekyBear,,,,Facebook news feed algorithm,Conservative keyword/context screen: recommendation/ranking/feed plus change/platform context.,28523688,https://www.wsj.com/articles/facebook-knows-instagram-is-toxic-for-teen-girls-company-documents-show-11631620739,2026-09-21T19:44:34.808161+00:00,UTC
hn_28865649,Hacker News,public_comment,2021-10-14 15:28:00+00:00,2021-10-14,"Facebook's newsfeed algorithms are actively tailoring the content that is surfaced in your newsfeed in a manner that encourages 'engagement', but this quest for engagement creates false narratives and an inaccurate understanding of reality. People engage with combative and controversial content that supports their biases or triggers a few discrete emotional centers like disgust, outrage, and strong in-group/out-group distinctions. I also do more that just 'believe' this, I know it to be true for a fact.","FB seals off some internal message boards to prevent leaking, immediately leaked",https://news.ycombinator.com/item?id=28865649,evgen,,,,Facebook news feed algorithm,Conservative keyword/context screen: recommendation/ranking/feed plus change/platform context.,28862759,https://www.businessinsider.com/facebook-whistleblower-leaks-restricts-staff-access-message-boards-elections-safety-2021-10,2026-09-21T19:44:34.808161+00:00,UTC
hn_28866609,Hacker News,public_comment,2021-10-14 16:42:34+00:00,2021-10-14,"> Facebook's newsfeed algorithms are actively tailoring the content that is surfaced in your newsfeed in a manner that encourages 'engagement', but this quest for engagement creates false narratives and an inaccurate understanding of reality Except that the “algorithms” are executed by humans and not always concretely defined, this has been true of every ad-supported commercial news medium ever, for the same reason as it is for Facebook: the business model is securing attention of an audience to sell ads to them.","FB seals off some internal message boards to prevent leaking, immediately leaked",https://news.ycombinator.com/item?id=28866609,dragonwriter,,,,Facebook news feed algorithm,Conservative keyword/context screen: recommendation/ranking/feed plus change/platform context.,28862759,https://www.businessinsider.com/facebook-whistleblower-leaks-restricts-staff-access-message-boards-elections-safety-2021-10,2026-09-21T19:44:34.808161+00:00,UTC
hn_28953876,Hacker News,public_comment,2021-10-22 04:58:16+00:00,2021-10-22,"I think a lot depends on having an onboarding experience that sets the expectations right. Good guidance text may come a long way already. For those who don't know: Mastodon works differently in how you build your social graph than Twitter, where much is automated by the recommendation algorithms kicking in. I think that once one properly grasps how to go from 'empty timelines' to having some first fine people in 'following' the process of building further can very intuitive and be a refreshing and liberating experience where one feels in control. As for ideas and feedback.. ""follow suggestions [based on] most popular/proactive accounts in your language"". I would be careful here, to not get to a point where Fediverse / Mastodon becomes dominated by influencers that are focal points of activity and sees this feature becoming part of their SEO marketing toolkit. While it may help uptake and network effects, it may hurt and degrade fedi culture over time. You might consider integrating something similar to Trunk [0] so people can directly follow others that have explicitly expressed an interest in a particular topic and are open for discovery. They can peruse the timeline of these accounts and then checkmark the ones to follow based on that. This keeps social graph building natural and organic, not algorithm-driven. As for ""trending hashtags"", another algorithm driven engagement feature. There may be a Hashtag Directory to browse, sort and filter and an indicator of post counts to each of them. Long inactive hashtags need not be shown, but the directory shows way more entries than just what's trending and doesn't directly push you to that. Another idea might be to have account profiles be able to have a list of the top 3 or top 5 other accounts most valued by a person, in a friend-of-a-friend kind of way. Maybe it only becomes available once a mutual follow relationship is established, and allows further discovery of the FOAF graph. [0] https://communitywiki.org/trunk",Mastodon: AGPLv3 FOSS social network server,https://news.ycombinator.com/item?id=28953876,rapnie,,,,Twitter recommendation algorithm,Conservative keyword/context screen: recommendation/ranking/feed plus change/platform context.,28950727,https://github.com/mastodon/mastodon,2026-09-21T19:44:34.808161+00:00,UTC
hn_28993249,Hacker News,public_story,2021-10-25 21:17:01+00:00,2021-10-25,Facebook Removed the News Feed Algorithm in a 2018 Experiment,Facebook Removed the News Feed Algorithm in a 2018 Experiment,https://news.ycombinator.com/item?id=28993249,kantrowitz,1.0,0.0,1.0,feed algorithm,Conservative keyword/context screen: recommendation/ranking/feed plus change/platform context.,28993249,,2026-09-21T19:44:34.808161+00:00,UTC
hn_29016513,Hacker News,public_story,2021-10-27 17:43:11+00:00,2021-10-27,Facebook removed the news feed algorithm in an experiment,Facebook removed the news feed algorithm in an experiment,https://news.ycombinator.com/item?id=29016513,WookieRushing,156.0,139.0,156.0,feed algorithm,Conservative keyword/context screen: recommendation/ranking/feed plus change/platform context.,29016513,,2026-09-21T19:44:34.808161+00:00,UTC
hn_29043209,Hacker News,public_comment,2021-10-29 20:29:19+00:00,2021-10-29,"Barring the fact that I still cannot figure out what evil thing the facbook did other than vague descriptions of definitely evil stuff, trust us : Allegedly facebook lied because it did not make its research about its algorithms public. But I could make the same argument about any proprietary system. YouTube's recommendation algorithm is not public. Google's pagerank is not public. What effects do those have? And what findings would a public care about? Well, any given investor could find just about anything unethical. Sure, I think most people agree that if I see racist content on Facebook and as a result of that someone decides to join the KKK, it probably harmed society. But this can be extended indefinitely. Perhaps facebook's recipe recommendations encourage people to eat more meat, so vegans would find it unethical. Perhaps facebook's recommendations encourage people to drive more, so climate activists are upset. You sort of open up Pandora's box if you start considering these things. Would facebook even want to do research if it had the potential to reveal something negative? This is another case of 'everything is securities fraud'. Why should the SEC get involved? That seems like a terrible expansion of SEC's powers to start judging IPOs based on the ethics of the organization. You start with a simple premise (the investors have a right to know) but end up making a very broad and IMO over-bearing conclusion. And regarding the IPO and it's share classes--if you're purchasing facebook, know that you are not purchasing control. If you do not like it, do not invest.",Why Facebook’s angry emoji should interest the US SEC,https://news.ycombinator.com/item?id=29043209,Gunax,,,,YouTube recommendation algorithm,Conservative keyword/context screen: recommendation/ranking/feed plus change/platform context.,29040898,https://techcrunch.com/2021/10/29/why-facebooks-angry-emoji-should-interest-the-us-sec/,2026-09-21T19:44:34.808161+00:00,UTC
hn_29395367,Hacker News,public_comment,2021-11-30 18:10:44+00:00,2021-11-30,My father has been saying this for years. I find Google to be useful by using search operators. I know for a fact that the YouTube recommendations algorithm is “worse” than before. It’s infuriating,Ask HN: Has Google search become quantitatively worse?,https://news.ycombinator.com/item?id=29395367,cmaggiulli,,,,YouTube recommendation algorithm,Conservative keyword/context screen: recommendation/ranking/feed plus change/platform context.,29392702,,2026-09-21T19:44:34.808161+00:00,UTC
hn_29456123,Hacker News,public_story,2021-12-06 04:23:34+00:00,2021-12-06,NYT obtains internal TikTok document describing recommendation algorithm,NYT obtains internal TikTok document describing recommendation algorithm,https://news.ycombinator.com/item?id=29456123,perihelions,39.0,10.0,39.0,recommendation algorithm,Conservative keyword/context screen: recommendation/ranking/feed plus change/platform context.,29456123,,2026-09-21T19:44:34.808161+00:00,UTC
hn_29524121,Hacker News,public_comment,2021-12-11 20:45:57+00:00,2021-12-11,"Thanks a lot! I’m definitely not looking for technical stuff only. It’s just that, YouTube’s recommendation algorithm skews me in that direction. I like watching videos about interesting bits of history, debating/solutions for various civil/political problems, seeing someone being extremely good at their craft (whether that’s woodworking, electronics, painting, building houses using old techniques, etc.). I also like investigative videos without blockbuster content and a ton of dramatic music, but those are really hard to find.",Ask HN: Long-form info-dense videos on YouTube you would recommend to anyone?,https://news.ycombinator.com/item?id=29524121,alin23,,,,YouTube recommendation algorithm,Conservative keyword/context screen: recommendation/ranking/feed plus change/platform context.,29523638,,2026-09-21T19:44:34.808161+00:00,UTC
hn_29771868,Hacker News,public_comment,2022-01-02 18:30:09+00:00,2022-01-02,"I'd love to see a study with real data on this topic too, but at the the most basic level, with up/down voting you can figure out several metrics: - quality (or rather, agreeableness): up - down; - engagement: up + down; - controversy: min(up, down). First one is the most common (HN, reddit, ...). Second famously is (was?) one of the core metrics for youtube recommendation algorithm, and also something pretty close to the only metric upvote-only forums end up with (twitter); same goes for forums where ""reactions"" are intentionally orthogonal/ambivalent/confusing (facebook). Third feels a bit dangerous for direct use, but might be a good signal to flag for a human moderator to review.",Ask HN: Why can't I downvote? I've been a member for over 10 years,https://news.ycombinator.com/item?id=29771868,nousermane,,,,YouTube recommendation algorithm,Conservative keyword/context screen: recommendation/ranking/feed plus change/platform context.,29768918,,2026-09-21T19:44:34.808161+00:00,UTC
hn_29924876,Hacker News,public_comment,2022-01-13 18:48:09+00:00,2022-01-13,YouTube's recommendation algorithm works great for me. I consistently tell youtube to not recommend videos that I don't want to watch and it will cut them out of my feed. I've gotten rid of most clickbaity material and it shows me longer form and more in depth content. If your recommendations aren't good I suggest using the features to not recommend certain videos or ignore entire channels. The algorithm will figure out what you want to watch,The Boring YouTube,https://news.ycombinator.com/item?id=29924876,animal_spirits,,,,YouTube recommendation algorithm,Conservative keyword/context screen: recommendation/ranking/feed plus change/platform context.,29920334,https://gist.github.com/iosifnicolae2/1a78b5ab1d166fd5d17e6ae0a0fe0901,2026-09-21T19:44:34.808161+00:00,UTC
hn_30206795,Hacker News,public_comment,2022-02-04 13:57:32+00:00,2022-02-04,"The YouTube recommendation algorithm prefers longer videos than that. It is specifically trained to optimize for “watch minutes,” and longer videos seem more effective than extremely short ones.",Apple's privacy push cost Meta $10B,https://news.ycombinator.com/item?id=30206795,notriddle,,,,YouTube recommendation algorithm,Conservative keyword/context screen: recommendation/ranking/feed plus change/platform context.,30204862,https://www.economist.com/the-economist-explains/2022/02/03/how-apples-privacy-push-cost-meta-10bn,2026-09-21T19:44:34.808161+00:00,UTC
hn_30286878,Hacker News,public_comment,2022-02-10 14:53:25+00:00,2022-02-10,"While often ignored, item-to-item similarity recommenders work really well for new items and have been the basis for Amazon's and YouTube's early recommendation algorithms https://glinden.blogspot.com/2011/02/youtube-uses-amazons-re...",I changed my mind about advertising,https://news.ycombinator.com/item?id=30286878,cf,,,,YouTube recommendation algorithm,Conservative keyword/context screen: recommendation/ranking/feed plus change/platform context.,30270450,https://thesample.ai/blog/advertising/,2026-09-21T19:44:34.808161+00:00,UTC
hn_30367228,Hacker News,public_comment,2022-02-16 23:21:36+00:00,2022-02-16,Great tool! Does going through ytcast have any impact on whether the played video influences youtube's recommendation algorithm (which annoys me a lot)?,Show HN: ytcast – cast YouTube videos to your smart TV from command-line,https://news.ycombinator.com/item?id=30367228,winstonschmidt,,,,YouTube recommendation algorithm,Conservative keyword/context screen: recommendation/ranking/feed plus change/platform context.,30364020,https://github.com/MarcoLucidi01/ytcast,2026-09-21T19:44:34.808161+00:00,UTC
hn_30379925,Hacker News,public_comment,2022-02-17 23:03:41+00:00,2022-02-17,"Linus point has a slightly different nuance: adblocking is theft. Similarly to how Taylor Swift was against Spotify because (IIRC) people should buy albums. My version was that adblocking damages revenue in very quantifiable ways* and you can work around that. * I am almost sure that YouTube's recommendation algorithm does not counts watched ads as a metric, that is maybe watching ads increases the total watch-time of the video but otherwise an ad-full view is counted the same as a ad-free view. But this belief is not based on anything. If this happened to be wrong then an adblocker could exponentially hurt a channel growth and that might equal quite a few water bottles.",Reddit can't build a better search engine,https://news.ycombinator.com/item?id=30379925,afiori,,,,YouTube recommendation algorithm,Conservative keyword/context screen: recommendation/ranking/feed plus change/platform context.,30369402,https://ruky.me/2022/02/17/reddit-can-build-a-better-search-engine/,2026-09-21T19:44:34.808161+00:00,UTC
hn_30763694,Hacker News,public_comment,2022-03-22 08:04:57+00:00,2022-03-22,Very interesting project! I'm guessing the only thing missing would be YouTube's video recommendation algorithm? Which for many would be a plus.,Invidious: An alternative front-end to YouTube,https://news.ycombinator.com/item?id=30763694,ranguna,,,,YouTube recommendation algorithm,Conservative keyword/context screen: recommendation/ranking/feed plus change/platform context.,30756772,https://github.com/iv-org/invidious,2026-09-21T19:44:34.808161+00:00,UTC
hn_30779882,Hacker News,public_story,2022-03-23 16:03:15+00:00,2022-03-23,Tell HN: GitHub has algorithmic feed now,Tell HN: GitHub has algorithmic feed now,https://news.ycombinator.com/item?id=30779882,ushakov,2.0,3.0,2.0,feed algorithm,Conservative keyword/context screen: recommendation/ranking/feed plus change/platform context.,30779882,,2026-09-21T19:44:34.808161+00:00,UTC
hn_30788364,Hacker News,public_story,2022-03-24 11:18:37+00:00,2022-03-24,Complaints mount after GitHub launches new algorithmic feed,Complaints mount after GitHub launches new algorithmic feed,https://news.ycombinator.com/item?id=30788364,croes,172.0,150.0,172.0,feed algorithm,Conservative keyword/context screen: recommendation/ranking/feed plus change/platform context.,30788364,,2026-09-21T19:44:34.808161+00:00,UTC
hn_30815746,Hacker News,public_comment,2022-03-26 21:59:50+00:00,2022-03-26,"I like the idea, but I don’t find the content interesting or engaging. YouTube gives me decent recommendations for regular content, but all the short videos seem to be TikTokers and immature young adults doing unfunny things to get attention. It feels like the topics I’m interested in either have little or no short form content, or otherwise, YT’s data colllection, recommendation, and ranking is completely separate from their regular content, and none of my years of browsing and consumption history is used as a signal for my content personalization. And my regular topics aren’t that niche; astronomy, music, math, tech Every other short video is some low effort “did you know in Marvels Avengers..” with some junk trivia fact or some teenager or 20 something year old staging some cringy antic or shaking their bottom or chest. Pure trash content.",Ask HN: YouTube – what do you think of the “shorts” feature?,https://news.ycombinator.com/item?id=30815746,ozzythecat,,,,recommendation ranking,Conservative keyword/context screen: recommendation/ranking/feed plus change/platform context.,30812054,,2026-09-21T19:44:34.808161+00:00,UTC
hn_30838235,Hacker News,public_comment,2022-03-29 02:58:25+00:00,2022-03-29,"I have similar thoughts... Not long after twitter started showing me algorithmic recommendations, it decided to show me some comments that were so vile I couldn't help but call them out. The person responded by asking ""Who are you and what are you doing in my replies?"". Which was a valid question. Why was I there? I didn't want to be talking to that person. Why did I even see that content? Was I rewarding the algorithm's choice by responding? Gross. Is that the new normal for twitter? Do I have to wade through enraging AI content as payment for following the creators I love? No. If thats the trade, its a bad trade to make. I deleted twitter and I haven't looked back. There's some fantastic creators on twitter doing cool things. But there's too many interesting ways I could be spending my time to waste time dealing with that .","Block a tweet, its author, and every single person who liked it",https://news.ycombinator.com/item?id=30838235,josephg,,,,Twitter recommendation algorithm,Conservative keyword/context screen: recommendation/ranking/feed plus change/platform context.,30836879,https://megablock.xyz/,2026-09-21T19:44:34.808161+00:00,UTC
hn_30864775,Hacker News,public_comment,2022-03-31 07:36:33+00:00,2022-03-31,"If you look at the facebook newsfeed algorithm—a technology widely regarded as evil—then it can be considered a form of automated AI-based blocking. While the mechanism to create an echo chamber of only things you agree with is different, it achieves that same end result. I think everyone should have the right to block whomever they want, and utilize whatever tools that make it easy for them to do so. However, just like with a gun, you can easily shoot yourself in the foot with this. Twitter here would be like the gun manufacturer, except instead of guns, they are making user features that make it easy for people to shoot themselves in the foot. If I were the one making the tool, I would feel morally responsible for providing such an evil tool. Because at the end of the day Twitter is like Youtube which is like TikTok which is like Fox News. They show their respective users exactly what they want to see and it increases their bottom line, even if there are negative long term repercussions to society or to the users. My goal would be to carefully design a product that engages people with their peers, even when it's unpleasant, while moderating away true harassment in a separate fashion. While easier said than done, I do not believe the tools designed to remove spam or harassment should be the same tools to silence dissenting voices. My main contention is not that people should not be able to block spammers and harassment, but that such an easy and indiscriminate application of some tool like this has long term negative repercussions for society, as well as one person's mental health and development. Hacker News used to have downvotes for posts. They removed that after some discussions around it here, and I applaud that. I think having a flagging feature to indicate spam and up-vote only is a good implementation. Unpopular ideas at best disappear (to be resubmitted again), but they cannot be actively buried like they used to be. How do you think cults, or regimes like North Korea, work? They block out outside influences.","Block a tweet, its author, and every single person who liked it",https://news.ycombinator.com/item?id=30864775,chrischen,,,,Facebook news feed algorithm,Conservative keyword/context screen: recommendation/ranking/feed plus change/platform context.,30836879,https://megablock.xyz/,2026-09-21T19:44:34.808161+00:00,UTC
hn_31050486,Hacker News,public_comment,2022-04-16 07:47:05+00:00,2022-04-16,"Like many liberty principles, free speech is a lot more complicated to implement as a ruleset than most proponents like to admit. Think of democracy. The people rule, right? In practice, it's an endless field of possibilities. You can't really take the democracy principle from one field (eg government/parliament) and just apply it to another, say a democratic company, union or whatnot. You will need to create a different institution embodying ""democracy"" and it may not be similar at all. Same goes for free speech. The Free Speech of constitutions and human rights laws just distinguishes between crimes and not crimes. That is fine for determining who goes to jail or not. It is not applicable for determining how YouTube's recommendation algorithm works, what monetisation rules are, and how comments are moderated. It's fine to adopt free speech as a principle, ideal even. It is foolish and naive to think this is trivial to derive an actual ruleset from principle alone. Imo, it's disingenuous at this point to say you're ""doing free speech,"" and treating this as a meaningful statement. There is nothing that's derivative of this statement. For all the idealistic calls for free speech, I've heard almost no one forward an actual model for free speech that could be applied twitter or some other site. What about HN. Some things are off topic. There are taboos like middlebrow dismissals. There are bans and shadow bans. Is this a free speech platform? This stuff is complicated. Simple to criticize, but free speech proponents don't even know what exactly they (we) are asking for.",My take on Elon's offer for Twitter,https://news.ycombinator.com/item?id=31050486,dalbasal,,,,YouTube recommendation algorithm,Conservative keyword/context screen: recommendation/ranking/feed plus change/platform context.,31044693,https://twitter.com/yishan/status/1514938507407421440,2026-09-21T19:44:34.808161+00:00,UTC
hn_31052884,Hacker News,public_comment,2022-04-16 15:07:38+00:00,2022-04-16,"I think this is a great idea, and it shouldn't be limited to Twitter. Youtube recommendation algorithms should be handled similarly, indeed any public-facing system needs to be honest about the kind of spin they're putting on their recommendatiuon algorithms. Even better, allow the users to spin the dials when it comes down to their own particular searches/results. > “One of the things I believe Twitter should do is open source the algorithm and make any changes to people’s tweets — you know, if they’re emphasized or de-emphasized — that action should be made apparent so anyone can see that action’s been taken. So there’s no sort of behind-the-scenes manipulation either algorithmically or manually.” Musk also added later, “The code should be on GitHub so people can look through it.”"" (CNBC interview)",Twitter Should Open Up the Algorithm,https://news.ycombinator.com/item?id=31052884,photochemsyn,,,,Twitter recommendation algorithm,Conservative keyword/context screen: recommendation/ranking/feed plus change/platform context.,31051925,https://every.to/divinations/elon-is-right-twitter-should-open-up-the-algorithm,2026-09-21T19:44:34.808161+00:00,UTC
hn_31053276,Hacker News,public_comment,2022-04-16 15:51:33+00:00,2022-04-16,Right. It’s a bit worrisome that people (even people in this very thread) know nothing about how recommendation and ranking work but think they know everything. “Release the code” is nonsensical.,Twitter Should Open Up the Algorithm,https://news.ycombinator.com/item?id=31053276,cycrutchfield,,,,recommendation ranking,Conservative keyword/context screen: recommendation/ranking/feed plus change/platform context.,31051925,https://every.to/divinations/elon-is-right-twitter-should-open-up-the-algorithm,2026-09-21T19:44:34.808161+00:00,UTC
hn_31154504,Hacker News,public_comment,2022-04-25 13:41:25+00:00,2022-04-25,"I'd argue the most important of the changes Musk has suggested are transparency around the recommendation and ranking algorithms and the datasets used to train them, and increasing the character count of posts up to 512-1024 characters. There's a lot of mystery about how these algorithms are designed, trained and used in practice - and not just at Twitter - and having all that open-sourced would in itself be a huge benefit to the whole world. A whole lot of authoritarian outfits are trying to use these algorithms as a means of social control and popular opinion manipulation - and not just in places like Russia and China - and it's reached the point where understanding how such systems are used is kind of critical to preserving the future of non-authoritarian society. As far as long-form Twitter, at the very least doubling the character count would allow for a lot more nuance in Twitter communication, which is defintely lacking at present. And no, multiple posts in threads don't really work for that purpose because of the way those individual posts are distributed elsewhere, without context.",Twitter set to accept Musk's $43B offer – sources,https://news.ycombinator.com/item?id=31154504,photochemsyn,,,,recommendation ranking,Conservative keyword/context screen: recommendation/ranking/feed plus change/platform context.,31153277,https://www.reuters.com/technology/exclusive-twitter-set-accept-musks-best-final-offer-sources-2022-04-25/,2026-09-21T19:44:34.808161+00:00,UTC
hn_31154947,Hacker News,public_comment,2022-04-25 14:05:57+00:00,2022-04-25,"Any machine learning experts out there willing to weigh in on what they expect to see if Musk does open-source the algorithms used in Twitter's individualized recommendation and overall top-ranking systems? What kind of datasets are used to train these machine-learning models? What's their technology stack like anyway? Personally I've always had a low opinion of Twitter and have never used it or even looked at it, except by accident when a tweet gets memed somewhere. More often than not my response to reading some 'tweet' is ""I am now stupider for having read this."" I also loathe the typical recommendation algorithms (Netflix in particular), which assume that you only want to see more the same. Has anyone ever considered that at least some people still like to see things outside their little bubbles, some novel content, something new, creative, interesting? Those algorithms are reinforcing siloing - here, get in this little box, here's what you and your fellow box-mates like, here's some more of that box content, here's what to think and believe... Really, the knobs and dials on these recommendation algorithms need to be directly exposed to the userbase, and the overall ranking algorithm and the datasets used to train it need to be open-sourced.",Twitter set to accept Musk's $43B offer – sources,https://news.ycombinator.com/item?id=31154947,photochemsyn,,,,Twitter recommendation algorithm,Conservative keyword/context screen: recommendation/ranking/feed plus change/platform context.,31153277,https://www.reuters.com/technology/exclusive-twitter-set-accept-musks-best-final-offer-sources-2022-04-25/,2026-09-21T19:44:34.808161+00:00,UTC
hn_31161278,Hacker News,public_comment,2022-04-25 21:59:48+00:00,2022-04-25,"The point is not to recreate it or explain it, or to have a way to say ""tweet X will get rank Y"" but to open source what there is. It doesn't matter if no single person can explain it, it'll still be open source and readable and the types of inputs will be known. But this doesn't look like a discussion on open source and more about politics at this point. I for one haven't worked at FAANG and think it'll be super interesting to read this code, I can't believe software engineers are complaining about a potentially super complex bleeding edge codebase for timeline recommendations / ranking being open sourced. This is going to be great reading material if it ever gets published!",twitter/the-algorithm,https://news.ycombinator.com/item?id=31161278,vasco,,,,recommendation ranking,Conservative keyword/context screen: recommendation/ranking/feed plus change/platform context.,31160546,https://github.com/twitter/the-algorithm,2026-09-21T19:44:34.808161+00:00,UTC
hn_31238075,Hacker News,public_comment,2022-05-02 17:25:38+00:00,2022-05-02,"Fennel.ai ( https://fennel.ai/ ) | Frontend, backend, full-stack, ML engineers, ML Infra engineers | Would prefer Bay Area but open to remote | Full-time We, at Fennel AI, are an ex-Facebook/Google team that’s on a mission to enable all the companies in the world to harness the technology of recommendations/ranking through real time ML and help them build delightful products for their customers. Please reach out to us at careers@fennel.ai if you’d like to learn more.",Ask HN: Who is hiring? (May 2022),https://news.ycombinator.com/item?id=31238075,adityanambiar,,,,recommendation ranking,Conservative keyword/context screen: recommendation/ranking/feed plus change/platform context.,31235968,,2026-09-21T19:44:34.808161+00:00,UTC
hn_31249337,Hacker News,public_story,2022-05-03 15:15:00+00:00,2022-05-03,What Facebook Papers Say About the Ranking Algorithms That Control News Feed,What Facebook Papers Say About the Ranking Algorithms That Control News Feed,https://news.ycombinator.com/item?id=31249337,r721,3.0,0.0,3.0,Facebook news feed algorithm,Conservative keyword/context screen: recommendation/ranking/feed plus change/platform context.,31249337,,2026-09-21T19:44:34.808161+00:00,UTC
hn_31279278,Hacker News,public_comment,2022-05-05 22:54:06+00:00,2022-05-05,"That just sets the privacy level for the post, selecting if an individual is allowed to see a specific post. What the parent commenter is talking about is whether the Facebook newsfeed algorithm will even show that post to the people allowed to see it in the first place. Or will Facebook just hide that post from your friends in favor of ads, clickbait, etc. on their feeds.",Facebook’s Retirement Plan,https://news.ycombinator.com/item?id=31279278,bmarquez,,,,Facebook news feed algorithm,Conservative keyword/context screen: recommendation/ranking/feed plus change/platform context.,31271885,https://www.economist.com/business/facebooks-retirement-plan/21809131,2026-09-21T19:44:34.808161+00:00,UTC
hn_31318298,Hacker News,public_comment,2022-05-09 19:00:05+00:00,2022-05-09,"Again, it's a big stretch to think your single subscription gives money to each channel you happen to watch videos from. I don't have any illusions/trust that even ad revenue is split to every single channel I see ads on. But more importantly, yeah I absolutely feel that I have to curate the channels I follow to as small as possible and as explicit a set as possible and cannot trust YouTube enough to just broadly browse randomly. I don't trust YouTube's recommendations algorithm at all (and have had many problems with it over the years), disable YouTube's Autoplay ""feature"" in almost every way that I possibly can, and generally try to use other streaming services as much as possible and curated media outside of YouTube to guide my discovery of the few channels that I do watch on YouTube. (The recommendations algorithm adds its own distrust to my relationship with YouTube. It's certainly not as bad as the dark patterns: dark patterns imply an intent to deceive. The recommendations algorithm suffers from the exact opposite: there's no intent there, just a intentless/mindless casino with bad odds and worse incentives.)",Dark pattern: how YouTube makes sure you don’t always “skip ad”,https://news.ycombinator.com/item?id=31318298,WorldMaker,,,,YouTube recommendation algorithm,Conservative keyword/context screen: recommendation/ranking/feed plus change/platform context.,31314120,https://blog.prototypr.io/dark-pattern-how-youtube-makes-sure-you-dont-always-skip-ad-e6ab2117e3b5?gi=b69a2bb0a65b,2026-09-21T19:44:34.808161+00:00,UTC
hn_31325576,Hacker News,public_comment,2022-05-10 10:55:24+00:00,2022-05-10,"I've only noticed the difference for a very specific set of technical help videos: how to open an X, how to fix a Y, how to pronounce Z. Now I just have to check the comments. The YouTube recommendation algorithm also broke globally about 3 weeks ago. Most people have not noticed it yet, but I haven't asked a single person about it who has said that their recommendations are normal. They've suddenly been full of crappy compilations, conspiracy theory videos, and weird clickbait. Please comment if your YouTube recommendations did not go nuts around 3 weeks ago because I'd love to see whether or not this is a worldwide thing.",No Dislikes has officially ruined YouTube for me,https://news.ycombinator.com/item?id=31325576,bowsamic,,,,YouTube recommendation algorithm,Conservative keyword/context screen: recommendation/ranking/feed plus change/platform context.,31324917,,2026-09-21T19:44:34.808161+00:00,UTC
hn_31346451,Hacker News,public_story,2022-05-11 22:03:10+00:00,2022-05-11,Ask HN: What is happening with YouTube's recommendation algorithm?,Ask HN: What is happening with YouTube's recommendation algorithm?,https://news.ycombinator.com/item?id=31346451,thenaturalist,13.0,13.0,13.0,YouTube recommendation algorithm,Conservative keyword/context screen: recommendation/ranking/feed plus change/platform context.,31346451,,2026-09-21T19:44:34.808161+00:00,UTC
hn_31387551,Hacker News,public_comment,2022-05-15 13:50:38+00:00,2022-05-15,"There's many people saying that other platforms cannot be trained or at least they don't notice it. Well, that's the point. For you to not notice. You can see this firsthand by not following/subscribing/etc to anyone on these platforms and seeing the algorithm train and change as you slowly consume content. At a certain point, you will even have your default feed settings changed as if you were following a modest amount of people. Many platforms hide these feed settings by default so that you consume without realizing it. Some notable examples of this are Facebook, Twitter, Instagram, and YouTube. You won't even notice you're being manipulated until you check your settings again. Ever wonder why certain things like stories, shorts, or reels all of a sudden are being shown from people you don't care about? Well, now ya know. The one thing I believe is ""uplifting"" about TikTok is that the power is being shifted to the individual creator rather than the big six media conglomerates. Instead of a couple hundred channels, there's thousands. But the problem with that is there is an infinite amount of content to be entertained with. America is already a big shopping mall with everyone holding out their credit cards. This makes more of these channels advertise even more shit we don't need in our lives with the impression that it's personal or everyday when the creator simply needs to survive and put food on the table too.",I Trained My TikTok,https://news.ycombinator.com/item?id=31387551,thenerdhead,,,,Instagram algorithm change,Conservative keyword/context screen: recommendation/ranking/feed plus change/platform context.,31360955,https://metastable.org/2022/05/how-I-trained-my-tiktok.html,2026-09-21T19:44:34.808161+00:00,UTC
hn_31389206,Hacker News,public_comment,2022-05-15 17:31:08+00:00,2022-05-15,"Youtube: we see that you've accidentally clicked on one outrage video game video. Here's two weeks of your feed being flooded with Jordan Peterson dogshit and misogynist gamers Youtube's recommendation algorithm is absolutely terrible. EDIT: Also, Tiktok allows videos of up to ten minutes now, and still works well with that length.",I Trained My TikTok,https://news.ycombinator.com/item?id=31389206,ohgodplsno,,,,YouTube recommendation algorithm,Conservative keyword/context screen: recommendation/ranking/feed plus change/platform context.,31360955,https://metastable.org/2022/05/how-I-trained-my-tiktok.html,2026-09-21T19:44:34.808161+00:00,UTC
hn_31390804,Hacker News,public_comment,2022-05-15 20:30:55+00:00,2022-05-15,"Youtube is very trainable. You have to curate your watch history more than click ""don't recommend"", though. If your recommendations are currently absolute trash it might even be best to clear your watch history altogether and start from scratch. But FWIW... it's absolutely worth it. The YouTube recommendation algorithm, when trained, works REALLY well and is a gold mine of useful content.",I Trained My TikTok,https://news.ycombinator.com/item?id=31390804,scrollaway,,,,YouTube recommendation algorithm,Conservative keyword/context screen: recommendation/ranking/feed plus change/platform context.,31360955,https://metastable.org/2022/05/how-I-trained-my-tiktok.html,2026-09-21T19:44:34.808161+00:00,UTC
hn_31430738,Hacker News,public_story,2022-05-19 04:22:51+00:00,2022-05-19,"Recommendation Algorithms of YouTube, Twitter, Uber, TikTok, Airbnb, Netflix","Recommendation Algorithms of YouTube, Twitter, Uber, TikTok, Airbnb, Netflix",https://news.ycombinator.com/item?id=31430738,ArdelleF,2.0,0.0,2.0,Twitter recommendation algorithm,Conservative keyword/context screen: recommendation/ranking/feed plus change/platform context.,31430738,,2026-09-21T19:44:34.808161+00:00,UTC
hn_31436438,Hacker News,public_comment,2022-05-19 16:05:30+00:00,2022-05-19,"I'm curious to know whether OP has experienced full on addiction to substances, gambling or sex. Because what he's describing does not seem to be any of those things, more about complaints that Youtube's recommendation algorithm is causing him to stay on that platform for hours. I don't know what other ""pleasures' he is alluding to but I could infer here and say OP is male and he is probably referring to internet pornography. All of these things could very well be what you end up doing but its really up to the individual to make the choices and change. You can't really do this reading an article like this nor can you find any solace by identifying others with your problem because it quickly becomes Wounded Club. Instead of growing wiser, you stay wounded, thinking there is something wrong with you and you just end up like OP, watching youtube for hours on end, reading hackernews/reddit comments. If this is something you like to change then you need to take action. Without action all the advice in the world will do you squat. Unfortunately, as of late, its become fashionable and quite profitable to humblebrag about non-issues. Do you really think that if OP's behavior is possible if their life depended on it? I think not. One is too lazy to make a change then who's at fault? You can throw whatever 4 letter medical term and write entire books on it. It won't matter. If it is to be then its up to me.",I'm an addict,https://news.ycombinator.com/item?id=31436438,upupandup,,,,YouTube recommendation algorithm,Conservative keyword/context screen: recommendation/ranking/feed plus change/platform context.,31426683,https://tarunreddy.bearblog.dev/addict/,2026-09-21T19:44:34.808161+00:00,UTC
hn_31486610,Hacker News,public_story,2022-05-24 00:34:12+00:00,2022-05-24,What Facebook Papers Say About the Ranking Algorithms That Control News Feed,What Facebook Papers Say About the Ranking Algorithms That Control News Feed,https://news.ycombinator.com/item?id=31486610,r721,5.0,0.0,5.0,Facebook news feed algorithm,Conservative keyword/context screen: recommendation/ranking/feed plus change/platform context.,31486610,,2026-09-21T19:44:34.808161+00:00,UTC
hn_31612484,Hacker News,public_comment,2022-06-03 19:17:42+00:00,2022-06-03,i think gp was referencing the hypocrisy in Musk’s demands to open source Twitter’s recommendation algorithm,Tesla’s ‘phantom braking’ problem is getting worse,https://news.ycombinator.com/item?id=31612484,malsanton,,,,Twitter recommendation algorithm,Conservative keyword/context screen: recommendation/ranking/feed plus change/platform context.,31610950,https://www.theverge.com/2022/6/3/23153241/tesla-phantom-braking-nhtsa-complaints-investigation,2026-09-21T19:44:34.808161+00:00,UTC
hn_31617343,Hacker News,public_story,2022-06-04 05:39:41+00:00,2022-06-04,What Facebook Papers Say About the Ranking Algorithms That Control News Feed,What Facebook Papers Say About the Ranking Algorithms That Control News Feed,https://news.ycombinator.com/item?id=31617343,r721,1.0,0.0,1.0,Facebook news feed algorithm,Conservative keyword/context screen: recommendation/ranking/feed plus change/platform context.,31617343,,2026-09-21T19:44:34.808161+00:00,UTC
hn_31948454,Hacker News,public_comment,2022-07-01 16:05:41+00:00,2022-07-01,"> It would be extraordinarily expensive to expect YouTube to have humans moderate everything manually. You could flip this around, however? Why is YouTube promoting videos that no responsible human has reviewed? These videos don't just trip and fall into people's feeds. They're selected by YouTube's recommendation algorithm, presumably targeting maximum engagement. That decision is automated, but it's still an editorial decision -- it's not based on an objective, chosen criterion like ""most recent"" or even ""most viewed."" This isn't how YouTube is currently structured (nor the other social media platforms), but I think it's fair to suggest that if a platform is in the business of picking and choosing winners, it should bear at least a moral responsibility for the content it promotes.","YouTube removes criticism of dangerous fractal wood burning, but leaves up tips",https://news.ycombinator.com/item?id=31948454,Majromax,,,,YouTube recommendation algorithm,Conservative keyword/context screen: recommendation/ranking/feed plus change/platform context.,31945425,https://boingboing.net/2022/07/01/youtube-removes-criticism-of-dangerous-fractal-wood-burning-instructions-but-leaves-up-the-lethal-tips.html,2026-09-21T19:44:34.808161+00:00,UTC
hn_32191773,Hacker News,public_comment,2022-07-22 13:40:51+00:00,2022-07-22,"I am so grateful the FastAI team exists. It wasn't until I discovered their ""Machine Learning for Coders"" course that I really started to grok ML. I was in grad school trying to pivot my career from finance to data science. I didn't come from a computer science / math background and things just weren't clicking for me. I remember feeling angry, embarrassed, dumb, and overall that I wasn't smart enough to learn this stuff -- I was incredibly discouraged and felt that I didn't belong there. I was lucky enough to stumble across one of the course videos on YouTube (thanks recommendation algorithm!), and the rest is history. The amazing thing about these courses is how simple Jeremy (and team) are able to make machine learning. I didn't need to understand python dependency management in order to learn how to train an really good image classifier. Their approach helped me have lots of little wins, gave me confidence, and helped build the motivation to slog through the harder stuff when I needed to. From the bottom of my heart, thank you @jph00. You changed my life immeasurably for the better. I learned that I AM good enough, I AM smart enough, and I CAN do hard things... I just had to find the right way to learn them. Your courses completely changed my perspective on what was possible for me and opened the door to some of my life's greatest passions.",Practical Deep Learning for Coders 2022,https://news.ycombinator.com/item?id=32191773,publicdaniel,,,,YouTube recommendation algorithm,Conservative keyword/context screen: recommendation/ranking/feed plus change/platform context.,32186647,https://www.fast.ai/2022/07/21/dl-coders-22/,2026-09-21T19:44:34.808161+00:00,UTC
hn_32226185,Hacker News,public_comment,2022-07-25 15:53:03+00:00,2022-07-25,"I see your point, and if I understand you correctly, it is evidenced by the success of the Twitter/Tik-Tok/etc. recommendation algorithms. I'm just not sure we need productive thoughts more that productive discussions, given that we will face more collective 'resource allocation problems' over the next decades.",Likely cause of mystery child hepatitis outbreak found,https://news.ycombinator.com/item?id=32226185,Pyramus,,,,Twitter recommendation algorithm,Conservative keyword/context screen: recommendation/ranking/feed plus change/platform context.,32223421,https://www.bbc.co.uk/news/health-61269586,2026-09-21T19:44:34.808161+00:00,UTC
hn_32517788,Hacker News,public_comment,2022-08-19 05:32:23+00:00,2022-08-19,How has Yannic Kilcher not been mentioned yet? https://www.youtube.com/channel/UCZHmQk67mSJgfCCTn7xBfew I discovered him on Two Minute Papers' similar channel list on the alternative YouTube recommendation algorithm I'm helping to develop. Here is Yannic's list of similar channels which includes a number of AI-research focused channels: https://channelgalaxy.com/id%3DUCZHmQk67mSJgfCCTn7xBfew/,Ask HN: Where do you get AI news from?,https://news.ycombinator.com/item?id=32517788,NCC1701DEngage,,,,YouTube recommendation algorithm,Conservative keyword/context screen: recommendation/ranking/feed plus change/platform context.,32508986,,2026-09-21T19:44:34.808161+00:00,UTC
hn_32524204,Hacker News,public_comment,2022-08-19 17:59:54+00:00,2022-08-19,Many creators have noticed that YouTube's recommendation algorithm is heavily skewed to favor videos with monetization enabled. I wouldn't be surprised if Google Search's algorithm was hard coded to favor websites using AdSense.,"More content by people, for people in Search",https://news.ycombinator.com/item?id=32524204,pushkine,,,,YouTube recommendation algorithm,Conservative keyword/context screen: recommendation/ranking/feed plus change/platform context.,32518536,https://blog.google/products/search/more-content-by-people-for-people-in-search/,2026-09-21T19:44:34.808161+00:00,UTC
hn_32575879,Hacker News,public_story,2022-08-24 07:14:49+00:00,2022-08-24,Facebook feed algorithm currently broken,Facebook feed algorithm currently broken,https://news.ycombinator.com/item?id=32575879,BoorishBears,1.0,1.0,1.0,feed algorithm,Conservative keyword/context screen: recommendation/ranking/feed plus change/platform context.,32575879,,2026-09-21T19:44:34.808161+00:00,UTC
hn_32746737,Hacker News,public_comment,2022-09-07 05:33:41+00:00,2022-09-07,I'm not defending Algorithms but manual curation doesn't scale. There's hundreds of content-hours uploaded every minute on YouTube. YouTube would need tens of thousands of coolhunters constantly watching video all day constantly updating recommendation lists. If a user's feed was just a simple chronological list it would just constantly scroll all day. No one would have any time to watch videos as they'd just be scrolling through the list of videos. That's not to say YouTube's recommendation algorithms are good or that everything needs to be an algorithmic feed.,"Before YouTube’s algorithm, there were ‘coolhunters’",https://news.ycombinator.com/item?id=32746737,giantrobot,,,,YouTube recommendation algorithm,Conservative keyword/context screen: recommendation/ranking/feed plus change/platform context.,32733789,https://www.theatlantic.com/technology/archive/2022/09/youtube-homepage-editor-google-algorithm-book-excerpt/671339/,2026-09-21T19:44:34.808161+00:00,UTC
hn_32747105,Hacker News,public_comment,2022-09-07 06:25:12+00:00,2022-09-07,"I have the same experience using Invidious, which just shows videos of all my subscriptions in the order they're posted, without using any of YouTube's recommendation algorithms. If I want to watch a video about a related topic, I'll just search for it. And agree about the logged out view. It's not for me, but clearly has a huge audience.","Before YouTube’s algorithm, there were ‘coolhunters’",https://news.ycombinator.com/item?id=32747105,imiric,,,,YouTube recommendation algorithm,Conservative keyword/context screen: recommendation/ranking/feed plus change/platform context.,32733789,https://www.theatlantic.com/technology/archive/2022/09/youtube-homepage-editor-google-algorithm-book-excerpt/671339/,2026-09-21T19:44:34.808161+00:00,UTC
hn_32775335,Hacker News,public_comment,2022-09-09 04:35:03+00:00,2022-09-09,"The hashtag #IrishTwitter that artificially gets pumped up by Twitter's recommendation algorithm does not equal Irish Twitter, and it certainly does not equal Ireland.",Queen Elizabeth II has died,https://news.ycombinator.com/item?id=32775335,hackerlight,,,,Twitter recommendation algorithm,Conservative keyword/context screen: recommendation/ranking/feed plus change/platform context.,32768834,https://www.bbc.com/news/uk-61585886,2026-09-21T19:44:34.808161+00:00,UTC
hn_32829865,Hacker News,public_comment,2022-09-13 20:34:52+00:00,2022-09-13,"Has anyone kept track of the number of times they shifted the Facebook newsfeed algorithm? At different point in time, the feed prioritized: posts from friends, posts from games from your friends, friends' sharing of links to compete with Twitter, videos to compete with Youtube, moments to compete with Snapchat, comments that friends made, posts from friends again as growth slows down I wonder what percentage of users drift off every time they shifted the algorithm.",FB feed is 98% suggested pages and barely any friends' posts,https://news.ycombinator.com/item?id=32829865,wolpoli,,,,Facebook news feed algorithm,Conservative keyword/context screen: recommendation/ranking/feed plus change/platform context.,32826437,https://old.reddit.com/r/facebook/comments/tvqddc/fb_feed_is_98_suggested_pages_and_barely_any/,2026-09-21T19:44:34.808161+00:00,UTC
hn_32875026,Hacker News,public_comment,2022-09-17 05:29:50+00:00,2022-09-17,"I specifically mentioned Facebook because of how Facebook's news feed algorithm works. It's engagement based, and those algorithms are easy to saturate to specific types of content. Reddit has a fundamentally different approach to front-page content and discovery, and moderation in general. But even on Reddit, which is fairly permissive, they have hard boundaries which have little, if anything, to do with the ""law"".",Facebook bans Holocaust film for violating race policy,https://news.ycombinator.com/item?id=32875026,etchalon,,,,Facebook news feed algorithm,Conservative keyword/context screen: recommendation/ranking/feed plus change/platform context.,32862597,https://www.rollingstone.com/tv-movies/tv-movie-news/facebook-holocaust-film-race-policy-1234592908/,2026-09-21T19:44:34.808161+00:00,UTC
hn_32923011,Hacker News,public_comment,2022-09-21 10:20:03+00:00,2022-09-21,"I never do this because I have no idea what it'll do. If I tell YT I'm not interested in a video will it hide the whole channel from me? Even secretly unsubscribe me as it randomly did multiple times? If I had to describe YouTube's recommendation algorithm I'd say ""undefined behaviour"". It might recommend the same uninteresting video every day, but also hide an interesting, subscribed channel's videos for months even though I liked almost every one of their videos. It might mix videos I already watched once with completely unrelated search results. At this point Google could probably improve their algorithm just by flipping a coin.",YouTube’s ‘dislike’ barely works according to new study on recommendations,https://news.ycombinator.com/item?id=32923011,alpaca128,,,,YouTube recommendation algorithm,Conservative keyword/context screen: recommendation/ranking/feed plus change/platform context.,32917407,https://www.engadget.com/mozilla-youtube-recommendation-study-080006930.html,2026-09-21T19:44:34.808161+00:00,UTC
hn_32936434,Hacker News,public_comment,2022-09-22 09:04:09+00:00,2022-09-22,Coincidentally the YouTube recommendation algorithm showed me an American guy absolutely destroying the pilot by way of comparison to the UK original [1]. Most of the points he made are also being made here. [1] https://youtu.be/PBxy3rKoOOU,The IT Crowd US Pilot (2007) [video],https://news.ycombinator.com/item?id=32936434,richrichardsson,,,,YouTube recommendation algorithm,Conservative keyword/context screen: recommendation/ranking/feed plus change/platform context.,32932438,https://archive.org/details/the-it-crowd-us-pilot,2026-09-21T19:44:34.808161+00:00,UTC
hn_32944160,Hacker News,public_comment,2022-09-22 20:24:22+00:00,2022-09-22,People here recommend like to recommend mCoding. Our alternative YouTube recommendation algorithm can suggest dozens of similar channels to mCoding which also focus on python programming: https://channelgalaxy.com/id%3DUCaiL2GDNpLYH6Wokkk1VNcg/,Ask HN: YouTube channels for being a better Python developer?,https://news.ycombinator.com/item?id=32944160,NCC1701DEngage,,,,YouTube recommendation algorithm,Conservative keyword/context screen: recommendation/ranking/feed plus change/platform context.,32937490,,2026-09-21T19:44:34.808161+00:00,UTC
hn_33362797,Hacker News,public_comment,2022-10-27 19:30:44+00:00,2022-10-27,"a) VR is completely aligned with the mission of the company which is to connect people together. b) Meta has always been chasing their competition. It's why they have overhauled their feed algorithm multiple times, acquired Instagram and WhatsApp, implemented Stories etc. c) They are hardly flailing around. Apple has shown them how sensitive and vulnerable their business is to privacy changes. And that if they can own the whole stack and be the Apple of potentially the next computing paradigm then that is a goal worth betting the company on.",Diem – Facebook open source Cryptocurrency written in Rust,https://news.ycombinator.com/item?id=33362797,threeseed,,,,Instagram algorithm change,Conservative keyword/context screen: recommendation/ranking/feed plus change/platform context.,33357926,https://github.com/diem/diem,2026-09-21T19:44:34.808161+00:00,UTC
hn_33365796,Hacker News,public_story,2022-10-28 00:08:38+00:00,2022-10-28,GitHub completely replaces “following activity” with algorithmic feed,GitHub completely replaces “following activity” with algorithmic feed,https://news.ycombinator.com/item?id=33365796,transitivebs,1.0,2.0,1.0,feed algorithm,Conservative keyword/context screen: recommendation/ranking/feed plus change/platform context.,33365796,,2026-09-21T19:44:34.808161+00:00,UTC
hn_33398330,Hacker News,public_comment,2022-10-30 20:30:52+00:00,2022-10-30,"> Doesn't this prove the value to users of a centralized platform over a federated platform? Not at all. These types of centralized platforms won because they raised capital to grow fast and meet market needs before anything else. Email is still king, but if it were to be designed today, it would have been designed as some proprietary centralized system. Distributed systems are hard. In any case, I don't think federation goes far enough to save us from the problems we're seeing. I want a peer-to-peer social feed / social news app that doesn't depend on federation or servers at all. Takedowns (DeCSS), takeovers (Twitter, FreeNode), shutdowns (Google+, Orkut, Digg, mastodon.technology), censorship (everywhere; should be an individual choice), maintainer-imposed spying (Apple CSAM), and maintainer-imposed changes or limits (Digg, modern Reddit, Twitter API) seem an order of magnitude harder to pull off if we have full control at the protocol and node level. Federation would be nice for anonymity and aggregation of interest graph metadata, but at the core we should just have a swarm of content to sample and consume. It's fine if the content is naturally ephemeral as a consequence. We can use a constellation of opt-in 3rd party distributed (federated) services to provide durability, ranking, recommendation, filtering, etc. where desired. Bittorrent, but for Twitter/Reddit/HN.",Find your Twitter friends on Mastodon,https://news.ycombinator.com/item?id=33398330,echelon,,,,recommendation ranking,Conservative keyword/context screen: recommendation/ranking/feed plus change/platform context.,33397677,https://twitodon.com/,2026-09-21T19:44:34.808161+00:00,UTC
hn_33442498,Hacker News,public_comment,2022-11-02 20:27:58+00:00,2022-11-02,"They’d first need to create a meta curator that will help you find a curator that is at least somewhat aligned with your taste. The only things that are working for me are Apple music and YouTube recommendations, both algorithmic (but also both with very low downside of recommending bad content due to short length in general)",Rise of generative AI will be comparable to the rise of CGI in the early 90s,https://news.ycombinator.com/item?id=33442498,yoz-y,,,,YouTube recommendation algorithm,Conservative keyword/context screen: recommendation/ranking/feed plus change/platform context.,33429608,https://sarharibhakti.substack.com/p/rise-of-generative-ai-will-be-comparable,2026-09-21T19:44:34.808161+00:00,UTC
hn_33770239,Hacker News,public_comment,2022-11-28 05:54:49+00:00,2022-11-28,"It's funny. Roll back the time to about 2-3 years ago, YouTube's recommendation algorithm was terribly good. It's the only reason I still kept my YouTube account but every time I visit YT I feel less of a need to keep the account now.",FreeTube – A Private YouTube Client,https://news.ycombinator.com/item?id=33770239,Operative0198,,,,YouTube recommendation algorithm,Conservative keyword/context screen: recommendation/ranking/feed plus change/platform context.,33766192,https://freetubeapp.io/,2026-09-21T19:44:34.808161+00:00,UTC
hn_34077334,Hacker News,public_comment,2022-12-21 06:22:16+00:00,2022-12-21,"I agree most recommendation engines simply suck. (I can't imagine how they spent millions hiring Machine Learning PhDs and end up with that crap) That said, youtube recommendation algorithms are usually sane. I suspect the depth and breadth of available videos (which are actually potentially interesting) helps, whereas for ads, the platform's primary goal is to shove unwanted stuff down viewer's throats, and if 99.9% of the people don't actually want to see the ads, they still need to pick the ones ""most likely"" wanting to see them, even if that probability is like 1%.",Show HN: Death by AI,https://news.ycombinator.com/item?id=34077334,hnfong,,,,YouTube recommendation algorithm,Conservative keyword/context screen: recommendation/ranking/feed plus change/platform context.,34068942,https://deathbyai.com,2026-09-21T19:44:34.808161+00:00,UTC
hn_34083080,Hacker News,public_comment,2022-12-21 16:51:09+00:00,2022-12-21,You're describing the advantage and disadvantage of the YouTube recommendation algorithm. It's really effective at recommending videos I'd be interested in/would click on. However it's so good that it'll easily burn hours of my time I'd otherwise spend doing something more fulfilling.,Ask HN: Programs that saved you 100 hours? (2022 edition),https://news.ycombinator.com/item?id=34083080,KiranRao0,,,,YouTube recommendation algorithm,Conservative keyword/context screen: recommendation/ranking/feed plus change/platform context.,34069106,,2026-09-21T19:44:34.808161+00:00,UTC
hn_34149916,Hacker News,public_comment,2022-12-27 16:13:56+00:00,2022-12-27,"I feel like people can only get attention for something if they express how disturbed by it they are. If this is creepy how creepy is a search engine? You can find the websites of ""democracy advocates in Hong Kong, Putin-critics in Russia, gay people in Uganda"" using any search engine. People put stuff on the web because they want it to be found. It reminds me of the hand-wringing about the youtube recommendation algorithm. Billions of people discover amazing stuff is not a story, a few people discover disturbing stuff is.",Creepy Website Similarity,https://news.ycombinator.com/item?id=34149916,amadeuspagel,,,,YouTube recommendation algorithm,Conservative keyword/context screen: recommendation/ranking/feed plus change/platform context.,34143101,https://memex.marginalia.nu/log/69-creepy-website-similarity.gmi,2026-09-21T19:44:34.808161+00:00,UTC
hn_34301988,Hacker News,public_story,2023-01-08 19:04:37+00:00,2023-01-08,How TikTok Real Time Recommendation algorithm scales to billions?,How TikTok Real Time Recommendation algorithm scales to billions?,https://news.ycombinator.com/item?id=34301988,ludoro,1.0,0.0,1.0,recommendation algorithm,Conservative keyword/context screen: recommendation/ranking/feed plus change/platform context.,34301988,,2026-09-21T19:44:34.808161+00:00,UTC
hn_34391778,Hacker News,public_comment,2023-01-15 18:38:08+00:00,2023-01-15,"I have to double down on this. Switching over my content consumption over to RSS has been proven to be beneficial. Every once in a while, I'll log in to the webapp to discover some new content creator (YouTube recommendation algorithm, despite all its flaws, is quite good). But more importantly, now I can spend days without feeling the urge to go on a YouTube rabbit hole, I can watch a video without the UI constantly pushing me to watch more.",YouTube Addiction,https://news.ycombinator.com/item?id=34391778,RMPR,,,,YouTube recommendation algorithm,Conservative keyword/context screen: recommendation/ranking/feed plus change/platform context.,34378460,https://www.jntrnr.com/youtube-addiction/,2026-09-21T19:44:34.808161+00:00,UTC
hn_34463025,Hacker News,public_comment,2023-01-21 02:02:31+00:00,2023-01-21,"The funniest I've ever had was an audiobook of Mein Kampf appearing as my top recommendation. I think I've spoke about this here previously, but I do feel YouTube radicalised me in my early 20s. In my case though it was from the left, not the right, and ack then there was no real recommendation algorithm. There was trending videos and subscriptions, but if I remember correctly the only recommended stuff was basically just related content next to videos. Personally I don't know if the current recommendation algorithm is any worse than the subscription feed. I think we humans might actually just be drawn to more extreme or ""pure"" versions of our own beliefs. At least I feel this is true for myself as it's something I have to actively fight all the time. A good example of people being drawn to more extreme versions of their own beliefs is TV news. People who watch CNN don't watch Fox News and people who watch Fox News don't watch CNN. This self-selection of media content serves to amplify political division and radicalise people because most people will only watch and read what they already agree with when they have to pick the content. So I think there's an argument to be made here that while not perfect the YouTube recommendation algorithm might actually be better than the old way of consuming content by personal selection. And I guess the fact you were recommended something you so strongly disagree with that you wrote this post you're kind of proving what I've been thinking. This recommendation clearly didn't serve to radicalise you, but for better or worse it might have helped you understand what people you wouldn't normally interactive with actually think on some subject matter. And sometimes you had the perspective, but I find I often that's not the case. So yeah, while YouTube sometimes recommends me crazy stuff, I no longer have a list of 50 far-left videos waiting for me when I open the site. And while I find what I'm recommended is still biased to my personal preferences, it's less biased then myself.","Dear YouTube AI, I Am Not a Nazi",https://news.ycombinator.com/item?id=34463025,kypro,,,,YouTube recommendation algorithm,Conservative keyword/context screen: recommendation/ranking/feed plus change/platform context.,34452863,,2026-09-21T19:44:34.808161+00:00,UTC
hn_34527054,Hacker News,public_comment,2023-01-26 02:31:08+00:00,2023-01-26,"Even granting all those things (which I think are pretty unrealistic), there are a couple issues: 1. An uncensored onion-based video sharing network would very quickly become filled with the kind of content that gets the FBI knocking on your door 2. Much smaller issue, but I actually really like Youtube's recommendation algorithm. It's how I find a lot of the content I watch. A platform without that wouldn't be as enjoyable to me.",Ask HN: Would you watch a P2P YouTube replacement?,https://news.ycombinator.com/item?id=34527054,drngdds,,,,YouTube recommendation algorithm,Conservative keyword/context screen: recommendation/ranking/feed plus change/platform context.,34520074,,2026-09-21T19:44:34.808161+00:00,UTC
hn_34639255,Hacker News,public_comment,2023-02-03 09:54:01+00:00,2023-02-03,"As a parent, screen time vs no screen time is a fine line that we have to continually renegotiate. Screens can be great, there is so much good information out there that can enrich our lives. I wouldn't go the ""no screens ever"" route because that's just being a luddite, robbing them of the change to experience, and acquire expertise in, the digital world that they will be interacting with for the rest of their lives. However, I am not letting my kid roam the internet, there be dragons. In particular YouTube's recommendation algorithm, even in their YouTube kids app, seems to default to serving up horrible brain melting crap instead of anything pedagogical. I am against kids content that is designed solely to entrance and keep them sitting still, it's the equivalent of digital candy floss. For example, the whole ""surprise egg"" trend, which basically is a video version of the lootbox / Deal Or No Deal, mechanic, is some of the most popular and recommended videos to children on youtube. https://www.youtube.com/results?sp=mAEB&search_query=surpris... All three of the frist vids we were served by YouTube kids were surprise egg videos. Hard uninstall. Curating content and setting limits on screen time is your job as a parent in this era. We cannot outsource this responsibility to companies and AIs because there is simply no way an algorithm find the stuff that is just right for your child.",YouTube has become the world's nanny,https://news.ycombinator.com/item?id=34639255,HlessClaudesman,,,,YouTube recommendation algorithm,Conservative keyword/context screen: recommendation/ranking/feed plus change/platform context.,34598851,https://qz.com/youtube-has-become-the-worlds-nanny-1850047610,2026-09-21T19:44:34.808161+00:00,UTC
hn_34639601,Hacker News,public_comment,2023-02-03 10:52:24+00:00,2023-02-03,"The actual findings, as reported in the very link you post: > ""We found that YouTube's recommendation algorithm does not lead the vast majority of users down extremist rabbit holes, although it does push users into increasingly narrow ideological ranges of content in what we might call evidence of a (very) mild ideological echo chamber,"" the academics disclosed in a report for the Brookings Institution. > ""We also find that, on average, the YouTube recommendation algorithm pulls users slightly to the right of the political spectrum, which we believe is a novel finding."" So, about as close to being an ""indoctrination engine for white nationalism"" as a librarian that recommends books you like. And I am saying this as someone who reads Jacobin and watches any interview with Chomsky I can find.",YouTube has become the world's nanny,https://news.ycombinator.com/item?id=34639601,simiones,,,,YouTube recommendation algorithm,Conservative keyword/context screen: recommendation/ranking/feed plus change/platform context.,34598851,https://qz.com/youtube-has-become-the-worlds-nanny-1850047610,2026-09-21T19:44:34.808161+00:00,UTC
hn_34645272,Hacker News,public_comment,2023-02-03 18:07:22+00:00,2023-02-03,"I don’t need to reword the findings to make them support my assertion. Again those findings: “We also find that, *on average*, the YouTube recommendation algorithm pulls users slightly to the right of the political spectrum”. The whole “on average” nullifies the notion that occasionally recommending Young Turks to kids watching Anime once in a while somehow makes up for the fact that they push OANN or Newsmax even harder. That’s like saying I took one step forward so you should ignore the two steps I took backward. Also you are ignoring the implications further down the line. If YouTube pulls neutral to the right, then it likely pushes those already right even further in that direction. Are you familiar with the concept of network effect? > So the indoctrination isn’t obvious? So it’s subtle? That makes it more pernicious, in my eyes. >> No, that is not what the study found “In my eyes” isn’t analogous to “that’s what the study found”, FYI.",YouTube has become the world's nanny,https://news.ycombinator.com/item?id=34645272,kefka_p,,,,YouTube recommendation algorithm,Conservative keyword/context screen: recommendation/ranking/feed plus change/platform context.,34598851,https://qz.com/youtube-has-become-the-worlds-nanny-1850047610,2026-09-21T19:44:34.808161+00:00,UTC
hn_34707961,Hacker News,public_comment,2023-02-08 13:50:15+00:00,2023-02-08,"It's the same principle as most of the content on /r/diwhy. A normal DIY video takes more time and effort than something like this, so you can churn out videos in a rate that gets you prioritized by the YouTube recommendation algorithm. In addition to that, these videos have a better chance of becoming viral, as many people share them to make fun of them, especially children and teenagers. I have been mostly successful in training my YouTube algorithm to not show me these videos, but if I'm logged out it seems like they are a lot more popular than ""genuine"" DIY content. It is of course possible to view these as entertainment, and I don't want to criticize the people who do, but it is rather annoying when you have to wade through a lot of crap just to find some more obscure DIY projects that actually have a chance of working.",DIY solar panel out of used CD/DVD,https://news.ycombinator.com/item?id=34707961,fnordian_slip,,,,YouTube recommendation algorithm,Conservative keyword/context screen: recommendation/ranking/feed plus change/platform context.,34706736,https://www.youtube.com/watch?v=kTLvERQMu1k,2026-09-21T19:44:34.808161+00:00,UTC
hn_34760730,Hacker News,public_story,2023-02-12 07:32:05+00:00,2023-02-12,Twitter recommendation algorithm was using absolute block count,Twitter recommendation algorithm was using absolute block count,https://news.ycombinator.com/item?id=34760730,pr337h4m,7.0,2.0,7.0,Twitter recommendation algorithm,Conservative keyword/context screen: recommendation/ranking/feed plus change/platform context.,34760730,,2026-09-21T19:44:34.808161+00:00,UTC
hn_34771893,Hacker News,public_comment,2023-02-13 10:12:10+00:00,2023-02-13,"Why is it worth the effort? If your company uses gmail, or any other single sign on, its a really good tool for separating work/home digital life. multiple accounts for the same site Facebook/instagram/reddit/youtube is really hard to have separate non-linked logins. Plus its a massive faff logging in and out. assigning accounts to tabs saves time. keeping your youtube recommendations clear Youtube's recommendation algorithm looks at all you are playing and figures out what you should watch next. If you see something music based, then it will hard pivot your recommendations to music. If you have something populist, then expect a fucktonne of clickbait. Have a ""clean"" and ""dirty"" profile really improves the quality of the videos I get shown.",Multi-Account Containers,https://news.ycombinator.com/item?id=34771893,KaiserPro,,,,YouTube recommendation algorithm,Conservative keyword/context screen: recommendation/ranking/feed plus change/platform context.,34766801,https://support.mozilla.org/en-US/kb/containers,2026-09-21T19:44:34.808161+00:00,UTC
hn_34887356,Hacker News,public_story,2023-02-21 21:08:31+00:00,2023-02-21,Twitter to try to open source recommendation algorithm by last week of Feb 2023,Twitter to try to open source recommendation algorithm by last week of Feb 2023,https://news.ycombinator.com/item?id=34887356,aurelius83,11.0,0.0,11.0,Twitter recommendation algorithm,Conservative keyword/context screen: recommendation/ranking/feed plus change/platform context.,34887356,,2026-09-21T19:44:34.808161+00:00,UTC
hn_35203828,Hacker News,public_comment,2023-03-17 22:38:00+00:00,2023-03-17,"I don't think he is doing it strictly because the remaining team can't handle the development. He talked about open sourcing the recommendation algorithm before he even bought Twitter. Back in November 2022 he said: >One of the things that I believe Twitter should do is open-source the algorithm. >Any changes to people's tweets -- if they're emphasized or de-emphasized -- that action should be made apparent ... so there's there's no sort of behind-the-scenes manipulation, either algorithmically or manually.",Twitter will open source all code used to recommend tweets on March 31st,https://news.ycombinator.com/item?id=35203828,_-david-_,,,,Twitter recommendation algorithm,Conservative keyword/context screen: recommendation/ranking/feed plus change/platform context.,35203479,https://twitter.com/elonmusk/status/1636838845894279168,2026-09-21T19:44:34.808161+00:00,UTC
hn_35322537,Hacker News,public_comment,2023-03-27 03:27:19+00:00,2023-03-27,"> I’m not worried about any of that. If healthcare can be more widespread, effective, and affordable that’s a great thing. And if someone wants to beam stuff into their mind that’s not radically different from watching a movie. I mean this in the most respectful way possible, this is missing the forest for the trees. On their own none of these things looks bad. Putting them together, given what we already know about human psychology and how much it's been manipulated with technology, it's scary. Look at all the ""fake news"" commentary around certain American elections. Regardless of your political position, the scale at which that sort of thing was happening should give anyone pause. These tools in their current form already allow for that sort of manipulation on a scale we've never dealt with before. What happens when these tools are 10x or 100x better? What happens to the generation of kids and teens being raised to think all of this is completely fine, without any of the privacy / ethics / etc. concerns? What happens to their kids? I know this sounds like ""but think of the children!!1"" but we've already seen what happens to young kids with things like YouTube: https://www.cnbc.com/2018/02/13/youtube-is-causing-stress-an... (2018) > Mental health experts warn that fear-inducing videos affect brain development in young children. https://www.vox.com/recode/22412232/youtube-kids-autoplay (2021) > But child safety advocates and some members of Congress say there’s a problem with the app and corresponding website: an autoplay feature that keeps one video coming after another with no pause or interruption. When one video ends, another video selected by YouTube Kids’ recommendations algorithm automatically plays. Right now, autoplay is on by default, and there is no way to turn off autoplay, so YouTube Kids will continue to feed children algorithmically curated videos that run indefinitely unless someone happens to show up and intervene. Especially with that second case, a small-enough child won't know that it's bad for them. And as parents resort to these apps more and more, as the tools for generating content at absurd scale get more and more accessible, it starts to not look good. You can argue parental responsibility, but American society -- where a lot of this stuff takes root first -- is built around not making that easy, since so many households have both parents working, sometimes multiple jobs.","When programming is gone, will we like what’s left?",https://news.ycombinator.com/item?id=35322537,notamy,,,,YouTube recommendation algorithm,Conservative keyword/context screen: recommendation/ranking/feed plus change/platform context.,35313578,https://newsletter.goodtechthings.com/p/when-programming-is-gone-will-we,2026-09-21T19:44:34.808161+00:00,UTC
hn_35361935,Hacker News,public_comment,2023-03-29 19:19:20+00:00,2023-03-29,> The concept of an autonomous AGI that generates and filters news stories to provoke humanity into a state of constant division and war is fascinating and worth exploring IMO. You don't have to speculate much. Facebook and Twitter's recommendation algorithms are doing that fairly well already.,What we still don’t know about how A.I. is trained,https://news.ycombinator.com/item?id=35361935,woeirua,,,,Twitter recommendation algorithm,Conservative keyword/context screen: recommendation/ranking/feed plus change/platform context.,35350030,https://www.newyorker.com/news/daily-comment/what-we-still-dont-know-about-how-ai-is-trained,2026-09-21T19:44:34.808161+00:00,UTC
hn_35370912,Hacker News,public_comment,2023-03-30 11:15:31+00:00,2023-03-30,"Buying twitter was never about profiting - at least not the profiting from the company balance sheet. The profit can come elsewhere, by the influence gained from owning and controlling the twitter firehose and recommendation algorithms. In a way, this is Elon buying a newspaper like rich people always did to influence politics, except that he is buying a modern version of a newspaper. Musk bought twitter because it is and was an integral part in social media campaigns for the last few elections. Targeted ads on twitter can reach journalists and politicians, their timelines ""for you"" controlled by Elon's and they might not even understand that they are being nudged by the content shown in the app. Heck, just by unbanning Trump and allowing MFA Russia on the app, he is moving the Overton window a bit. The proof is in the pudding as they say. How many million people now see Elon Musks personal twitter posts, that did not see them before he bought twitter?",The Twitter API is now effectively unmaintained,https://news.ycombinator.com/item?id=35370912,draugadrotten,,,,Twitter recommendation algorithm,Conservative keyword/context screen: recommendation/ranking/feed plus change/platform context.,35370152,https://snarfed.org/the-twitter-api-is-now-effectively-unmaintained,2026-09-21T19:44:34.808161+00:00,UTC
hn_35391433,Hacker News,public_story,2023-03-31 18:42:16+00:00,2023-03-31,Twitter's Recommendation Algorithm,Twitter's Recommendation Algorithm,https://news.ycombinator.com/item?id=35391433,jonknee,1700.0,1185.0,1700.0,Twitter recommendation algorithm,Conservative keyword/context screen: recommendation/ranking/feed plus change/platform context.,35391433,,2026-09-21T19:44:34.808161+00:00,UTC
hn_35391484,Hacker News,public_story,2023-03-31 18:45:14+00:00,2023-03-31,Twitter's Recommendation Algorithm,Twitter's Recommendation Algorithm,https://news.ycombinator.com/item?id=35391484,tric,181.0,2.0,181.0,Twitter recommendation algorithm,Conservative keyword/context screen: recommendation/ranking/feed plus change/platform context.,35391484,,2026-09-21T19:44:34.808161+00:00,UTC
hn_35391715,Hacker News,public_story,2023-03-31 19:00:49+00:00,2023-03-31,Twitter's Recommendation Algorithm,Twitter's Recommendation Algorithm,https://news.ycombinator.com/item?id=35391715,hasheddan,2.0,0.0,2.0,Twitter recommendation algorithm,Conservative keyword/context screen: recommendation/ranking/feed plus change/platform context.,35391715,,2026-09-21T19:44:34.808161+00:00,UTC
hn_35392953,Hacker News,public_comment,2023-03-31 20:16:03+00:00,2023-03-31,"Care to comment on this? [0] Surely Twitter hasn't open sourced and released the recommendation algorithm as you predicted right? Or perhaps when a prediction didn't go according to plan, let us complain about another thing... [0] https://news.ycombinator.com/item?id=35213705",Twitter's Recommendation Algorithm,https://news.ycombinator.com/item?id=35392953,rvz,,,,Twitter recommendation algorithm,Conservative keyword/context screen: recommendation/ranking/feed plus change/platform context.,35391433,https://blog.twitter.com/engineering/en_us/topics/open-source/2023/twitter-recommendation-algorithm,2026-09-21T19:44:34.808161+00:00,UTC
hn_35394275,Hacker News,public_story,2023-03-31 22:02:37+00:00,2023-03-31,"Twitter reveals some of its source code, including its recommendation algorithm","Twitter reveals some of its source code, including its recommendation algorithm",https://news.ycombinator.com/item?id=35394275,rntn,4.0,0.0,4.0,Twitter recommendation algorithm,Conservative keyword/context screen: recommendation/ranking/feed plus change/platform context.,35394275,,2026-09-21T19:44:34.808161+00:00,UTC
hn_35394416,Hacker News,public_comment,2023-03-31 22:13:32+00:00,2023-03-31,"Twitter recommendation algorithm logs if you're a Democrat, Republican or Elon Musk",[dead],https://news.ycombinator.com/item?id=35394416,muragekibicho,,,,Twitter recommendation algorithm,Conservative keyword/context screen: recommendation/ranking/feed plus change/platform context.,35394415,,2026-09-21T19:44:34.808161+00:00,UTC
hn_35404983,Hacker News,public_comment,2023-04-01 22:51:40+00:00,2023-04-01,What changes do you want to see reflected in Twitter's recommendation algorithm?,[dead],https://news.ycombinator.com/item?id=35404983,alexchaomander,,,,Twitter recommendation algorithm,Conservative keyword/context screen: recommendation/ranking/feed plus change/platform context.,35404982,,2026-09-21T19:44:34.808161+00:00,UTC
hn_35442276,Hacker News,public_comment,2023-04-04 16:34:09+00:00,2023-04-04,"Twitter’s current recommendation algorithm “allows attackers to cause a denial of service (reduction of reputation score), by arranging for multiple Twitter accounts to coordinate negative signals regarding a target account, such as unfollowing, muting, blocking, and reporting, as exploited in the wild in March and April 2023.” : https://cve.mitre.org/cgi-bin/cvename.cgi?name=CVE-2023-2921...",Twitter – Algorithm Manipulation via mass blocks,https://news.ycombinator.com/item?id=35442276,Trouble_007,,,,Twitter recommendation algorithm,Conservative keyword/context screen: recommendation/ranking/feed plus change/platform context.,35418199,https://github.com/twitter/the-algorithm/issues/1386,2026-09-21T19:44:34.808161+00:00,UTC
hn_35559996,Hacker News,public_comment,2023-04-13 18:33:26+00:00,2023-04-13,"> 99% algorithms are public already, What? You need to back up that statement, because I do not understand how it's at all true. Or do you somehow have access to Facebook's news feed algorithm, or the Youtube recommendation algorithm?",It's time to reveal all recommendation algorithms – by law if necessary,https://news.ycombinator.com/item?id=35559996,BaseballPhysics,,,,YouTube recommendation algorithm,Conservative keyword/context screen: recommendation/ranking/feed plus change/platform context.,35555799,https://www.theregister.com/2023/04/13/reveal_all_recommendation_algorithms/,2026-09-21T19:44:34.808161+00:00,UTC
hn_35754436,Hacker News,public_comment,2023-04-29 16:31:00+00:00,2023-04-29,"> Can you delineate how these things happen besides saying ""alignment problem""? The alignment problem is not even relevant here. Imagine four possible hypothetical AI: Alex, Brett, Charlie, and Devon. Alex is a fully-aligned ASI. Brett is a not-at-all-aligned ASI. Charlie is a fully-aligned narrow intelligence. Devon is a not-at-all-aligned narrow intelligence. What do these look like in practice? Many options given how vague these descriptions are, but by way of example, here are some stories: Alex knows what humans wants, shares these values, and seeks to maximise them. Do you want to be fit, or do you want to stuff yourself with cake? Whichever is your truth, Alex knows what you really want, and Alex also knows how to nudge you in the right ways to be your best self. The Minds in Iain M Banks' Culture would be this. -- Brett knows exactly what you want, but doesn't care . Like, not at all. Everything that humanity wants is as irrelevant to Brett as the preferences of lions and tigers and bears are to humans. Or possibly ants or potatoes depending on how strong you want to make this example ASI. Point is though, whatever its preferences are, they're smart enough to get it done. An example of Brett is the player-character in Universal Paperclips or the 2008 Flash game Pandemic 2 . Or the Allied Mastercomputer in I Have No Mouth, and I Must Scream . -- Charlie controls all the NPCs in a video game. All the NPCs it controls remain perfectly in-character at all times, and cannot be manipulated into, say, telling the player how to make napalm even if the player insists it's vital to defeat the Demon Lord Simulacrum at the end of the game. People are trying to do this with ChatGPT, but we don't know how to actually prevent jailbreaking yet, and that counts as one kind of alignment failure. I can't think of a fictional example of this, as, e.g. the computer in Star Trek regularly makes this kind of mistake too. -- Devon does one thing, does it very well, and that thing isn't necessarily to your advantage. Never mind fiction, it's the default in general. Facebook/Twitter/YouTube recommendations; the Google search algorithm; automated A/B (or more general multi-armed bandit) testing that optimises user retention or spending but by definition can't even tell if the user is actually happy or not. -- Of these four, the Alex scenario means you only work if that's your best self, so it doesn't matter what jobs the AI can do; in the Brett scenario it also doesn't matter what work it can do because the AI is off doing its own thing rather than working for you, and if ""its own thing"" happens to involve you, you're unlikely to enjoy it; conversely, in the Charlie and Devon scenarios, your work prospects are entirely driven by your ability to take new kinds of labour faster than AI developers can create automations for existing roles. But these are just made-up scenarios to illustrate why the alignment problem is independent of the potential impact on the labour markets; don't read too much into them beyond that.",AGI Is Not Chess Bots – They Will Replace Your Jobs,https://news.ycombinator.com/item?id=35754436,ben_w,,,,Twitter recommendation algorithm,Conservative keyword/context screen: recommendation/ranking/feed plus change/platform context.,35748945,https://coolainewsletter.substack.com/p/agi-is-not-chess-bots-they-will-replace,2026-09-21T19:44:34.808161+00:00,UTC
hn_35779010,Hacker News,public_comment,2023-05-01 20:55:47+00:00,2023-05-01,"Then again, if I ask for a ranking by average user rating, or alphabetically, then I (the viewer) are setting the criteria. If YouTube's algorithm is deciding what to show me, then I (as the user) am asking for YouTube's opinion. So I think that there is a coherent argument that YouTube 's recommendation algorithm is expressing an opinion, and is therefore YouTube 's content. Would it have 1st amendment protection though?",Up next: a lawsuit threatening your YouTube watch queue,https://news.ycombinator.com/item?id=35779010,steve_gh,,,,YouTube recommendation algorithm,Conservative keyword/context screen: recommendation/ranking/feed plus change/platform context.,35774311,https://www.mux.com/blog/up-next-the-lawsuit-threatening-your-youtube-watch-queue,2026-09-21T19:44:34.808161+00:00,UTC
hn_35779192,Hacker News,public_comment,2023-05-01 21:08:36+00:00,2023-05-01,">If YouTube's algorithm is deciding what to show me, then I (as the user) am asking for YouTube's opinion. So I think that there is a coherent argument that YouTube's recommendation algorithm is expressing an opinion, and is therefore YouTube's content. To me it seems like a platform could easily skirt this by having users opt in to recommendations (and maybe even choose a sorting criteria option) at signup. >Would it have 1st amendment protection though? The 1st amendment only protects against government censorship, not private lawsuits for existing causes of action (e.g., defamation). It would be individuals (like the Gonzalez family) suing YT in a world where the recommendations were deemed to be YT's own content.",Up next: a lawsuit threatening your YouTube watch queue,https://news.ycombinator.com/item?id=35779192,flyingv,,,,YouTube recommendation algorithm,Conservative keyword/context screen: recommendation/ranking/feed plus change/platform context.,35774311,https://www.mux.com/blog/up-next-the-lawsuit-threatening-your-youtube-watch-queue,2026-09-21T19:44:34.808161+00:00,UTC
hn_35779613,Hacker News,public_comment,2023-05-01 21:43:19+00:00,2023-05-01,"> > If YouTube's algorithm is deciding what to show me, then I (as the user) am asking for YouTube's opinion. So I think that there is a coherent argument that YouTube's recommendation algorithm is expressing an opinion, and is therefore YouTube's content. > To me it seems like a platform could easily skirt this by having users opt in to recommendations (and maybe even choose a sorting criteria option) at signup. How does opting in make any difference, for this particular point?",Up next: a lawsuit threatening your YouTube watch queue,https://news.ycombinator.com/item?id=35779613,yamtaddle,,,,YouTube recommendation algorithm,Conservative keyword/context screen: recommendation/ranking/feed plus change/platform context.,35774311,https://www.mux.com/blog/up-next-the-lawsuit-threatening-your-youtube-watch-queue,2026-09-21T19:44:34.808161+00:00,UTC
hn_35781885,Hacker News,public_comment,2023-05-02 01:20:23+00:00,2023-05-02,"I generally like the YouTube recommendation algorithm. I would hate to see it go away. On the other hand, I can foresee a recommendation algorithm that would potentially be problematic for society. It might be interesting if 3rd party pluggable recommendation algorithms were supported.",Up next: a lawsuit threatening your YouTube watch queue,https://news.ycombinator.com/item?id=35781885,jbritton,,,,YouTube recommendation algorithm,Conservative keyword/context screen: recommendation/ranking/feed plus change/platform context.,35774311,https://www.mux.com/blog/up-next-the-lawsuit-threatening-your-youtube-watch-queue,2026-09-21T19:44:34.808161+00:00,UTC
hn_35815797,Hacker News,public_comment,2023-05-04 14:21:41+00:00,2023-05-04,Twitter's recommendation algorithm has long since been completely open sourced. It's available right here: https://github.com/twitter/the-algorithm,State-controlled media gain Twitter followers after quiet platform policy change,https://news.ycombinator.com/item?id=35815797,somenameforme,,,,Twitter recommendation algorithm,Conservative keyword/context screen: recommendation/ranking/feed plus change/platform context.,35814537,https://dfrlab.org/2023/04/21/state-controlled-media-experience-sudden-twitter-gains-after-unannounced-platform-policy-change/,2026-09-21T19:44:34.808161+00:00,UTC
hn_35864440,Hacker News,public_comment,2023-05-08 17:30:19+00:00,2023-05-08,> YouTube is almost unusable nowadays. Ads aren't the only problem. The YouTube recommendation algorithm works a little too well. I'll watch one video on a topic and then YouTube thinks I'm in love with it and floods my feed with 100 other related videos. It's terrible for discovering new content.,Google appears to be scaling up the ads it shows to Gmail users,https://news.ycombinator.com/item?id=35864440,hgs3,,,,YouTube recommendation algorithm,Conservative keyword/context screen: recommendation/ranking/feed plus change/platform context.,35861436,https://www.techradar.com/news/your-gmail-account-is-set-to-be-invaded-by-even-more-annoying-ads,2026-09-21T19:44:34.808161+00:00,UTC
hn_35898934,Hacker News,public_comment,2023-05-11 07:27:30+00:00,2023-05-11,"I don’t understand. You would pay for YouTube premium if youtube had less features? I don’t use shorts and for a long time I didn’t use YouTube music either (despite paying for premium). I now use it because it’s rather good. And YouTube’s recommendation algorithm is crazy good, but you have to tune it. It’s a tool. You tune it by not watching shitty videos you don’t like; if you do, remove them from your history afterwards and hit thumbs down on them. Subscribe to channels you like and thumbs up videos you really like. All these things are strong signals and the recommendation algorithm will vastly improve if you do this. I mean it when I say it’s the absolute most useful tool there is in terms of discovery on the web. But yes their search sucks more ass than a donkey vacuum.",YouTube tests blocking videos unless you disable ad blockers,https://news.ycombinator.com/item?id=35898934,scrollaway,,,,YouTube recommendation algorithm,Conservative keyword/context screen: recommendation/ranking/feed plus change/platform context.,35892512,https://www.bleepingcomputer.com/news/technology/youtube-tests-blocking-videos-unless-you-disable-ad-blockers/,2026-09-21T19:44:34.808161+00:00,UTC
hn_36043586,Hacker News,public_story,2023-05-23 12:58:11+00:00,2023-05-23,TikTok to give Oracle full access to code and recommendation algorithm soon,TikTok to give Oracle full access to code and recommendation algorithm soon,https://news.ycombinator.com/item?id=36043586,taubek,1.0,0.0,1.0,recommendation algorithm,Conservative keyword/context screen: recommendation/ranking/feed plus change/platform context.,36043586,,2026-09-21T19:44:34.808161+00:00,UTC
hn_36071840,Hacker News,public_comment,2023-05-25 15:18:09+00:00,2023-05-25,"The key question I think is ""how do you create a recommender system that serves the user's interests instead of just the business's interests?"" And how do you help the user have confidence that the system is serving their interests? I think competition is a big part of that. You want options for different reading apps, so if e.g. the one you're using keeps pelting you with culture war content/low-value viral content/etc, you can switch to a different app that gives you better recommendations. And then that creates a market opening for apps that really do put the user's interests first. (After all, we can design algorithms to optimize for just about anything--the question is what the business incentives push us to optimize for.) RSS makes competition a lot more feasible: since Yakread doesn't host any of the content it recommends, anyone else is free to make a reading app that has just as much access to content as Yakread does. Even if Yakread really took off, it would never have the same amount of lock-in/internal network effects as e.g. Twitter. My ""grand vision"" is for Yakread to become a medium-sized business, and for plenty of other companies to develop ""mainstream RSS readers"" as well. That being said, even though I am similarly concerned about this issue, I don't think it'll be a concern for most users. Mostly Yakread is an attempt to make an RSS reader that can get mainstream adoption beyond the HN demographic, so most people in the target audience probably don't have strong opinions about algorithmic recommendations anyway. Hence you don't actually even need to know what RSS is to use Yakread. Although I've focused on RSS and the recommendation/ranking algorithm in this Show HN, usually I just describe Yakread as an app that helps you spend more time reading long-form content. I think that's the best way to promote interoperability anyway: build stuff that has the right foundations, but focus on the immediate user benefits in your marketing.",Show HN: Yakread – An RSS reader powered by machine learning,https://news.ycombinator.com/item?id=36071840,jacobobryant,,,,recommendation ranking,Conservative keyword/context screen: recommendation/ranking/feed plus change/platform context.,36061427,https://yakread.com/,2026-09-21T19:44:34.808161+00:00,UTC
hn_36107210,Hacker News,public_comment,2023-05-28 19:59:06+00:00,2023-05-28,"What? Suddenly we are in a ficitious world where there are droves of trolls disliking videos, and somehow they are sentient as to YouTube's recommendation algorithm, and they desperately want the video to disappear from everyone's recommendations, so these trolls come up with new and inventive ways of DISLIKING videos? I don't think I've ever read more made-up scenarios than on this website.","YouTube removed dislike counts, so this guy made Rotten Tomatoes for YouTube",https://news.ycombinator.com/item?id=36107210,s3p,,,,YouTube recommendation algorithm,Conservative keyword/context screen: recommendation/ranking/feed plus change/platform context.,36105629,https://bgr.com/tech/youtube-removed-dislike-counts-so-this-guy-made-rotten-tomatoes-for-youtube-videos/,2026-09-21T19:44:34.808161+00:00,UTC
hn_36439238,Hacker News,public_comment,2023-06-22 21:26:11+00:00,2023-06-22,"> If someone is using clickbait for their videos, the video itself is very likely to be low quality. I disagree. There are many creators that produce content that I consider high quality that use clickbait thumbnails and titles. If they don't, they have a disadvantage because of the metrics the YouTube recommendation algorithm uses.",DeArrow – Solving clickbait on YouTube,https://news.ycombinator.com/item?id=36439238,kruuuder,,,,YouTube recommendation algorithm,Conservative keyword/context screen: recommendation/ranking/feed plus change/platform context.,36437950,https://dearrow.ajay.app/,2026-09-21T19:44:34.808161+00:00,UTC
hn_36622299,Hacker News,public_comment,2023-07-06 20:22:53+00:00,2023-07-06,"I think the important bit is that it's relatively hard to argue that ""how to scale up message passing infrastructure and process metadata like hashtags"" is a Twitter trade secret rather than a general tech skillset useful across FAANG companies. I suspect Meta's implementation will be quite different from Twitter's under the hood, and rely quite a lot on Meta tech platforms. If Meta was incubating a rocket ship division, it might be a little bit easier to demonstrate that former SpaceX employees were making non-obvious design choices based on SpaceX research and undisclosed features of SpaceX tech Probably won't help that a lot of the more Twitter-specific knowledge around content recommendations and warning algorithms and scaling up moderation processes is stuff Elon's spent his time trashing Twitter's original implementations of anyway...",Twitter is threatening to sue Meta over Threads [pdf],https://news.ycombinator.com/item?id=36622299,notahacker,,,,Twitter recommendation algorithm,Conservative keyword/context screen: recommendation/ranking/feed plus change/platform context.,36621741,https://cdn.sanity.io/files/ifn0l6bs/production/27109f01431939c8177d408d3c9848c3b46632cd.pdf,2026-09-21T19:44:34.808161+00:00,UTC
hn_36652261,Hacker News,public_comment,2023-07-09 06:57:19+00:00,2023-07-09,As if ads wasn’t AI training. Ranking recommendations and coefficients rely on the same mechanisms. It’s really hard to make the case here that there is anything new happening here. Just the chickens of decades of not engaging with the topic coming home to roost.,Google's Privacy Policy Now Admits to Collecting All Your Data for AI Training,https://news.ycombinator.com/item?id=36652261,gmerc,,,,recommendation ranking,Conservative keyword/context screen: recommendation/ranking/feed plus change/platform context.,36651717,https://www.pcgamer.com/in-case-there-was-any-doubt-googles-privacy-policy-now-explicitly-states-that-its-going-to-suck-up-all-your-data-to-train-its-ai/,2026-09-21T19:44:34.808161+00:00,UTC
hn_36691579,Hacker News,public_story,2023-07-12 07:53:22+00:00,2023-07-12,Tumblr open source feed algorithms,Tumblr open source feed algorithms,https://news.ycombinator.com/item?id=36691579,erlend_sh,4.0,1.0,4.0,feed algorithm,Conservative keyword/context screen: recommendation/ranking/feed plus change/platform context.,36691579,,2026-09-21T19:44:34.808161+00:00,UTC
hn_36911322,Hacker News,public_story,2023-07-28 18:42:51+00:00,2023-07-28,"As Threads soars, Twitter rival Bluesky adopts a personalized, algorithmic feed","As Threads soars, Twitter rival Bluesky adopts a personalized, algorithmic feed",https://news.ycombinator.com/item?id=36911322,skoomer235,4.0,3.0,4.0,feed algorithm,Conservative keyword/context screen: recommendation/ranking/feed plus change/platform context.,36911322,,2026-09-21T19:44:34.808161+00:00,UTC
hn_37035000,Hacker News,public_comment,2023-08-07 14:33:49+00:00,2023-08-07,"Interesting, this video has been consistently pushed to me by the YouTube recommendation algorithm for the past 3 weeks. It looks like the recommender pressure is so strong it's influencing HN headlines.",The $1M shot that changed sports contests,https://news.ycombinator.com/item?id=37035000,ajnin,,,,YouTube recommendation algorithm,Conservative keyword/context screen: recommendation/ranking/feed plus change/platform context.,37033899,https://www.espn.com/nba/story/_/id/36146138/million-dollar-shot-michael-jordan-chicago-bulls-1993,2026-09-21T19:44:34.808161+00:00,UTC
hn_37204793,Hacker News,public_story,2023-08-21 02:16:13+00:00,2023-08-21,YouTube’s recommendation algorithm is left-leaning in the United States,YouTube’s recommendation algorithm is left-leaning in the United States,https://news.ycombinator.com/item?id=37204793,amadeuspagel,12.0,2.0,12.0,YouTube recommendation algorithm,Conservative keyword/context screen: recommendation/ranking/feed plus change/platform context.,37204793,,2026-09-21T19:44:34.808161+00:00,UTC
hn_37205474,Hacker News,public_comment,2023-08-21 04:23:13+00:00,2023-08-21,YouTube's recommendation algorithm is just optimized to make money. For some reason it's figured out left-leaning content makes more money. I would love to know the reasons behind that,YouTube’s recommendation algorithm is left-leaning in the United States,https://news.ycombinator.com/item?id=37205474,syndicatedjelly,,,,YouTube recommendation algorithm,Conservative keyword/context screen: recommendation/ranking/feed plus change/platform context.,37204793,https://academic.oup.com/pnasnexus/article/2/8/pgad264/7242446,2026-09-21T19:44:34.808161+00:00,UTC
hn_37243545,Hacker News,public_story,2023-08-24 00:08:20+00:00,2023-08-24,Opt out of algorithmic feeds on Instagram and Facebook – if you’re in Europe,Opt out of algorithmic feeds on Instagram and Facebook – if you’re in Europe,https://news.ycombinator.com/item?id=37243545,vinnyglennon,17.0,2.0,17.0,feed algorithm,Conservative keyword/context screen: recommendation/ranking/feed plus change/platform context.,37243545,,2026-09-21T19:44:34.808161+00:00,UTC
hn_37333507,Hacker News,public_comment,2023-08-31 07:07:09+00:00,2023-08-31,> It's also not realistically possible to auto generate spam video content like you can for blog posts. It definitely is. If you look for videos just a bit longer then 10 minutes (something to do with YouTube recommendation algorithm) you will notice how much unnatural en spammy conversation and “information” is being told (backed by meme or stock images or just a talking head) before getting to the point of the video (which often is barely 1min of content). Sure it takes more time to actually speak the text and edit the video. But it really feels like generated garbage to fill time which can be easily churned out. Now with the dawn of AI I can only image this getting worse and worse.,The End of the Googleverse,https://news.ycombinator.com/item?id=37333507,aequitas,,,,YouTube recommendation algorithm,Conservative keyword/context screen: recommendation/ranking/feed plus change/platform context.,37323727,https://www.theverge.com/23846048/google-search-memes-images-pagerank-altavista-seo-keywords,2026-09-21T19:44:34.808161+00:00,UTC
hn_37376898,Hacker News,public_comment,2023-09-04 03:35:34+00:00,2023-09-04,"These channels are part of my childhood memories. I would scour through the content in these channels every Friday night after school. Furthermore, they illustrate Nintendo's capability in creating engaging UI/UX. Before iPhone apps became prevalent, Nintendo was able to design simple, pleasing UI with their own Nintendo personality. Unlike apps nowadays, the accompanying music was memorable; Wii Shopping Channel music remains popular on YouTube recommendation algorithms. Despite the rise of smart TVs later, they still haven't captured the magic one would feel touching a Nintendo Wii Channel. UI designers can learn much from engaging with them.",WiiLink – Japanese Wii channels revived,https://news.ycombinator.com/item?id=37376898,coolandsmartrr,,,,YouTube recommendation algorithm,Conservative keyword/context screen: recommendation/ranking/feed plus change/platform context.,37376254,https://www.wiilink24.com/,2026-09-21T19:44:34.808161+00:00,UTC
hn_37443906,Hacker News,public_story,2023-09-09 10:39:26+00:00,2023-09-09,GitHub faces backlash after enforcing an algorithmic feed,GitHub faces backlash after enforcing an algorithmic feed,https://news.ycombinator.com/item?id=37443906,nalgeon,6.0,3.0,6.0,feed algorithm,Conservative keyword/context screen: recommendation/ranking/feed plus change/platform context.,37443906,,2026-09-21T19:44:34.808161+00:00,UTC
hn_37490190,Hacker News,public_story,2023-09-12 23:39:22+00:00,2023-09-12,GitHub stays with algorithmic feed for 'user experience and performance' reasons,GitHub stays with algorithmic feed for 'user experience and performance' reasons,https://news.ycombinator.com/item?id=37490190,beeman,1.0,1.0,1.0,feed algorithm,Conservative keyword/context screen: recommendation/ranking/feed plus change/platform context.,37490190,,2026-09-21T19:44:34.808161+00:00,UTC
hn_37548921,Hacker News,public_comment,2023-09-17 20:19:04+00:00,2023-09-17,"Twitter has become significantly glitchy. You can notice glitches more where there are new features, like long videos, etc. Twitter recommendation algorithm has actually become better - a lot less of content that are appealing to the mass, and much more that are appealing to me. I am spending more time on twitter now. One downside now is Blue Tick spam. Before, top replies to a famous tweet would be smart, or a good counterpoint, and now it is just dumb blue-tickers, stans, and newsletter salesmen. As twitter boosts posts of paying customers, I am also seeing poor posts appear on my feed out of the blue- it's like someone thinking in the lines of- ""he's an engineer, won't he like an 8th grade math puzzle?"". I am not paying for it, but my engagement has grown (I never try). I am seeing more posts from my follows, too.","Under Musk, Twitter is handing over more data to investigators",https://news.ycombinator.com/item?id=37548921,rg111,,,,Twitter recommendation algorithm,Conservative keyword/context screen: recommendation/ranking/feed plus change/platform context.,37546770,https://www.washingtonpost.com/technology/2023/09/16/x-elon-musk-german-prosecutors-hate-speech/,2026-09-21T19:44:34.808161+00:00,UTC
hn_37562383,Hacker News,public_comment,2023-09-18 21:33:41+00:00,2023-09-18,"Youtube's recommendation algorithm has gotten terrible. There's a pretty low limit on the number of channels you can block. Additionally, different interfaces won't allow you to mark certain things like Mixes or Movies as ""Not Interested"" at all. I have been paying for Youtube Red/Premium since like 2016 and I'm strongly considering canceling it and giving up on Youtube altogether. It's gotten that bad. My replacement is just supporting the creators I like on Patreon or wherever they choose to put their content for a direct payment.",Ask HN: YouTube keeps suggesting vids I marked “not interested”. What can I do?,https://news.ycombinator.com/item?id=37562383,greenthrow,,,,YouTube recommendation algorithm,Conservative keyword/context screen: recommendation/ranking/feed plus change/platform context.,37562039,,2026-09-21T19:44:34.808161+00:00,UTC
hn_37562453,Hacker News,public_comment,2023-09-18 21:40:12+00:00,2023-09-18,Gonna go against a lot of folks here and say I think the YouTube recommendation algorithm works pretty well for me. Definitely helps if you watch a lot of certain topics to give it some positive signals.,Ask HN: YouTube keeps suggesting vids I marked “not interested”. What can I do?,https://news.ycombinator.com/item?id=37562453,samcat116,,,,YouTube recommendation algorithm,Conservative keyword/context screen: recommendation/ranking/feed plus change/platform context.,37562039,,2026-09-21T19:44:34.808161+00:00,UTC
hn_37562605,Hacker News,public_comment,2023-09-18 21:53:13+00:00,2023-09-18,"I don't mind YouTube's recommendation algorithm because it helps me find new videos and channels to watch but it seems to constantly recommend videos I've already watched. In fact, when marking a video ""not interested"" you have the option to say it's because you've already seen it before. Are people constantly re-watching videos that this is a thing? Can't YouTube tell the difference between a music video and a long form video on a niche subject?",Ask HN: YouTube keeps suggesting vids I marked “not interested”. What can I do?,https://news.ycombinator.com/item?id=37562605,wvenable,,,,YouTube recommendation algorithm,Conservative keyword/context screen: recommendation/ranking/feed plus change/platform context.,37562039,,2026-09-21T19:44:34.808161+00:00,UTC
hn_37733720,Hacker News,public_comment,2023-10-02 03:43:14+00:00,2023-10-02,Are they price-competitive for those applications though? My understanding is that the main focus is Memory/GPU-interconnect for large models. Are recommendation/ranking models large enough to take advantage of this? I don't think these cards are generally competitive in throughput/$.,"Nvidia Unveils Updated GH200 Grace Hopper with HBM3e Memory, Shipping in Q2'2024",https://news.ycombinator.com/item?id=37733720,upbeat_general,,,,recommendation ranking,Conservative keyword/context screen: recommendation/ranking/feed plus change/platform context.,37732961,https://www.anandtech.com/show/20001/nvidia-unveils-gh200-grace-hopper-gpu-with-hbm3e-memory,2026-09-21T19:44:34.808161+00:00,UTC
hn_37770015,Hacker News,public_comment,2023-10-04 19:04:03+00:00,2023-10-04,"I tried to train Facebook. First thought: I absolutely do not want it to advertise to me anything I might actually want to buy (like books): that feels creepy. So maybe I could deliberately interact with ads for things I'll never buy, like fashion? (I dress myself out of charity shops, mostly.) Second thought: If I interact with ads with hot guys in them, Facebook will show me more hot guys, which is nice eye candy. It seemed to work, for a while. Some of the ads were for underwear, definitely targetted at gay men, and bordering on being NSFW (which is fine, as I don't Facebook at W). And then I mostly abandoned Facebook. --- For YouTube, before I got a free deal on YouTube Premium with my phone plan, things were weirder. YouTube's video recommendation algorithm knew me well, but its ad recommendations were very confused, including about which language I spoke. It weirdly often gave me ads for scientific lab equipment, sometimes in Hebrew. (I'm a web developer, am Irish, and live in Ireland, and don't speak any Hebrew. I have an interest in linguistics, and have read up on the origin of the Semitic trisyllabic root, but that doesn't mean I speak Hebrew.)",Meta starts rolling out generative AI tools for all advertisers,https://news.ycombinator.com/item?id=37770015,TRiG_Ireland,,,,YouTube recommendation algorithm,Conservative keyword/context screen: recommendation/ranking/feed plus change/platform context.,37768018,https://www.reuters.com/technology/meta-starts-rolling-out-generative-ai-tools-all-advertisers-2023-10-04/,2026-09-21T19:44:34.808161+00:00,UTC
hn_37871947,Hacker News,public_comment,2023-10-13 15:50:41+00:00,2023-10-13,"I totally understand you. Carousels on websites are often overused and can be annoying when they auto-scroll. However, with Carousel Hero, you create slides that you can upload to your social network of choice (e.g., LinkedIn, Instagram). Social media carousels often have a wider reach than regular posts because even just a swipe is counted as an interaction that can positively influence the ranking/recommendation algorithm.",Show HN: Carousel Hero,https://news.ycombinator.com/item?id=37871947,carouselhero,,,,recommendation ranking,Conservative keyword/context screen: recommendation/ranking/feed plus change/platform context.,37857533,https://carouselhero.com,2026-09-21T19:44:34.808161+00:00,UTC
hn_37915472,Hacker News,public_comment,2023-10-17 14:18:38+00:00,2023-10-17,"I find that YouTubes recommendation algorithm is not great. It would be a cool feature to be able to something like assume a persona and have recommended videos that similar like minded people watched. There's effectively infinite videos on YouTube but it's common I can go there looking for a video and find nothing interesting to watch. In some cases it's pushing recommendations for videos all similar to a recent video I had watched, but I'm no longer interested in that topic",Piped – An alternative privacy-friendly YouTube front end,https://news.ycombinator.com/item?id=37915472,wppick,,,,YouTube recommendation algorithm,Conservative keyword/context screen: recommendation/ranking/feed plus change/platform context.,37911989,https://github.com/TeamPiped/Piped,2026-09-21T19:44:34.808161+00:00,UTC
hn_38150210,Hacker News,public_comment,2023-11-05 11:33:25+00:00,2023-11-05,"Had not heard about Newpipe before but it looks good, so I installed it. Looks useful for watching specific channels and certain videos I watch repeatedly, so I'll probably start using it for that purpose. What it seems to be missing is YouTubes algorithmic recommendations, which I find useful for discovering new content to watch. For some people however, this might be a good or bad thing.",Firefox for Android will soon support extensions,https://news.ycombinator.com/item?id=38150210,aussieguy1234,,,,YouTube recommendation algorithm,Conservative keyword/context screen: recommendation/ranking/feed plus change/platform context.,38138459,https://blog.mozilla.org/addons/2023/11/01/is-your-extension-ready-for-firefox-for-android/,2026-09-21T19:44:34.808161+00:00,UTC
hn_38223854,Hacker News,public_story,2023-11-10 20:08:26+00:00,2023-11-10,A major update to the recommendation algorithm is rolling out,A major update to the recommendation algorithm is rolling out,https://news.ycombinator.com/item?id=38223854,lopkeny12ko,1.0,0.0,1.0,Twitter recommendation algorithm,Conservative keyword/context screen: recommendation/ranking/feed plus change/platform context.,38223854,,2026-09-21T19:44:34.808161+00:00,UTC
hn_38237191,Hacker News,public_comment,2023-11-12 04:05:52+00:00,2023-11-12,One of my favorite artist releases music on YouTube with no name and no titles via some special Unicode. Only discoverable via YouTube’s recommendation algorithm magic,Horrible edge cases to consider when dealing with music (2022),https://news.ycombinator.com/item?id=38237191,_lvbh,,,,YouTube recommendation algorithm,Conservative keyword/context screen: recommendation/ranking/feed plus change/platform context.,38229398,https://dustri.org/b/horrible-edge-cases-to-consider-when-dealing-with-music.html,2026-09-21T19:44:34.808161+00:00,UTC
hn_38375686,Hacker News,public_comment,2023-11-22 06:48:23+00:00,2023-11-22,"For example, and I'm not saying such flaws exist, GPT4 output is bias in some way, encourages radicalization (see Twitter's, YouTube's, and Facebook's news feed algorithm), create self-esteem issues in children (see Instagram), ... etc. If you worked for old OpenAI, you would be free to talk about it - since old OpenAI didn't give a crap about profit. Altman's OpenAI? He will want you to ""go to him first"".",We have reached an agreement in principle for Sam to return to OpenAI as CEO,https://news.ycombinator.com/item?id=38375686,TerrifiedMouse,,,,Facebook news feed algorithm,Conservative keyword/context screen: recommendation/ranking/feed plus change/platform context.,38375239,https://twitter.com/openai/status/1727206187077370115,2026-09-21T19:44:34.808161+00:00,UTC
hn_38377894,Hacker News,public_comment,2023-11-22 11:37:42+00:00,2023-11-22,">Encourages radicalization (see Twitter's, YouTube's, and Facebook's news feed algorithm) What do you mean? It recommends things that it thinks people will like. Also I highly suspect ""Altman's OpenAI"" is dead regardless. They are now Copilot(tm) Research. They may have delusions of grandeur regarding being able to resist the MicroBorg or change it from the inside, but that simply does not happen. The best they can hope for as an org is to live as long as they can as best as they can. I think Sam's 100B silicon gambit in the middle east (quite curious because this is probably something the United State Federal Government Is Likely Not Super Fond Of) is him realizing that, while he is influential and powerful, he's nowhere near MSFT level.",We have reached an agreement in principle for Sam to return to OpenAI as CEO,https://news.ycombinator.com/item?id=38377894,dontupvoteme,,,,Facebook news feed algorithm,Conservative keyword/context screen: recommendation/ranking/feed plus change/platform context.,38375239,https://twitter.com/openai/status/1727206187077370115,2026-09-21T19:44:34.808161+00:00,UTC
hn_38613477,Hacker News,public_comment,2023-12-12 15:33:14+00:00,2023-12-12,"I wouldn't be so dismissive of Youtube. The youtube recommendation algorithm brings up new and cool content over long period of time, and I cultivated my recommendation feed as such. It's a destination in itself. Sure, you could have a video site that just have a top ten video and a subscription list, but it wouldn't be as compelling. Now. There are a lot of things that youtube could rightfully be criticized for, and perhaps there should be major changes made to how youtube works. Better pay for youtube creators and payment to small channels for example. More promotion of youtube premium, and less advertising. I assume that youtube is profitable. The question is how much service that they can offer but still remain sustainable. If they're not profitable, how they could monetize it without destroying the value of the platform, ideally adding to the value rather than taking it away. I like some of the youtube scripted show, and I was disappointed that they canceled a show that I want to see continued.",YouTube doesn't want to take down scam ads,https://news.ycombinator.com/item?id=38613477,kiba,,,,YouTube recommendation algorithm,Conservative keyword/context screen: recommendation/ranking/feed plus change/platform context.,38611466,https://old.reddit.com/r/youtube/comments/18gjiqy/youtube_doesnt_want_to_take_down_scam_ads/,2026-09-21T19:44:34.808161+00:00,UTC
hn_38613880,Hacker News,public_comment,2023-12-12 15:56:52+00:00,2023-12-12,"> The youtube recommendation algorithm brings up new and cool content For you. For kids it brings up amputation videos and seriously weird/predatory shit. Should they be cultivating their recommendation feed better? Try searching for '!' on the homepage. You'll get a mix of kid videos and fucked up animated softcore furry shit. It's been like that for fucking years . For me it brings up Ben Shapiro and Jordan Peterson shite constantly, despite my refusal to engage in such content whatsoever. It just figures, hey you like watching video game content so you'll love these smarmy shitheads. It's vastly inferior to TikTok's algorithm by all accounts, like it's not even close. And it's been horrendously gamed. All they have is the network effect and Google's monopoly powers. Their algorithm sucks, their ads suck, their policies towards creators suck (as you said yourself). Everything they've ever brought in that was actually good was cribbed from porn sites.",YouTube doesn't want to take down scam ads,https://news.ycombinator.com/item?id=38613880,mandmandam,,,,YouTube recommendation algorithm,Conservative keyword/context screen: recommendation/ranking/feed plus change/platform context.,38611466,https://old.reddit.com/r/youtube/comments/18gjiqy/youtube_doesnt_want_to_take_down_scam_ads/,2026-09-21T19:44:34.808161+00:00,UTC
hn_38634794,Hacker News,public_story,2023-12-13 22:01:49+00:00,2023-12-13,Opt out of algorithmic feeds on Instagram and Facebook (in Europe),Opt out of algorithmic feeds on Instagram and Facebook (in Europe),https://news.ycombinator.com/item?id=38634794,fagnerbrack,4.0,0.0,4.0,feed algorithm,Conservative keyword/context screen: recommendation/ranking/feed plus change/platform context.,38634794,,2026-09-21T19:44:34.808161+00:00,UTC
hn_39193110,Hacker News,public_comment,2024-01-30 17:41:13+00:00,2024-01-30,"The YouTube recommendation algorithm is terrible. I _wish_ it simply recommended videos that are similar to ones you've watched recently. But it doesn't do that. Not even close. What it _actually_ does is build a demographic profile of each user based on the videos you watch and tries to lump you into a stereotype and then recommends videos that other people in that stereotype watch. I hope the engineers/managers at Google don't try to fool themselves into believing they are ""woke"" because this is one of the most un-woke things I can think of. For instance, if I start watching woodworking and motorcycle repair videos (just two of my MANY hobbies), YouTube decides I am a retired rural conservative christian conspiracy theorist, when in fact I am none of those things. I start getting video recommendations of gun reviews, Fox News clips, religious debates, and suchlike. Oh yes, and girls in bikinis jumping on trampolines. I mean, I am not exactly against the _concept_ of girls in bikinis jumping on trampolines as such, but it's not something I've ever searched for or even watched videos of. But more importantly, it's not the kind of thing I prefer to have pop up on my phone or computer screen when a friend or family member is nearby.","BlockTube, a YouTube Content Blocker",https://news.ycombinator.com/item?id=39193110,bityard,,,,YouTube recommendation algorithm,Conservative keyword/context screen: recommendation/ranking/feed plus change/platform context.,39190084,https://github.com/amitbl/blocktube,2026-09-21T19:44:34.808161+00:00,UTC
hn_39690200,Hacker News,public_comment,2024-03-13 11:30:13+00:00,2024-03-13,"Apologies for the long comment. I'd need a few hours to edit this down and I don't have the time. __MrBeast is not the problem, social media addiction is__ MrBeast represents the biggest common denominator of why people are on the platform. Not everyone on YouTube will like his videos (I presume many on HN are uninterested in his videos), but a very big group does. Why? For the same reason why my parents watch game shows on the television: entertainment. I find MrBeast his videos most related to game shows with him being the game show host. It's not always the strict format of a game show, but looking at it from that perspective shows what style of video he's making. Who doesn't like a fun game show? Most people do! And I think that's okay. People will copy him, it'll be the dominant culture on YouTube. That's okay too. It's okay because authenticity won't go away. Authentic people on YouTube aren't under threat or under fire. I watch a lot of YouTube channels that have 100K to 1 million subs and they seem authentic to me and I love them for it. Also, let's not forget: MrBeast seems authentic about how he goes about YouTube on some of these channels (on their podcast). MrBeast is authentic for anyone who gets off the general (unoptimized) front page and just look at a couple of interviews of him. The only issue that I see is that the YouTube recommendation algorithm has a bias towards promoting popular content. For some users on YouTube (e.g. me) that is unfortunate because that's not how I want to use YouTube. But I click on it and I get addicted to it and now they have me. So for that reason: I call upon psychologists and psychiatrists to help people with YouTube addiction (email me if you are one. My email is in my profile. I'm a software engineer/web developer). Even an online course on dealing with YouTube addiction can help a lot to go against the addictive quality of YouTube. Currently, I'm in the process of helping myself (I've studied psychology and game-design so I know a thing or two). The method that seems to have some results with me is as follows. __Overcoming YouTube/social media addiction__ 1. I sit in a chair and tell myself that this is my life now. All I can do is sit. I can think, I can look or listen. But I can't leave the chair. 2. My mind will want to watch YouTube. I resist the urge, I have to keep on sitting in the chair. 3. At some point my mind - out of sheer desperation - will yell at me ""alright, alright! I'll do anything. You wanna be better at math? I'll do this math course you're following right now. As long as I can do something else than just sitting in a chair!"" This happens after 15 to 30 minutes. 4. At that point, you can do that activity. The moment you go to YouTube and watch a video, you put yourself back in the chair and you start at step 1. It's brutal. Addiction is brutal. For me, this method is quite effective. I hope it helps someone. __How I discovered this method__ I wish I could say it was ""I studied psychology and xyz studied mentioned it."" The real story is different. I was so fed up with myself that I told myself that I'm going to sit on my chair and that's all life is now. I know addiction when I see it and I saw it within myself. I became incredibly angry at myself. So a lifetime banishment on the chair is what I was going to do until something broke. Of course, I knew my anger wouldn't hold out but I felt so angry that I decided to give in anyway, just to see what happens. After 20 minutes, my mind started screaming and pleading to do math. Then, I did math. Suddenly, for the next week, I did 5 hours of math per day (currently in between jobs). I watched about 20 minutes of YouTube per day (as opposed to 6 hours). Those 20 minutes of YouTube were mostly informational math videos for when I got stuck with a concept. I realized I stumbled upon a method that worked for me. It also made me realize that this method is changing my relationship with boredom. I'm becoming more comfortable with it. However, I am not seeing the full picture on boredom yet. I will, and when I do, then I'll update my method. For now what I do see: when one is sufficiently bored, then they are sufficiently _intrinsically_ motivated to do more or less anything. Boredom is uncomfortable, even painful, just to get out of that pain one will do anything to stave away boredom. It's currently the best intrinsic motivational spark that I've found to get myself to do anything. I have a lot of intrinsic motivation on things, but not a lot of intrinsic motivational spark. Enter boredom, it is an intrinsic motivational spark to get you going on the project you'd have wanted to do for years (in my case: becoming better at math).",YouTube: The End of the MrBeast Era,https://news.ycombinator.com/item?id=39690200,melvinroest,,,,YouTube recommendation algorithm,Conservative keyword/context screen: recommendation/ranking/feed plus change/platform context.,39689607,https://www.polygon.com/24093399/end-of-mrbeast-youtube-era,2026-09-21T19:44:34.808161+00:00,UTC
hn_39988944,Hacker News,public_comment,2024-04-10 10:06:56+00:00,2024-04-10,"Twitter is also where the discussion about my field takes place. What's not to like? I find Twitter's recommendation algorithm does a great job of honing the content down to just the relevant information I need and then I can go back to carrying on with life. Before Twitter, you had to go to the coffee shop and listen to people ramble on with their inane political rants and conspiracy theories just to get at the occasional tidbit of useful field-related information. That was depressing.","Yes, social media is a cause of the epidemic of teenage mental illness",https://news.ycombinator.com/item?id=39988944,randomdata,,,,Twitter recommendation algorithm,Conservative keyword/context screen: recommendation/ranking/feed plus change/platform context.,39983233,https://www.afterbabel.com/p/phone-based-childhood-cause-epidemic,2026-09-21T19:44:34.808161+00:00,UTC
hn_40353291,Hacker News,public_comment,2024-05-14 09:40:15+00:00,2024-05-14,"I think the point is that for every Mr Beast view there are many more views of content by smaller creators, and whilst Amazon or a major network could definitely buy exclusive agreements with Mr Beast et al (and many leading stars already save a portion of their content for Patreon subscribers), they can't do that with the long tail. Plus if Mr Beast did end up exclusively on a network, YouTube's recommendation algorithms would surface other creators instead. That's even more true in much smaller niches. Amazon and the BBC actually did pick up a couple of the top narrowboat YouTube channels (and offered them more money and viewers than YouTube ever did) but if you want to search for videos on a particular boating location or how to fix a particular issue or just to have enough content to binge watch to live the lifestyle vicariously without the expense and complications of owning a boat, only YouTube will satisfy you.",YouTube's secret weapon to win the TV streaming wars: Its top creators,https://news.ycombinator.com/item?id=40353291,notahacker,,,,YouTube recommendation algorithm,Conservative keyword/context screen: recommendation/ranking/feed plus change/platform context.,40341036,https://www.hollywoodreporter.com/business/business-news/youtubes-secret-weapon-top-creators-1235894945/,2026-09-21T19:44:34.808161+00:00,UTC
hn_41066875,Hacker News,public_story,2024-07-25 10:23:08+00:00,2024-07-25,Twitter's Recommendation Algorithm (2023),Twitter's Recommendation Algorithm (2023),https://news.ycombinator.com/item?id=41066875,Bluestein,3.0,2.0,3.0,Twitter recommendation algorithm,Conservative keyword/context screen: recommendation/ranking/feed plus change/platform context.,41066875,,2026-09-21T19:44:34.808161+00:00,UTC
hn_41209665,Hacker News,public_comment,2024-08-10 14:11:57+00:00,2024-08-10,"The greatest sin of YouTube's current recommendation algorithm is its optimization for eyeball time (aka more ad capacity). Any tweaks around the edges will never be able to compete with that. And unfortunately that central tenet incentivizes creators to make clickbait content that plays on emotions, because that's the most reliable way to deliver what YouTube wants. (YouTube could decide it was optimizing for something else, but that would put a big dent in ad revenue)",Susan Wojcicki has died,https://news.ycombinator.com/item?id=41209665,ethbr1,,,,YouTube recommendation algorithm,Conservative keyword/context screen: recommendation/ranking/feed plus change/platform context.,41207415,https://twitter.com/sundarpichai/status/1822132667959386588,2026-09-21T19:44:34.808161+00:00,UTC
hn_41247573,Hacker News,public_comment,2024-08-14 16:01:28+00:00,2024-08-14,"> Sometimes I only want to see something in the 15 minutes that I'm dining alone. I think the YouTube recommendation algorithm you get from opening the app or viewing the front page is good for this. They have a lot of random content and when the algorithm gets to know you, it will suggest things of interest that can be consumed this way.",Show HN: If YouTube had actual channels,https://news.ycombinator.com/item?id=41247573,asveikau,,,,YouTube recommendation algorithm,Conservative keyword/context screen: recommendation/ranking/feed plus change/platform context.,41247023,https://ytch.xyz,2026-09-21T19:44:34.808161+00:00,UTC
hn_41250815,Hacker News,public_story,2024-08-14 21:44:22+00:00,2024-08-14,Source Code for Twitter's Recommendation Algorithm,Source Code for Twitter's Recommendation Algorithm,https://news.ycombinator.com/item?id=41250815,kklisura,1.0,0.0,1.0,Twitter recommendation algorithm,Conservative keyword/context screen: recommendation/ranking/feed plus change/platform context.,41250815,,2026-09-21T19:44:34.808161+00:00,UTC
hn_41305392,Hacker News,public_comment,2024-08-21 00:06:13+00:00,2024-08-21,"We are living through the best ever time to be a music lover. With so much good music being made and added to the existing body of recordings, together with the great (albeit commercially compromised) recommendation systems, it's just fantastic. Algos are useful for finding and playing music but they are just a tool. The human touch is needed to create the best musical experiences. That's why we need DJs now more than ever. To experience the best music, for you, you're going to have to do a bit of work to search out new sounds and old sounds. So go digging and create awesome playlists, for you, and share them: they'll probably be better than algo-created playlists. Algorithmic playlist systems are great but I believe we should counteract their prevalence by also supporting human efforts: by also listening to online radio stations and DJ mixes, supporting music journalism and publications (as well as buying physical media and merch, going to gigs, of course!) I don't understand exactly what this Google paper is describing but it sounds like it's going to anticipate whether I want to listen to up beat or down beat music. What a very googleish thing to do! - this doesn't help me at all. Also I'm turned off by it's opening statement: >We present a music recommendation ranking system that uses Transformer models to better understand the sequential nature of user actions based on the current user context. This comes across as nonsensical gobbledygook, but also a bit dystopian.",Transformers in music recommendation,https://news.ycombinator.com/item?id=41305392,fallinditch,,,,recommendation ranking,Conservative keyword/context screen: recommendation/ranking/feed plus change/platform context.,41293901,https://research.google/blog/transformers-in-music-recommendation/,2026-09-21T19:44:34.808161+00:00,UTC
hn_41361142,Hacker News,public_comment,2024-08-26 19:53:32+00:00,2024-08-26,"Even Instagram/Youtube's recommendation algorithms, which I find decent, tend to have a lot of recency bias. This is probably not a bug but rather an optimization to ensure I spend more time on screen. (chances are higher I like the stuff I most recently watched) Which goes toward the skewed incentives problem - what they want to happen is not what I want to happen. I find value in being reminded of old content I've been interested in.",Why don't we have personalized search engines?,https://news.ycombinator.com/item?id=41361142,enether,,,,YouTube recommendation algorithm,Conservative keyword/context screen: recommendation/ranking/feed plus change/platform context.,41337156,,2026-09-21T19:44:34.808161+00:00,UTC
hn_41365953,Hacker News,public_comment,2024-08-27 10:10:30+00:00,2024-08-27,"You didn't provide the link to SIO report, but I assume this is it: [1]. The report is mostly dedicated to teenagers trying to find ways to sell self-filmed content. You cherry-picked claims against Telegram to make allegations look more serious than they are, and didn't mention that there are more serious claims against Western platforms. This is a quote from the beginning of the report: > Large networks of accounts, putatively operated by minors, are openly advertising self-generated child sexual abuse material (SG-CSAM) for sale. (by the way this might be because it is very difficult to find a legitimate job if you are a teenager without any natural skills and talents. Why doesn't government do anything to change this? Where are teenagers from poor families supposed to get money from?) > Instagram is currently the most important platform for these networks, with features that help connect buyers and sellers > Instagram’s recommendation algorithms are a key reason for the platform’s effectiveness in advertising SG-CSAM. > Twitter had an apparent regression allowing CSAM to be posted to public profiles, despite hashes of these images being available to platforms and researchers. Can we expect to see Musk and Zuckerberg in the same jail with Durov then? Or justice doesn't apply to everyone equally? Note also that the report gives following recommendations in the conclusion: > When an account is identified as selling SG-CSAM, disabling the account should be accompanied by messaging to the seller to attempt to discourage recidivism. This messaging might include: > The fact that this content is widely illegal and can result in prosecution; being a minor does not prevent legal consequences So basically what reports suggests is not to do something to help teenagers from poor families to find a legitimate job, but to threaten them with a jail term for selling their own photos. So American! > A June report from the Stanford Internet Observatory found that Telegram was the only major platform not to forbid illegal material in private channels and chats. “ If you read the report, this means that Telegram's ToS do not explicitly forbid to post illegal material in private groups. But do you need to forbid explicitly what is already forbidden by the law? The report contains further claim though: > It further states that “All Telegram chats and group chats are private amongst their participants. We do not process any requests related to them This is alarming but this not exactly how it works because you can actually report messages even in one-to-one private chats, for example, if you get spam from a new contact, and they can get blocked. I never got illegal material from contacts (only spam) so I don't have experience reporting it. > Telegram has also been observed by SIO as failing to perform even basic content enforcement on public channels, with instances of known CSAM being detected and reported by our ingest systems If you read further, by ""failing to perform basic content enforcement"" they mean that Telegram doesn't check posted images again CSAM database, and imply that Telegram is obliged to do this. However, I am not sure if the law requires this. Now I want to comment on other vaguely written claims. > Telegram is a key component of the ecosystem of individuals trading and selling child sexual abuse materials, What makes Telegram a ""key component""? Did Durov designed Telegram and added features with primary intent to make selling illegal materials easier? This sounds implausible. > At the heart of the case is the absence of moderation Does he mean a lack of pre-moderation (reviewing every message before posting) or lack of response to reports? There definitely is moderation in Telegram, so the ""absense of moderation"" doesn't ring true to me. If would be good if they presented more details instead of vague words. > absence of ... cooperation ""cooperation"" is a vague word. Maybe France just wants to be able to read all messages in private groups under an excuse of fighting crime? This would be a completely different story then. [1] https://stacks.stanford.edu/file/druid:jd797tp7663/20230606-...",Snowden: The arrest of Durov is an assault on the basic human rights,https://news.ycombinator.com/item?id=41365953,codedokode,,,,Instagram algorithm change,Conservative keyword/context screen: recommendation/ranking/feed plus change/platform context.,41360808,https://twitter.com/Snowden/status/1827695836832334169,2026-09-21T19:44:34.808161+00:00,UTC
hn_41481300,Hacker News,public_comment,2024-09-08 16:27:06+00:00,2024-09-08,"It's ironic you say that as that is where these videos have been coming from more and more (YouTubes recommendation algorithm). Nine times out of ten, this one included, I'll see the video on YouTube THEN here in HN.",How a 16th Century Explorer's Sailing Ship Works,https://news.ycombinator.com/item?id=41481300,kylebenzle,,,,YouTube recommendation algorithm,Conservative keyword/context screen: recommendation/ranking/feed plus change/platform context.,41453119,https://www.youtube.com/watch?v=3pYqXrFx6S8,2026-09-21T19:44:34.808161+00:00,UTC
hn_41483633,Hacker News,public_comment,2024-09-08 22:04:04+00:00,2024-09-08,"Please note that Youtube is not preventing teenagers from watching fitness content. Rather, they are simply not recommending it as much in the Youtube recommendation algorithm. No new categories of videos will be age restricted. Does this change your view of Youtube's new stance?",YouTube will begin limiting access to fitness videos for European teens,https://news.ycombinator.com/item?id=41483633,blendergeek,,,,YouTube recommendation algorithm,Conservative keyword/context screen: recommendation/ranking/feed plus change/platform context.,41483439,https://www.euronews.com/health/2024/09/07/youtube-will-begin-limiting-access-to-fitness-videos-for-european-teens-heres-why,2026-09-21T19:44:34.808161+00:00,UTC
hn_41616979,Hacker News,public_comment,2024-09-22 13:37:22+00:00,2024-09-22,"I used LinkedIn to discover insights about various business domains (tax, e-commerce, marketing). I doubt Mastodon would have this sort of content, but happy to be proven wrong if you can provide some examples? HN is quite useful, but it tends to feature highly technical content most of the time. Which is absolutely fine, just not what I'm always interested in reading about. I'm not sure what you're referring to when it comes to Twitter's recommendation algorithm. I was able to easily filter out content/creators I dislike.",Tell HN: Twitter/X's social media product is so much better than LinkedIn's,https://news.ycombinator.com/item?id=41616979,mmarian,,,,Twitter recommendation algorithm,Conservative keyword/context screen: recommendation/ranking/feed plus change/platform context.,41616521,,2026-09-21T19:44:34.808161+00:00,UTC
hn_41709450,Hacker News,public_comment,2024-10-01 15:10:34+00:00,2024-10-01,">I haven't. Internet is nothing more than an addiction for me. Internet is dead and misanthropic nowadays. It's soulless and corporate. It used to be fun, artistic, creative, and educational. Now it's neither of those, with extremely few exceptions like Wikipedia. I feel like the reality is that every recommendation algorithm have been cranked up to 11 to throw garbage at you . The ""good old internet"" is not completely gone, all the thing you mentioned, fun, artistic, creative & educational are still there. I'd even say that when it come to educational it have actually massively gotten better, and still is, *but it is getting harder and harder to find it*. Google search is garbage, Youtube throw you shorts clickbaity shit, so does twitter, and Facebook is a wasteland. Yet the interesting blogs are still there, the youtube content creators are still producing educational content, artists are still producing stuff. *Search* has gotten worse. So you simply won't find as much as you used to, and your old channel is getting filled with SEO garbage and clickbait recommendation system preferences.",Dead Internet (2023),https://news.ycombinator.com/item?id=41709450,NalNezumi,,,,Twitter recommendation algorithm,Conservative keyword/context screen: recommendation/ranking/feed plus change/platform context.,41708918,https://darkfutura.substack.com/p/dead-internet,2026-09-21T19:44:34.808161+00:00,UTC
hn_41729254,Hacker News,public_comment,2024-10-03 10:32:07+00:00,2024-10-03,"Also the ""Following"" tab is still there in the regular twitter client which gives you the ""raw"" timeline of just tweets from people you follow (except below conversation threads where twitter still insists to append random tweets at the end). Then the next step to a sane timeline is to hide retweets for selected people who tend to retweet a lot of noise ;) The article mostly seems to be about ""don't interact with idiots on the internet"" though (well, no shit!), not about the broken recommendation algorithm.",The algorithm is killing Twitter and it's driving me insane,https://news.ycombinator.com/item?id=41729254,flohofwoe,,,,Twitter recommendation algorithm,Conservative keyword/context screen: recommendation/ranking/feed plus change/platform context.,41727021,https://hikari.noyu.me/blog/2024-10-02-the-algorithm-is-killing-twitter-and-its-driving-me-insane.html,2026-09-21T19:44:34.808161+00:00,UTC
hn_41737295,Hacker News,public_comment,2024-10-04 02:44:46+00:00,2024-10-04,"It's possible to build the platform you describe but not possible to make significant progress. Joe User won't visit that site, boring! They'll visit the exciting dramasite for all the sweet gossip. These site - twitter, facebook, etc... they aren't dividing humans per se by way of intent. They are black mirrors to human nature. The algorithms say, ""human, what entices your attention?"" ""Drama!"" ""Fights"" ""Polarizing topics that people 50/50 disagree/agree on"" . And so the algorithms delivered what the humans attention recommends - polarizing topics. And so we are now more polarized. Because this is rooted in human nature, and you can't change human nature, the solution is something needs to be legislated. You can't ban free speech. You can't ban how long people spend online, also freedom, any more than you can ban gambling or alcohol or drug addiction. So then it comes down to something like recommendation algorithm ethics (hah! can you imagine? But why is that not a thing?!? we have an intense AI ethics community but that other AI that is the recommendation AIs that powers sites, it's all crickets as far as rules and ethics). Well, we all know why, money. But ""medical ethics"" while being a field is also legislated as to unethical medical practices lead to severe consequences, perhaps a ""tech ethics"" type field would help improve such algorithms, or ""tethics"" for short. Congress grilled Mark Cuckerburg for all the suicides his tech stack causing, I figure if we're talking literal deaths here maybe have a bit more regulation>?",Anatomy of an internet argument,https://news.ycombinator.com/item?id=41737295,amy-petrik-214,,,,Twitter recommendation algorithm,Conservative keyword/context screen: recommendation/ranking/feed plus change/platform context.,41724881,https://defenderofthebasic.substack.com/p/anatomy-of-an-internet-argument,2026-09-21T19:44:34.808161+00:00,UTC
hn_41784243,Hacker News,public_comment,2024-10-09 03:30:44+00:00,2024-10-09,"A bit tangential, but it's interesting to see comments like ""we should start hosting our own websites"". We were discussing it with my friends, and it seems like there was a significant changes to what is considered as ""cool"" in terms of social validation. I understand that I'm dumbing it down right now, but it's not just AI that contributes to it. It's definitely accelerating this feeling though. In early 2010s when Instagram, Twitter, Facebook started getting big, all the websites and apps had this process of discovery that you had to go through to make it fun for yourself. It obviously turned some people off of it, and made the onboarding a bit harder, but you needed to follow some people, send some friend requests, and in the end you would mostly see things you've actively wanted to see. Even when the algorithms started sorting the timelines, it would still be (mostly) within the things you've chosen to see. Even Youtube's recommendation algorithm was pretty simple, and it would suggest extremely similar videos. I think it changed around 2016, when the algorithms started trying to determine what you like, based on your interaction with other things, rather than your explicit action of saying ""i want stuff from this person/channel/etc."". I'm sure a significant chunk of us have worked on similar algorithms, so you get the gist of it. But this change resulted in users getting attention from the global audience (because in order for algo to detect what you like, it has to throw in suggestions from everywhere). I get that forums have existed for decades, and people were getting Reddit karma since 2000s, but it was still more deliberate action when you wanted to see something. TikTok, YouTube and Instagram changed the entire playing field in the last 6 years or so, where your real life ""social score"" didn't have to be depend on whom you know in real world for anyone. It translates into - you can generate posts, content, whatever you wanna call it, for everyone rather than actively getting someone's attention. Like, going viral on YouTube was a big thing at some point. There's some ongoing meme-like comments saying ""you would be invited to Ellen's show in 2010"", which is kinda true because breaking out of the ""only seen by people whom you know"" box was extremely rare. Well, now, everyone, technically has a chance, which incentivizes people to constantly push out content. It doesn't matter, if you're doing it for just social media clout, or financial motives, and etc. It's just possible for something to go ""big"", albeit for minuscule benefits from it. So there's constant churn of... content. And now AI is just making it even simpler to create such content. But again, resulting in even further decrease of social importance of such pictures/videos/texts. I understand there's always a group of people that ""write/create/paint for themselves"", which I understand. I'm on a similar boat. But the if majority of creators have different incentives, the platforms will cater for them. And in this case, platform is the whole Internet, and incentives are ""financial, and seeking global attention"". Right now, it takes about a minute to create a video and post it on any of the websites, which was basically impossible back in the day. That barrier of entry, combined with one's deliberate discovery what, I think, was making the internet look more fun. I'm not touching the subject of ad-infestation in every corner, and it definitely accelerated the downward spiral of average quality of content. But in the end, I blame ourselves for choosing this path, because we could've put pressure on global-algorithms of YouTube, TikTok, and etc. We chose to not to do so, because, well, it still gives us dopamine hits.","Nearly all of the Google images results for ""baby peacock"" are AI generated",https://news.ycombinator.com/item?id=41784243,tokioyoyo,,,,Twitter recommendation algorithm,Conservative keyword/context screen: recommendation/ranking/feed plus change/platform context.,41767648,https://twitter.com/notengoprisa/status/1842550658102079556,2026-09-21T19:44:34.808161+00:00,UTC
hn_41853396,Hacker News,public_comment,2024-10-15 21:40:02+00:00,2024-10-15,"The quality of algorithm/recommendations on the platform has gone down sharply. In addition, I have noticed a slow uptick in bugs -- things failing to load, videos don't play, back button doesn't work, clicking profiles doesn't work. Elon's acquisition of twitter was a total blunder, such a dramatic destruction of value in only a couple short years. I am less inclined to pay for the subscription now than I was on day 1. Hard for me to believe that it has any kind of long term future other than just slowly fading in relevance. Based on its current trajectory I expect it to either turn into or be absorbed by a super-pac ajacent right-wing propaganda org.",X still struggles to grow subscription revenue,https://news.ycombinator.com/item?id=41853396,mlsu,,,,Twitter recommendation algorithm,Conservative keyword/context screen: recommendation/ranking/feed plus change/platform context.,41852556,https://techcrunch.com/2024/10/15/elon-musks-x-still-struggles-to-grow-subscription-revenue/,2026-09-21T19:44:34.808161+00:00,UTC
hn_42005282,Hacker News,public_comment,2024-10-31 10:20:31+00:00,2024-10-31,"> How would you go about writing the recommendation algorithm? I probably wouldn’t. Twitter, YouTube and Facebook were all invented before recommendation algorithms existed, and they worked great. Reddit still doesn’t use a recommendation algorithm. Would they make less money without this stuff? Yeah, probably. But I think that’s a good deal for humanity. I was really struck in The Social Dilemma how at the end they asked devs if they’d let their children use the platforms they’ve made. People interviewed overwhelmingly said no. If that’s the case, you know it’s bad. Just stop.",Ask HN: What are you working on? (October 2024),https://news.ycombinator.com/item?id=42005282,josephg,,,,Twitter recommendation algorithm,Conservative keyword/context screen: recommendation/ranking/feed plus change/platform context.,41966114,,2026-09-21T19:44:34.808161+00:00,UTC
hn_42012880,Hacker News,public_comment,2024-11-01 00:22:14+00:00,2024-11-01,"I think if the site owner did an honest self-assessment of their content (as suggested on the ""Creating helpful, reliable, people-first content"" page I linked) the problems with their content would be as obvious to them as they are to me. I won't speculate about why they attended this event despite running a site filled with content that's at odds with Google's published recommendations for ranking well.","I attended Google's creator conversation event, and it turned into a funeral",https://news.ycombinator.com/item?id=42012880,ytoawwhra92,,,,recommendation ranking,Conservative keyword/context screen: recommendation/ranking/feed plus change/platform context.,42002262,https://www.giantfreakinrobot.com/tech/google-creators-event.html,2026-09-21T19:44:34.808161+00:00,UTC
hn_42072465,Hacker News,public_comment,2024-11-07 01:58:55+00:00,2024-11-07,"That's is an interesting question. Actually, there is a lot more. About 30% people (of USA) use TT, ~60% under 30. You guess it, they don't to look only at dance videos. Social media had become a huge source of information for a big chunk of the population. On TT, and on most social media (SM), what you watch is mainly determined by the recommendation algorithm. This algo can hide subjects the SM can't put ad on but also subjects the they don't like and boost the one they do (shadow ban). That how you politicize SM. That about, the first thing Musk did with Twitter (after firing people). When it's a state controlled SM, it's more like foreign interference. There is a lot of books about that. It's documented, not a secret of something. Uyghurs for example, have been a subject of ban on TikTok, shadowing it heavily.",Trudeau government bans TikTok from operating in Canada,https://news.ycombinator.com/item?id=42072465,_ache_,,,,Twitter recommendation algorithm,Conservative keyword/context screen: recommendation/ranking/feed plus change/platform context.,42070946,https://www.cbc.ca/news/politics/tiktok-canada-review-1.7375965,2026-09-21T19:44:34.808161+00:00,UTC
hn_42088781,Hacker News,public_comment,2024-11-08 17:42:11+00:00,2024-11-08,"> They can both be checked by everyone and verified. No, that not what I mean. What you can't check is that they push something to someone specifically to make that person react in a certain way. That is not verifiable. Regardless of whether the content is true or false (that doesn't matter actually, or should I say it's less important whether it's true or not, obviously fake news are a problem but less important than that). > Adding new information to your life will modify your view of the world. Yes. And you should be able to choose what you add to your life, what you watch freely. Not a recommended algorithm that nobody understand how it works. > You are just using a feature of content to argue it should be banned. I'm sorry ? I don't understand what you are saying here. I read it many times, but I just don't understand what you mean. > But content is not opium It's debatable. Nearly 100% of TikTok traffic is recommended (it's an estimation) and as or some years ago(2015 ?), about 70% of Youtube was recommended (given by youtube). That mean people do not expressly choose what they watch and particularly, most of the traffic is compulsive. But it's debatable, you are right ""content is not opium"" but sometime it's consumed as if it were so how to deal with it ? > and free speech is sacrosanct Once again, yes. It's not about the content that is on TikTok, sorry if didn't make it clear. It's not about free speech. You can still say what ever you want. It's again too much power of TikTok. > I am fundamentally against anything whose goal is to avoid ""mass manipulation"" that is essentially saying we should ban things that get popular which we don't like That absolutely NOT my point. Effectively, my point promote to be against ""mass manipulation"" but absolutely not ""we should ban things that get popular which we don't like"". Remember that I also regret the ban. I think it was justified but I don't think it's a solution. As a French, I learn early in life « Je ne suis pas d’accord avec ce que vous dites, mais je me battrai jusqu’au bout pour que vous puissiez le dire. ». Which can be translated ""I don't agree with what you say, but I'll fight for you to be able to say it."". We both agree on that and as I learned, our definitions of free speech are slightly different but the differences are not relevant here I think. For example and to finish, a ""not so good solution"" but something that could have been done to not ban TT is to switch the recommendation algorithm to the one of (the old) Twitter (or the current one of Mastodon), where people could have followers and tweets were shown on a timeline from they followers. Now, I will again take twitter as example. The fact that Twitter (the new one, X) have an Open-source recommendation algorithm make it not ban-able for example. Not really, twitter/the-algorithm isn't up-to-date and the models must be shared along with the source code but it's an example. What I say is twitter doesn't have a lot to do to make it any ban unjustified, If someone say ""there is too much power from the platform (twitter) and there is manipulation from it"", Twitter just have to update the source code (and the models) and it's verifiable (with hard work, but not impossible). That the algorithm is biased is not the point, you have the right to consult media you know the algorithm is biased. The point is that the algorithm must be verifiable. Thank you for the debate. If I don't respond quickly enough, please send me an e-mail at ""ache-hn at ache.one"".",Trudeau government bans TikTok from operating in Canada,https://news.ycombinator.com/item?id=42088781,_ache_,,,,Twitter recommendation algorithm,Conservative keyword/context screen: recommendation/ranking/feed plus change/platform context.,42070946,https://www.cbc.ca/news/politics/tiktok-canada-review-1.7375965,2026-09-21T19:44:34.808161+00:00,UTC
hn_42150481,Hacker News,public_comment,2024-11-15 20:18:42+00:00,2024-11-15,"Threads seems unusable unless they change the algorithm. It defaults to For You and For You is 50% Instagram-style engagement bait, 50% people you've never heard of complaining about things you've never heard of, and 0% people you're actually following. If they fix that it could indeed be quite good, but it still feels too much like ""broadcasting"" vs ""conversation"", and I'm personally not ready to be popular like that. Bluesky does have a little toxic positivity but it's much better, and it's possible to chat with friends on it. (When I try enabling the algorithm features they still won't stop showing me gay porn though.)","Maybe Bluesky has ""won""",https://news.ycombinator.com/item?id=42150481,astrange,,,,Instagram algorithm change,Conservative keyword/context screen: recommendation/ranking/feed plus change/platform context.,42150278,https://anderegg.ca/2024/11/15/maybe-bluesky-has-won,2026-09-21T19:44:34.808161+00:00,UTC
hn_42227114,Hacker News,public_comment,2024-11-24 10:22:08+00:00,2024-11-24,"> the pervasive myth that conservative voices are somehow being censored or silenced, despite lots of evidence that conservative rage-bait gets disproprotionately more distribution on recommendation algorithms It can be true that both conservative content gets more widely shared AND that they're still being censored. There were countless high-profile conservatives banned from pre-Musk Twitter, YouTube and other social media. Likewise there's clear and obvious cases of conservative content being silenced like Donald Trump's interview on Joe Rogan kept off the YouTube trending page as the most recent example. But these are specific cases, you claim there's lots of evidence that conservatives on the whole get more distribution. I'm not sure I believe that without seeing your purported evidence, but even if studies proved that were the case it doesn't negate the fact that simultaneously there's a large amount of conservatives being censored on top of that, preventing their distribution from going even further.",Supreme Court allows multibillion-dollar class action to proceed against Meta,https://news.ycombinator.com/item?id=42227114,ajvs,,,,Twitter recommendation algorithm,Conservative keyword/context screen: recommendation/ranking/feed plus change/platform context.,42226081,https://apnews.com/article/supreme-court-meta-facebook-lawsuit-9173ad92e11df4b2a565418e419dfb88,2026-09-21T19:44:34.808161+00:00,UTC
hn_42244890,Hacker News,public_comment,2024-11-26 11:51:02+00:00,2024-11-26,"Found this on a post on Reddit (original source is linked below)- Bluesky: Bsky is crazy- unlike X, which took me months to get anywhere. On Bsky, the audience seemed really into the content that was being posted. I saw accounts with interests similar to the website's niche, so I followed and clicked through the link to the site. It's super motivating to see! Interactivity Studio: Super cool free marketing tool- I've noticed an increase in conversions and click-throughs when I embed interactive images of affiliate products on my site. The interactivity also helped decrease bounce rates for traffic coming from Pinterest. And yes, I post on the community to get more traffic from Interactivity Studio and add a link to my blog for a backlink. On one of my sites, I embedded a map with different regions linked to different pages. Worked much better to get my audience to check out more pages on my site. Unsplash: Yes, you heard me right- Unsplash. If you are in a visual niche and are taking original photos, posting them on Unsplash can be a goldmine- especially if you are running an agency type of business or a digital marketing type of business. Whenever someone downloads your photo, there is a chance they might give you attribution, which can improve your brand/ website visibility. I have tried the same with other stock image platforms too but Unsplash has shown the best results so far. Peerlist: At first I thought this was some wannabe Product Hunt, but then they did a feature launch of Peerlist articles. Even though most of the audience is into tech, I found that posting articles here works great for parasite SEO. If you are targeting low keyword difficulty keywords, you can rank much faster through Peerlist as articles get indexed relatively fast. Also, if you post on the weekly launchpad, you get a do-follow backlink. Dailymotion: Who here still remembers Dailymotion? At one point, they were actually bigger than YouTube. I have crossposted some of the long-form video content from my YouTube channel to Dailymotion. Surprisingly seeing similar results in terms of views here since the videos are also getting indexed in SERP. Threads It was a smooth transition setting up Threads since I already had an Instagram account with 100+ followers. I started to see some engagement when I posted links to my site. However, I shifted gears to see what people were searching for and what my competitors were not focusing on and created content accordingly. This helped grow my threads account and get more traffic to my site. Framer Plugins: This one is for the devs. Framer recently announced the launch of Framer Plugins. Much like WordPress plugins, this opens doors to multiple possibilities- especially if you are running a SaaS business. There are only 54 plugins as of the writing of this post, so your chances to get noticed and acquire new users is high- unlike WordPress, which literally has thousands of plugins. Webview Apps: I had a tool site that was in a high-competition niche. I got someone on Fiverr to turn my site into an Android app and published it to the Play Store. Since then, the app received more than 50,000 installs and has been a reliable source of traffic for me. Uneed(dot)best: This platform has come a long way since its launch. They're getting some serious traffic, and every tool/ website that you submit here gets featured which was a big w. The only downside is that if you don't make it to the top 3 upvoted products for the day, you don't get a do-follow backlink. But if you do, it'll send traffic to your website forever. Gumroad: If you are looking to grow your email list, or to create an additional source of revenue for your website, I found Gumroad to be quite effective. I created a downloadable digital product and listed it on Gumroad for free. Then I put a link on my site for users to get the 'Free Guide'. Built an email list from 0-100 in a matter of 1 month through this method. I found this to work far better than the Grow plugin I had mentioned in my post earlier. Flipboard: Before they changed the algorithm, things were going pretty well and I was seeing a decent number of outbound clicks. But now I am not sure anymore. I am a/b testing things to see what works and plant to double down on what actually does, but in the meantime, I still think that original content tends to do much better here. Google Classroom: If you are in the education niche, it might feel more native for your users to join your space in a Google Classroom. Once you build an audience here, you can add links to your content and drive targeted traffic to your website. If you are not in the education niche, telegram or WhatsApp are good places to build your audience. Slideshare: If the nature of your website involves documents, slideshows, etc, then posting them on Slideshare can be another great avenue to get more eyeballs on your content and website. I prefer Slideshare over Scribd or Issuu since the user experience is much nicher imo, but you can post on similar document-sharing platforms too. Link to the original post on Reddit- https://www.reddit.com/r/juststart/comments/1gvoiep/a_list_o...",Ask HN: Where to advertise my SaaS other than Google?,https://news.ycombinator.com/item?id=42244890,interactivity,,,,Instagram algorithm change,Conservative keyword/context screen: recommendation/ranking/feed plus change/platform context.,42227118,,2026-09-21T19:44:34.808161+00:00,UTC
hn_42278321,Hacker News,public_comment,2024-11-30 00:11:44+00:00,2024-11-30,"I was commenting on Twitter the other night just how bad Twitter's recommendations --- now hard to avoid, since everyone's funneled into the official web app --- have become; it's all random US political figures that don't intersect any of my interests. I likened it to 2003, when people fled Windows for the MacBook over issues like crapware (which: the X algorithm basically is). And: a lot of early MacBook adopters, most especially the ones that had been there for a long time, were insufferable! But we hit a point where one product was clearly better than the other, and you roll the tape forward and see how good the long-term prospects are for the niche product that just does what all its real users actually want it to. Hard to imagine why someone would go through so much trouble to acquire Twitter just to Ballmer-ize it. You usually have to have started and built up a product yourself to screw it up this badly.",The Engagement Is Better on Bluesky,https://news.ycombinator.com/item?id=42278321,tptacek,,,,Twitter recommendation algorithm,Conservative keyword/context screen: recommendation/ranking/feed plus change/platform context.,42277963,https://bsky.social/about/blog/11-29-2024-engagement,2026-09-21T19:44:34.808161+00:00,UTC
hn_42278403,Hacker News,public_comment,2024-11-30 00:26:20+00:00,2024-11-30,"I found that some aggressive gardening of the 'For You' feed on Twitter made it borderline useful (By gardening I mean clicking the 'not interested in this post' option pretty aggressively). Eventually this seems to revert the recommendation algorithm to pre-Musk behavior. That said, this might be different on phones than on the web app. To your larger point, I think BlueSky is hobbled right now by the religious committment to decentralization, which the new arrivals don't care about at all. I would compare the situation to a world where people had to flee Windows for Linux—neither alternative is one that just works the way you'd want it to.",The Engagement Is Better on Bluesky,https://news.ycombinator.com/item?id=42278403,idlewords,,,,Twitter recommendation algorithm,Conservative keyword/context screen: recommendation/ranking/feed plus change/platform context.,42277963,https://bsky.social/about/blog/11-29-2024-engagement,2026-09-21T19:44:34.808161+00:00,UTC
hn_42347094,Hacker News,public_comment,2024-12-07 03:47:15+00:00,2024-12-07,"Tangent: There's a study that I can't access, but the abstract claims that during the 2020 election, chronological feeds exposed Facebook users to more ""untrustworthy content"", without necessarily having an effect on people's political knowledge or polarization [1]: > We investigated the effects of Facebook’s and Instagram’s feed algorithms during the 2020 US election. We assigned a sample of consenting users to reverse-chronologically-ordered feeds instead of the default algorithms. Moving users out of algorithmic feeds substantially decreased the time they spent on the platforms and their activity. The chronological feed also affected exposure to content: The amount of political and untrustworthy content they saw increased on both platforms, the amount of content classified as uncivil or containing slur words they saw decreased on Facebook, and the amount of content from moderate friends and sources with ideologically mixed audiences they saw increased on Facebook. Despite these substantial changes in users’ on-platform experience, the chronological feed did not significantly alter levels of issue polarization, affective polarization, political knowledge, or other key attitudes during the 3-month study period. [1] https://www.science.org/doi/10.1126/science.abp9364",TikTok divestment law upheld by federal appeals court,https://news.ycombinator.com/item?id=42347094,hn_acker,,,,Instagram algorithm change,Conservative keyword/context screen: recommendation/ranking/feed plus change/platform context.,42340959,https://www.cnbc.com/2024/12/06/tiktok-divestment-law-upheld-by-federal-appeals-court.html,2026-09-21T19:44:34.808161+00:00,UTC
hn_42454480,Hacker News,public_comment,2024-12-18 20:07:21+00:00,2024-12-18,"> Nor would they encourage smartphone manufacturers to better sandbox users from profiling by apps, nor would they pass laws placing restrictions on the seedy data broker industry, nor would they pass laws preventing telcos from selling your data to the data brokers. Even with this legislation, the Chinese government can just buy similar data from data brokers who aggregate it from Facebook, Google, Snapchat, Twitter and other social media outlets. Hell, they can probably just buy TikTok's data from data brokers too - the law doesn't block TikTok selling their data anymore than it blocks Facebook et al. So... it's pretty clear this isn't really about surveilling U.S. citizens. That's just a convenient excuse. Per the WSJ's article today: > ""Lawmakers received classified briefings in which intelligence officials warned that China could use the app to spread Chinese propaganda and surveil Americans."" The other cited reason is ""Chinese propaganda"". But foreign governments already massively plant and promote propaganda across U.S. owned social networks - both overtly with paid ads and covertly with highly sophisticated astroturfing campaigns which manipulate social media recommendation algorithms. I'm not really sure the Chinese government theoretically having direct control of TikTok's algorithm vs indirectly manipulating the same algorithm from the outside is that big of a strategic advantage. Any manipulation has to be subtle because the TikTok algorithm has to remain highly optimized for retaining viewers as the highest priority. Pushing government favored propaganda has to be strictly limited so it doesn't nerf retention or become obvious. Also, despite the massive resources foreign (and domestic) governments have dedicated to propagandizing social media, most experts think it hasn't been all that effective. It can occasionally shift broad public opinion a tiny bit but, like overt political advertising, more meaningful movement tends to be limited to partisans who already agreed anyway. The overall predictability, repeatability and ROI are falling while the costs of adapting to game the system and avoid detection continue to increase. So, let me try to 'steel man' the government's case here... if the Chinese government actually does control TikTok's algorithm and data in a meaningful way, and assuming this actually gives them a significant effectiveness advantage and/or cost discount, maybe the true purpose of the U.S. legislation is to force the Chinese government to pay the same costs the U.S. government, U.S. political parties and foreign governments have to pay when trying to manipulate social media? Even assuming all that to be true, it doesn't sound important enough to be worth trying to tiptoe around the first amendment. Maybe the primary driver really is just political grandstanding and appearing to ""do something"" on an issue that naively appears 'important' to most voters. (As usual, it doesn't matter that the ""something"" being done won't change much. The important thing is appearing to do it.)",U.S. Supreme Court will hear arguments over TikTok divestment law,https://news.ycombinator.com/item?id=42454480,mrandish,,,,Twitter recommendation algorithm,Conservative keyword/context screen: recommendation/ranking/feed plus change/platform context.,42452131,https://www.cnbc.com/2024/12/18/tiktok-ban-supreme-court-will-hear-arguments.html,2026-09-21T19:44:34.808161+00:00,UTC
hn_42474708,Hacker News,public_comment,2024-12-20 20:28:28+00:00,2024-12-20,Did you know that YouTube used to have this exact feature? It was called subscription collections and they publicly promised that they would replace that feature with something better when they removed it. That never happened. It's been 9 maybe 10 years since they said that. [1] The removal of that feature was an intentional push to take away user agency and push them into using YouTube's recommendation algorithm. The lying was a way to misdirect user complaints until it was too late. [1] https://news.ycombinator.com/item?id=38101629#38104494,Grayjay Desktop App,https://news.ycombinator.com/item?id=42474708,hysan,,,,YouTube recommendation algorithm,Conservative keyword/context screen: recommendation/ranking/feed plus change/platform context.,42473032,https://grayjay.app/desktop/,2026-09-21T19:44:34.808161+00:00,UTC
hn_42601277,Hacker News,public_comment,2025-01-05 12:12:36+00:00,2025-01-05,"The metaphor of ""funhouse mirrors"" of distorted perception is apt. We have installed toxic channels of deeply negative behaviours into our society. Now we find ourselves trying to protect reality . The paper mentions all the points of concern, with even a brief reference to... the money . Given the enormous influence of advertising revenue (i.e. how these corporations survive), these sections in the paper are essential to consider: => Whose opinions are represented online? => Why are false norms worse online than offline? From the first section (Whose opinions are represented online?): """"False norms emerge, in part, because social media is dominated by a small number of extreme people who post only their most extreme opinions, and do so at a very high volume (Bor & Petersen, 2022) , while more moderate or neutral opinions are practically invisible online. Encountering a disproportionate volume of extreme opinions can lead to false perceptions that the norms are far more extreme than they actually are. This occurs across domains and platforms."""" From the second section (Why are false norms worse online than offline?): """"Social media operates in an attention economy, where design features and algorithms are designed to elicit as much engagement as possible (Fisher , 2022; Van Bavel et al., 2024). Platforms then sell ad space to companies based on indices of attention. As such, there is a strong incentive for users to create content that maximizes engagement–rather than content that reflects reality. And, given that those who are the most active on social media are also the most extreme (Barberá & Rivero, 2015; Bor & Petersen, 2022 ), this creates a perverse incentive structure to reward surprising, negative, extreme or divisive content. For instance, news stories that express outgroup animosity are 67% more likely to be shared on social media (Rathje et al., 2021). Thus, people with more extreme or hostile beliefs tend to dominate discourse – drowning out or overshading more mild or nuanced content (Bail, 2022) and leading to false beliefs about the norms of a community . These online dynamics are amplified by the design features and recommendation algorithms on various platforms (Brady et al., 2020; Brady , Jackson, et al., 2023). For instance, a recent analysis of the algorithm on Twitter/X found that it prioritizes evocative content (Milli et al., 2023) . This incentivizes users to create this type of content which can help them build a large following while warping public perceptions of norms. This is compounded due to the fact that there is often little motivation for someone to post a nuanced or moderate opinion on social media. Moreover , nuanced or moderate posts often risk hostility from more extreme ingroup and outgroup members, especially since such hostility has no cost for the aggressor due to the social distance the online environment af fords (Robertson et al., in press) . Indeed, people who are politically moderate were more likely to report being harassed online, even though they were also less likely to post (Bail, 2022) . People who hold less extreme beliefs have less investment in arguing, and when attacked by people who have more strongly held beliefs, perceive it as more hostile. The fact that people who “troll” other people typically have higher dark triad characteristics also does not encourage nuanced debate (Brubaker et al., 2021"""" === The very real effects of social media on actual public discourse (extreme opinions, insults, threats) can be observed everywhere in daily life. And even on HN, where moderation has been successful, I have no doubt that dang and other moderators could recount dreadful things.",Social Media Distorts Perceptions of Norms,https://news.ycombinator.com/item?id=42601277,heresie-dabord,,,,Twitter recommendation algorithm,Conservative keyword/context screen: recommendation/ranking/feed plus change/platform context.,42600626,https://osf.io/preprints/psyarxiv/kgcrq,2026-09-21T19:44:34.808161+00:00,UTC
hn_42743280,Hacker News,public_comment,2025-01-17 21:11:45+00:00,2025-01-17,"TikTok has replaced Reddit for me (I can expand more on why I stopped using Reddit, but it's not related to TikTok) in terms of ""checking what's up on the internet"" or as Reddit would put it ""Checking the homepage of the internet"". I trust TikTok's ""algorithm"" to give me quick and entertaining short-bits about what's going on, what's interesting, etc. It learns what I'm into effortlessly, and I appreciate how every now and then it would throw in a completely new (to me) genera or type of content to check out. Whenever I open it, there is a feed that's been curated to me about things I'm interested in checking out, few new things that are hit or miss (and I like that), and very few infuriating/stupid (to me) things. Its recommendation engine is the best I have used. It's baffling how shitty YouTube's algorithm is. I discover YouTube channels I'm into form TikTok. Sometimes I'd discover new (or old) interesting videos from YouTube channels I already follow from TikTok first. For example, I follow Veritasium and 3Blue1Brown on YouTube but I certainly haven't watched their full back catalog. YouTube NEVER recommends to me anything from their back catalog. When I'm in the mood, I have to go to their channel, scroll for a while, then try to find a video I'd be interested in from the thumbnail/title. And once I do, YouTube will re-recommend to me all the videos I have already watched from them (which are already their best performing videos). Rarely would it recommend something new from them. On TikTok, it frequently would pull clips from old Veritasium or 3Blue1Brown videos for me which I'd get hooked after watching 10 seconds, then hob on YouTube to watch the full video. It's insane how bad YouTube recommendation algorithm is. Literally the entire ""recommended"" section of youtube is stuff I have watched before, or stuff with exactly the same content as things I have watched before. Here is how I find their recommendation algorithm to work: YouTube: Oh you watched (and liked) a brisket smoking video? Here is that video again, and 10 other ""brisket smoking videos"". These are just gonna be stuck on your home page for the next couple of weeks now. You need to click on them one by one and mark ""not interested"" in which case you're clearly not interested in BBQ or cooking. Here are the last 10 videos you watched, and some MrBeast videos and some random YouTube drama videos. TikTok: Oh you watched (and liked) a brisket smoking video? How about another BBQ video, a video about smokers and their models, some videos about cookouts and BBQ side dishes, a video about a DIY smoker, another about a DIY backyard project for hosting BBQ cookouts, a video about how smoke flavors food, a video about the history of BBQ in the south, a video about a BBQ joint in your city (or where ever my VPN is connected from), etc. And if you're not interested in any of those particular types, it learns from how long you spend watching the video and would branch more or less in that direction in the future. Another example is search. Search for ""sci fi books recommendations"": YouTube: Here are 3 videos about Sci-Fi books. Here are 4 brisket smoking videos. Here are some lost hikers videos (because you watched a video about a lost hiker 3 weeks ago). Here are 3 videos about a breaking story in the news. Here are 2 videos about sci-fi books, and another 8 about brisket. TikTok: Here is a feed of videos about Sci-Fi books. And I'll make sure to throw in sci-fi book videos into your curated feed every now and then to see if you're interested.","Supreme Court upholds TikTok ban, but Trump might offer lifeline",https://news.ycombinator.com/item?id=42743280,eddythompson80,,,,YouTube recommendation algorithm,Conservative keyword/context screen: recommendation/ranking/feed plus change/platform context.,42738464,https://www.cnbc.com/2025/01/17/supreme-court-rules-to-uphold-tiktok-ban.html,2026-09-21T19:44:34.808161+00:00,UTC
hn_42747326,Hacker News,public_comment,2025-01-18 10:28:44+00:00,2025-01-18,"I worry about YouTube RSS feeds getting popular and Google killing them. Every time I see them discussed publicly I have this ""Ssshh! Keep it on the down low!"" reaction. I browse YouTube anonymously, have an ad blocker setup that pretty much eliminates all ads, and track my ""subscriptions"" with RSS. It's highly usable. I use a fork of tt-rss and actually embed the YouTube videos in the reader pane so I never see any of YouTube's algorithmic recommendation schlock (beyond recommendations at the end of videos, which I ignore). Browsing YouTube, the site, is a jarring nightmare. I am considering having my podcatcher use a YouTube downloader to just pull down all the videos in the feeds I watch. I believe Google is throttling yt-dlp to realtime speeds, but I figure if my podcatcher is doing it behind the scenes that shouldn't matter. I maintain curated collections of podcasts I like (in case they ever disappear), and since I just added 40TB if storage to my home system I figure it's time to do that with YouTube too.","I've been advocating for RSS support, and you should too",https://news.ycombinator.com/item?id=42747326,EvanAnderson,,,,YouTube recommendation algorithm,Conservative keyword/context screen: recommendation/ranking/feed plus change/platform context.,42746222,https://reedybear.bearblog.dev/ive-been-advocating-for-rss-support-and-you-should-too/,2026-09-21T19:44:34.808161+00:00,UTC
hn_42757270,Hacker News,public_comment,2025-01-19 14:27:45+00:00,2025-01-19,"the point is that US has clear and direct influence to twitter/facebook/instagram algorithms and recommendations and they can suppress one topic or another. it is not the case with tiktok, and this is primary reason for this ban",TikTok goes dark in the US,https://news.ycombinator.com/item?id=42757270,akoncius,,,,Twitter recommendation algorithm,Conservative keyword/context screen: recommendation/ranking/feed plus change/platform context.,42753396,https://techcrunch.com/2025/01/18/tiktok-goes-dark-in-the-u-s/,2026-09-21T19:44:34.808161+00:00,UTC
hn_42761435,Hacker News,public_comment,2025-01-19 20:26:46+00:00,2025-01-19,"I engaged directly with what you said. Namely, >Obviously the transfer of ownership was always about the content I’m struggling to see why you say I didn’t. > you don't need to do any actual censoring because American business leaders change their political opinions in line with the sitting administration I think this is blatantly not true. Instagram, reddit, and others host a TON of anti-current-administration content. Now, I’d like to discuss your assertion that there is no other security argument with a series of questions. I do not believe even a casual observer can uniformly answer “no” to the following; Do you think it is likely that CCP has access to the data obtained by Tik Tok on US phones? Do you think the US government warnings and security audit results were based on real concerns and findings? Do you think it is a national security risk for millions of Americans to run CCP controlled code on their phones? Do you think CCP is able to control the Tik Tok recommendation algorithms to promote their interests, possibly at the expense of American interests?",TikTok says it is restoring service for U.S. users,https://news.ycombinator.com/item?id=42761435,LPisGood,,,,Instagram algorithm change,Conservative keyword/context screen: recommendation/ranking/feed plus change/platform context.,42759336,https://www.nbcnews.com/tech/tech-news/tiktok-says-restoring-service-us-users-rcna188320,2026-09-21T19:44:34.808161+00:00,UTC
hn_42768374,Hacker News,public_comment,2025-01-20 13:14:33+00:00,2025-01-20,"> Parent talks about Meta, you mention Microsoft. Meta is in the social networking domain Microsoft operated its own popular social network in China, called MSN Messenger. Tens of millions Chinese users were on that platform for like a decade until the release of mobile based WeChat. > which the communist party in China has treated for years as a matter of national security It is a matter of national security, we all saw what happened on twitter shortly before the 6th Jan 2021 attack. https://www.presidency.ucsb.edu/documents/tweets-january-5-2... https://www.presidency.ucsb.edu/documents/tweets-january-6-2... That is the exact reason why everyone agreed that TikTok must host all US data and its deployed recommendation algorithm code in the US with 3rd party audit access by an appointed US entity. The only question here is why should Meta and Google be exempted from the exact same rules if they want to operate their services in China.",TikTok says it is restoring service for U.S. users,https://news.ycombinator.com/item?id=42768374,tw1984,,,,Twitter recommendation algorithm,Conservative keyword/context screen: recommendation/ranking/feed plus change/platform context.,42759336,https://www.nbcnews.com/tech/tech-news/tiktok-says-restoring-service-us-users-rcna188320,2026-09-21T19:44:34.808161+00:00,UTC
hn_42794738,Hacker News,public_comment,2025-01-22 16:48:32+00:00,2025-01-22,"Things that worked for me: 1. Disabling all YouTube thumbnails, making the YouTube home page layout as a vertical list instead of a grid, only allowing YouTube in Incognito mode, requiring a log in each time I want to use it 2. Unfollowing/muting most people on social media such as Instagram and Twitter. Only allowed in Incognito mode so I have to log in to use. 3. Blocked all subreddits except for one, which is AskNYC for me, via custom CSS. 4. Built an RSS reader to serve a web page rendering of the content. 5. I'm working on my own content recommendation algorithm. I'm trying out things like get a random Wikipedia article -> search the YouTube API for the article title -> return videos. Which makes YouTube content feel less brain dead and more educational.",My Struggle with Doom Scrolling,https://news.ycombinator.com/item?id=42794738,65,,,,Twitter recommendation algorithm,Conservative keyword/context screen: recommendation/ranking/feed plus change/platform context.,42791428,https://allthatjazz.me/posts/doom-scrolling-struggles,2026-09-21T19:44:34.808161+00:00,UTC
hn_42913493,Hacker News,public_comment,2025-02-03 00:37:34+00:00,2025-02-03,"What does that even mean? Treating each iterative model as a new product is not any different than Google changing its search or youtube recommendation algorithm. Different pre-cooked prompts and filters don’t really amount to new products either, despite them being marketed as such. It’s like adobe treating each tool in photoshop as its own product.",Introducing deep research,https://news.ycombinator.com/item?id=42913493,kortilla,,,,YouTube recommendation algorithm,Conservative keyword/context screen: recommendation/ranking/feed plus change/platform context.,42913251,https://openai.com/index/introducing-deep-research/,2026-09-21T19:44:34.808161+00:00,UTC
hn_42937443,Hacker News,public_comment,2025-02-04 19:34:57+00:00,2025-02-04,"I think this is a valid point and a really interesting question. If that's the standard, we need to regulate all recommendation algorithms. (i.e. put limits on Twitter, Instagram, and YouTube as well.) How could we regulate this? I can think of two ways: - Results-based enforcement. i.e., companies are free to use whatever recommendation model they like, but have to recommend content within ideological bounds. i.e., you can't bias toward one partisanship more than X%. There's some precedent for this with the equal-time rule ( https://en.wikipedia.org/wiki/Equal-time_rule ) and FCC fairness doctrine ( https://en.wikipedia.org/wiki/Fairness_doctrine ). - Algorithm-based enforcement. i.e., there are limits on the algorithm itself. Perhaps you have to present your algorithm to a government agency and provide a proof that it obeys certain properties. But the enforcement here is analytical rather than empirical.",TikTok's algorithm exhibited pro-Republican bias during 2024 presidential race,https://news.ycombinator.com/item?id=42937443,xiii1408,,,,Twitter recommendation algorithm,Conservative keyword/context screen: recommendation/ranking/feed plus change/platform context.,42936002,https://www.psypost.org/tiktoks-algorithm-exhibited-pro-republican-bias-during-2024-presidential-race-study-finds/,2026-09-21T19:44:34.808161+00:00,UTC
hn_42999954,Hacker News,public_comment,2025-02-10 13:24:39+00:00,2025-02-10,"I completely agree, though I haven't been thinking in terms of the cancer metaphor myself. I have been thinking a bit about how we could limit the negative effects of both advertising and other phenomena like social media algorithms: 1. Almost all advertising is based on manipulation of human cognitive biases. There is a limited set of biases, and the mechanisms by which they can be exploited are both limited and easily detected – we can most likely train AI to do it. Therefore, it's possible to start thinking seriously about making laws that ban corporations and organisations from creating marketing that exploits these cognitive biases. 2. When it comes to social media platforms, there are two routes we could go down. Either we could regulate their algorithms the same way – or we could force social media platforms to both make their recommendation algorithms open source, and to open up their platforms to third-party recommendation algorithms that people can choose to use instead. This would be like a recommendation algorithm app store that the company has to provide to their users. You might want to select a youtube recommendation algorithm that optimises for personal development – or a facebook feed that optimises for creating real-world connections Of course corporations would fight this kind of legislation with tooth and claw, but that's how it is. I would be happy to get some thoughtful feedback on these ideas, their technical and legal plausibility, and any potential negative unintended consequences or loopholes that could undermine them",Advertising Is a Cancer on Society (2019),https://news.ycombinator.com/item?id=42999954,Henk0,,,,YouTube recommendation algorithm,Conservative keyword/context screen: recommendation/ranking/feed plus change/platform context.,42999561,https://jacek.zlydach.pl/blog/2019-07-31-ads-as-cancer.html,2026-09-21T19:44:34.808161+00:00,UTC
hn_43017972,Hacker News,public_comment,2025-02-11 20:31:17+00:00,2025-02-11,"Thanks for your thoughts! Yes, it does to an extent rely on your direct / extended network having pets - and just as with the established platforms there is no guarantee :) - but also nothing much to lose^^ Worst case get is a solid foundation that you can print out and plaster all across your city and facebook groups. Most of my petsitting jobs didn’t come from the established platforms so it can work as a cure for those who are underwhelmed by the platforms. When you create a card you get a personalised message containing all the relevant location hashtags and pet preferences as hashtags e.g. #catsitting or #reptilesitting . People who have those interests (pet owners, travel-affine) would then see it more likely (besides your own connections who might know someone etc.). Another idea would be to share the card on an Instagram profile and run targeted ads to wherever you want to sit next - so pet owners from there can reach out to you directly. And if there is no luck through direct connections, there are still the good old local facebook groups :). Especially on a place like LinkedIn however which otherwise is full of ""I have a new job""-posts, pet content serves as a good antidote - and LinkedIn's algorithms are very much in favour of showing content to 2nd and 3rd connections. I think LinkedIn is a good place to experiment since there are many professionals in stable life situations who do travel abroad once in a while and maybe even create lasting personal connections across countries. In general it is more meant to break the ice, get the word out, leave an impression and maybe next time your 1st, 2nd or 3rd connections need a sitter they think of you. I actually had the backend built, with user access, password etc so users would have a live card on the page they could share - but the larger the project grew, the longer changes took - and I did not like the idea of becoming a middleman myself, be in charge of the data and user account / database management. It would have become yet another platform. This was really the result of recycling the idea and re-empathising the M in MVP and making it more accessible for people to spread the message :)",Show HN: Petset.Life – Toolkit for becoming a nomad petsitter,https://news.ycombinator.com/item?id=43017972,philjw,,,,Instagram algorithm change,Conservative keyword/context screen: recommendation/ranking/feed plus change/platform context.,43016946,https://petset.life/,2026-09-21T19:44:34.808161+00:00,UTC
hn_43204126,Hacker News,public_comment,2025-02-28 10:43:21+00:00,2025-02-28,"That's really interesting - just made me think about some AI guy at Twitter (when it was called that) talking about how hard it is to create a recommender system that doesn't just flood everyone with what's popular righr now. Since LLMs are neural networks as well, maybe the recommendation algorithms they learn suffer from the same issues",GPT-4.5,https://news.ycombinator.com/item?id=43204126,torginus,,,,Twitter recommendation algorithm,Conservative keyword/context screen: recommendation/ranking/feed plus change/platform context.,43197872,https://openai.com/index/introducing-gpt-4-5/,2026-09-21T19:44:34.808161+00:00,UTC
hn_43279112,Hacker News,public_comment,2025-03-06 11:49:38+00:00,2025-03-06,"> I think the web itself could have been the platform. The web itself does not suggest new content. People really want novelty. They want a feed of new and interesting stuff, without having to make too much curatorial effort of their own. So there's been generations of ""link aggregator"" sites: slashdot, k5, digg, reddit, HN itself. As well as that being a key part of twitter and now bluesky use. Providing a feed is also crucial to youtube and TikTok - the recommendation algorithm for TikTok is ultimately what got it ""banned"" in the US, and then unbanned when they agreed to change the propaganda to something more favourable to Trump. I use bluesky, but I'm not really optimistic about it any more. It's doomed by the all-consuming US news cycle.",Forget Twitter Threads; Write a Blog Post Instead (2021),https://news.ycombinator.com/item?id=43279112,pjc50,,,,Twitter recommendation algorithm,Conservative keyword/context screen: recommendation/ranking/feed plus change/platform context.,43277924,https://kevquirk.com/blog/forget-twitter-threads-write-a-blog-post-instead,2026-09-21T19:44:34.808161+00:00,UTC
hn_43303457,Hacker News,public_comment,2025-03-08 20:59:16+00:00,2025-03-08,"If you're a longtime YouTube consumer, you know that the platform has become just as enshittified as Twitter or Instagram, jumping on the micro-attention infini-scroll band-wagon with YouTube Shorts. My solution to the horrendous algorithmic recommendations that YouTube tees up these days is DF Tube (Distraction Free YouTube). It's a plugin available on the Firefox & Chrome app stores, perhaps others. As with all browser plugins, decide whether you're willing to trust the developer. DF Tube goes the full mile by attacking the YouTube DOM and eliminating (with extreme prejudice) anything other than a search bar, a video, and core menu functions. That means the following are gone: - Notification Bell - Feed - Autoplay - Trending - Comments/Live comments - Related videos Here's a link to chrome: https://chromewebstore.google.com/detail/df-tube-distraction... Here's a link to firefox: https://addons.mozilla.org/en-US/firefox/addon/df-youtube/",Kill your Feeds – Stop letting algorithms dictate what you think,https://news.ycombinator.com/item?id=43303457,gnarlouse,,,,Twitter recommendation algorithm,Conservative keyword/context screen: recommendation/ranking/feed plus change/platform context.,43302132,https://usher.dev/posts/2025-03-08-kill-your-feeds/,2026-09-21T19:44:34.808161+00:00,UTC
hn_43576679,Hacker News,public_comment,2025-04-03 23:25:55+00:00,2025-04-03,"Agree. The base claims about LLMs getting bigger, more popular, and capturing people's imagination are right. Those claims are as easy as it gets, though. Look into the specific claims and it's not as amazing. Like the claim that models will require an entire year to train, when in reality it's on the order of weeks. The societal claims also fall apart quickly: > Censorship is widespread and increasing, as it has for the last decade or two. Big neural nets read posts and view memes, scanning for toxicity and hate speech and a few other things. (More things keep getting added to the list.) Someone had the bright idea of making the newsfeed recommendation algorithm gently ‘nudge’ people towards spewing less hate speech; now a component of its reward function is minimizing the probability that the user will say something worthy of censorship in the next 48 hours. This is a common trend in rationalist and ""X-risk"" writers: Write a big article with mostly safe claims (LLMs will get bigger and perform better!) and a lot of hedging, then people will always see the article as primarily correct. When you extract out the easy claims and look at the specifics, it's not as impressive. This article also shows some major signs that the author is deeply embedded in specific online bubbles, like this: > Most of America gets their news from Twitter, Reddit, etc. Sites like Reddit and Twitter feel like the entire universe when you're embedded in them, but when you step back and look at the numbers only a fraction of the US population are active users.",AI 2027,https://news.ycombinator.com/item?id=43576679,Aurornis,,,,Twitter recommendation algorithm,Conservative keyword/context screen: recommendation/ranking/feed plus change/platform context.,43571851,https://ai-2027.com/,2026-09-21T19:44:34.808161+00:00,UTC
hn_43594003,Hacker News,public_comment,2025-04-05 15:00:13+00:00,2025-04-05,"I don't really believe porn addiction ever really was normalized. The layperson definition of ""addiction"" is just something that someone is habitually occupied with. The medical definition of ""addiction"" is more like something that you have a serious dependence to, to the point where it impacts your life and it would cause distress to be without it. And don't get me wrong, I am not saying that there are not people with a sex or porn addiction, but I think it is woefully uncommon. I'm pretty sure if you take the average person that the Internet classifies as a ""gooner"" or ""porn addict"" and took away all of their porn, they would be completely fine. It's the same for those stupid mobile games, too. They get the vast majority of their money from a small minority of people, and even then , not all of those whales are addicted either, some of them are just well off enough and choose to spend their money on frivolous things, no different than people with thousands of vinyl figures (and although I think they have a bad taste in figures, I doubt most of them have a serious problem.) What I do think was normalized in the late 90s and early 2000s was extrarordinary crudeness and overt sexuality, but I don't think there was really a point at which people were normalizing getting psychologically dependent on pornography. It'd be kind of hard to normalize that since it's more about the specific person than it is the thing they're dependent on. This also does not mean that social media or algorithms aren't fucking with our brains in other ways. And I'm going to be honest, I have absolutely no idea what the porn algorithms are or what they're doing. I don't use Pornhub or sites like Pornhub (yes, I know, ""sure you don't"", but I'm serious.) I do use YouTube constantly , and I don't think I'm addicted to YouTube. I'm not addicted to Technology Connections or Practical Engineering. I'm sure the YouTube recommendation algorithm is fucking with my brain, but I wouldn't call anything it's doing an addiction. I'm also sure this is true for a majority of TikTok users, even though it's a ton more... well, what us laypeople would call ""addicting"".",Are porn algorithms feeding a generation of paedophiles – or creating one?,https://news.ycombinator.com/item?id=43594003,jchw,,,,YouTube recommendation algorithm,Conservative keyword/context screen: recommendation/ranking/feed plus change/platform context.,43592353,https://www.theguardian.com/society/2025/apr/05/i-didnt-start-out-wanting-to-see-kids-are-porn-algorithms-feeding-a-generation-of-paedophiles-or-creating-one,2026-09-21T19:44:34.808161+00:00,UTC
hn_43598096,Hacker News,public_comment,2025-04-06 01:02:04+00:00,2025-04-06,"> Going further: do you want a US internet, a French internet, Japanese internet, etc? The Internet was conceived as a network of independent nodes, all interconnected. What I said looks a lot more like what the Internet was intended to be than YouTube does. > I would prefer to avoid fragmentation of the ecosystem, since it complicates discovery of content, reduces potential reach, limits cross-pollination of ideas, etc. Aggregators, RSS feeds or similar, word of mouth, all those things help with relevant discovery. The YouTube recommendations algorithm seems to do less so. > Suppose that I really want to consume content from certain UK creators, but the UK YouTube-equivalent is region-locked, as much of BBC is today. That's a net loss compared to the status quo. Perhaps. You might also ask yourself why they are region-locked. I believe it will come down to advertisement, at least to a non-negligible amount. In any case, I'm not saying multi-language or multi-country websites and services would be prohibited from existing, only that the likes of YouTube would probably not be as profitable and may cease to exist. > And there are plenty of people who speak languages other than their native one. English literacy / fluency is a de facto standard in tech, whether we like it or not. It is. And within a certain circle it's less of a problem, though sometimes it can also become one. > It's not a matter of suppressing other cultures, but rather providing a common language for discourse. I assume you're a native English speaker, most likely from the USA. What you call ""a common language for discourse"" is unfortunately exactly the suppression of other cultures. There's no way to have that common language without the language, the ideas and the very ways of thinking approaching more the one of the language that's becoming common. The very premise of TFA shows that. Propaganda and advertisement are one and the same in some languages. And that has profound implications in how the speakers of those languages interpret the world in what pertains to these concepts. By ""providing a common language"" where there is an intrinsic difference between the words, that world view, the very premises of those other cultures are changed and moulded to be more similar to those of the dominant language. The very existence of said common language makes the world less interesting, it slowly erases and erodes individualities of cultures and ultimately we as a species are poorer for it.",What if we made advertising illegal?,https://news.ycombinator.com/item?id=43598096,cassianoleal,,,,YouTube recommendation algorithm,Conservative keyword/context screen: recommendation/ranking/feed plus change/platform context.,43595269,https://simone.org/advertising/,2026-09-21T19:44:34.808161+00:00,UTC
hn_43717495,Hacker News,public_comment,2025-04-17 14:35:48+00:00,2025-04-17,"TikTok isn’t doing much that our domestic social media overlords aren’t doing to us themselves. Yeah Facebook is for boomers and Instagram is for millennials, but they’re only targeting the platforms like that because TikTok has already seized the younger demographics. If it wasn’t there they’re be on a Meta, Snap, YouTube, or Twitch app instead and still having their brains rotted. We need actual data privacy laws that make that business model of invasive surveillance capitalism non-viable as well as some of severe regulations placed on algorithmic recommendation engines to limit these harms. At the very least, users should be permitted to tune their algorithm parameters, including deciding how much they see things they’ve explicitly requested to see less of. Yeah we can scaremonger about TikTok all we want, but it’s not solely TikTok’s fault that it’s trash. The economic incentive structure is to produce a surfeit of brainwashing trash that erodes people’s mental health. We need to structurally change privacy laws and force market competition to crack these network effect monopolies if we want that to stop.",TikTok is harming children at an industrial scale,https://news.ycombinator.com/item?id=43717495,naravara,,,,Instagram algorithm change,Conservative keyword/context screen: recommendation/ranking/feed plus change/platform context.,43716665,https://www.afterbabel.com/p/industrial-scale-harm-tiktok,2026-09-21T19:44:34.808161+00:00,UTC
hn_43827743,Hacker News,public_comment,2025-04-29 01:04:21+00:00,2025-04-29,"I used to like xkcd, but he has made some comics that have had a pretty negative effect on society as a whole. Famously, I think that comic #1357 is a ( https://xkcd.com/1357/ ) great example of unintended consequences. Most average people think it's unreasonable to get fired from a typical job for supporting a given party so the idea that ""free speech isn't free from consequences"" doesn't really ring true. Most people seem to believe in a principle of ""free speech"" that goes beyond ""freedom of speech only protects you from the government"", you could call it the principle of open discussion or something. This whole idea of ""community"" moderation in this fashion is inappropriate when the actual moderation is only done by a handful of unaccountable people and executed with an invisible recommendation algorithm. When you get banned by a social media website, that's not the same thing as being kicked out of a bar. Social media websites are funded by advertising companies. The kind of people who use this comic were living in a venture-captial funded web2.0 utopia and did not realize that the town square had been privatized. Reddit, Tumblr, etc. did not see the coming wave of censorship coming in the name of advertiser-friendliness. Twitter users did not realize ""It's a private company, they can do whatever they want"", goes both ways when their site got bought out by a right wing guy. I also see comics like #538 ( https://xkcd.com/538/ ) used to justify a total pessimism around cryptography at all. Like ""why bother encrypting your hard drive or data when the government can just beat you with a hose"". It's not hard to see why this is a terrible argument. xkcd is fine, it's very quotable, it's just that his well of ""nerdy humor"" has seemed to run dry. Most of his comics are rehashes of old ideas/jokes at this point. And when it comes to politics, xkcd just seems to tow the democratic party line, even when it's disastrous like supporting kamala or hillary.",PhD Timeline,https://news.ycombinator.com/item?id=43827743,beeflet,,,,Twitter recommendation algorithm,Conservative keyword/context screen: recommendation/ranking/feed plus change/platform context.,43818614,https://xkcd.com/3081/,2026-09-21T19:44:34.808161+00:00,UTC
hn_44026725,Hacker News,public_comment,2025-05-19 05:32:58+00:00,2025-05-19,"There was a previous incident where Grok would say that Elon was the biggest spreader of misinformation on Twitter, which caused someone to add a line in the prompt so it would stop saying that. It was eventually claimed that it had been a new employee that made that change. The newer incident was related to White Genocide in South Africa. Another employee added a line about the topic, which caused Grok to randomly start talking about this even with unrelated questions. This latest incident ultimately caused the xAI team to decide to publish their prompts on GitHub. Even if their processes around this are a bit undercooked, they'll probably just keep iterating on it until landing in a good spot. It would be great if we could get a stronger guarantee that the prompt that is tagged on GitHub matches what is actually deployed to production. Something to look out for is whether this repo will actually be treated as a source of truth, or if it'll end up being a one-time dump that never gets updated. Previously, Elon made a lot of noise about open sourcing the recommendation algorithm for Twitter, but after the initial release the repo was never updated again, despite it being clear that there were changes being made to the recommendation algorithm. When I last saw someone ask Elon about this, he claimed that he would release the updated algorithm changes, but it hasn't happened. I think releasing the prompts for major LLMs is generally a good thing, and I'm hopeful that this might push other companies to follow along. At a minimum, platforms should disclose when they make changes to system prompts. Ideally, they would also release the prompt itself, but goodness exists on a scale and I try to be pragmatic.",[dead],https://news.ycombinator.com/item?id=44026725,TheAceOfHearts,,,,Twitter recommendation algorithm,Conservative keyword/context screen: recommendation/ranking/feed plus change/platform context.,44025851,,2026-09-21T19:44:34.808161+00:00,UTC
hn_44485313,Hacker News,public_comment,2025-07-07 00:01:05+00:00,2025-07-07,"Or the fact that he volunteered to work for Twitter, which is the ultimate propaganda recommendation algorithm since Musk took over. https://www.theverge.com/2022/12/20/23519922/george-hotz-geo...",Are we the baddies?,https://news.ycombinator.com/item?id=44485313,hn1986,,,,Twitter recommendation algorithm,Conservative keyword/context screen: recommendation/ranking/feed plus change/platform context.,44478115,https://geohot.github.io//blog/jekyll/update/2025/07/05/are-we-the-baddies.html,2026-09-21T19:44:34.808161+00:00,UTC
hn_44503734,Hacker News,public_comment,2025-07-08 20:23:08+00:00,2025-07-08,"> they are not even AI! From the ""Artificial Intelligence"" Wikipedia page: old-school Google search is AI, chess bots are AI, Google Maps is AI, the YouTube recommendation algorithm is AI... LLMs are definitely AI.",I don't think AGI is right around the corner,https://news.ycombinator.com/item?id=44503734,ghost-of-wires,,,,YouTube recommendation algorithm,Conservative keyword/context screen: recommendation/ranking/feed plus change/platform context.,44483897,https://www.dwarkesh.com/p/timelines-june-2025,2026-09-21T19:44:34.808161+00:00,UTC
hn_44529655,Hacker News,public_comment,2025-07-11 08:30:00+00:00,2025-07-11,"Cosuno | Senior Full Stack Developer (TypeScript) / Senior Machine Learning Engineer – Generative AI | Remote (EU) / Berlin | Full-time | https://www.cosuno.com Cosuno is a fast-growing tech startup revolutionizing the construction industry with our digital platform for tenders and procurement. We use AI to analyze millions of price data points, helping construction companies create precise and efficient bids. We're looking to expand our team with creative minds who want to solve real-world problems and reshape a massive industry. We are an open-minded, collaborative, and international team. We're hiring for two key senior roles: --- Senior Full Stack Developer (TypeScript) Location: Remote (EU) / Berlin Stack: TypeScript, React, Node.js, Cypress, Kubernetes, AWS Mission: Take full ownership of features on both the frontend and backend of our product. You'll have the responsibility to extend and build upon our platform to make it more valuable, reliable, and maintainable. We value a trunk-based development workflow with daily releases, comprehensive end-to-end testing, and a solid CI/CD pipeline. You have: 5+ years of hands-on engineering experience, substantial expertise in JavaScript/TypeScript, and experience with Node.js (React is a plus). You thrive in an agile environment and have a pragmatic, startup mindset. --- Senior Machine Learning Engineer – Generative AI Location: Remote (EU) / Berlin Mission: Own end-to-end ML workflows from data ingestion to production deployment. You will dive deep into core application domains like price prediction, two-sided market design (ranking/recommendations), or agentic workflows using state-of-the-art LLMs. A key part of your role will be establishing and enforcing MLOps and LLMops best practices. You have: 5+ years of ML engineering experience, with at least one year working with LLMs. You possess strong Python skills, a proven track record of deploying containerized services (Docker, Kubernetes), and deep expertise in at least one of the following: deep learning (PyTorch, Transformers), ranking/matching algorithms, or LLMops (RAG, evals, fine-tuning). Interested? To apply and for more detailed information, please see the full job descriptions on our careers page: https://www.cosuno.com/en/company",Ask HN: Who is hiring? (July 2025),https://news.ycombinator.com/item?id=44529655,cosuno,,,,recommendation ranking,Conservative keyword/context screen: recommendation/ranking/feed plus change/platform context.,44434576,,2026-09-21T19:44:34.808161+00:00,UTC
hn_44700912,Hacker News,public_comment,2025-07-27 12:42:31+00:00,2025-07-27,"youtube's recommendation algorithm favours channels with a consistently scheduled upload cadence, high clickthru rate and spread/virality (people share the video - which is tracked by this si parameter in the share link if you use the share feature). Science and education channels upload quite infrequently and irregularly (but each video is very high quality), but even if it is shared, it ""drops off"" as people finish watching it and move on. And unfortunately, this sort of content just does not beat those clickbait slop that tends to get shared. I try to correct it often by sharing these videos myself, but alas i dont think my drop in the bucket makes much difference.",Torqued Accelerator Using Radiation from the Sun (Tars) for Interstellar Payload,https://news.ycombinator.com/item?id=44700912,chii,,,,YouTube recommendation algorithm,Conservative keyword/context screen: recommendation/ranking/feed plus change/platform context.,44697465,https://arxiv.org/abs/2507.17615,2026-09-21T19:44:34.808161+00:00,UTC
hn_44758972,Hacker News,public_comment,2025-08-01 16:21:33+00:00,2025-08-01,"Cosuno | Senior Full Stack Developer (TypeScript) / Senior Machine Learning Engineer – Generative AI | Remote (EU) / Berlin | Full-time | https://www.cosuno.com Cosuno is a fast-growing tech startup revolutionizing the construction industry with our digital platform for tenders and procurement. We use AI to analyze millions of price data points, helping construction companies create precise and efficient bids. We're looking to expand our team with creative minds who want to solve real-world problems and reshape a massive industry. We are an open-minded, collaborative, and international team. We're hiring for two key senior roles: --- Senior Full Stack Developer (TypeScript) Location: Remote (EU) / Berlin Stack: TypeScript, React, Node.js, Cypress, Kubernetes, AWS Mission: Take full ownership of features on both the frontend and backend of our product. You'll have the responsibility to extend and build upon our platform to make it more valuable, reliable, and maintainable. We value a trunk-based development workflow with daily releases, comprehensive end-to-end testing, and a solid CI/CD pipeline. You have: 5+ years of hands-on engineering experience, substantial expertise in JavaScript/TypeScript, and experience with Node.js (React is a plus). You thrive in an agile environment and have a pragmatic, startup mindset. --- Senior Machine Learning Engineer – Generative AI Location: Remote (EU) / Berlin Mission: Own end-to-end ML workflows from data ingestion to production deployment. You will dive deep into core application domains like price prediction, two-sided market design (ranking/recommendations), or agentic workflows using state-of-the-art LLMs. A key part of your role will be establishing and enforcing MLOps and LLMops best practices. You have: 5+ years of ML engineering experience, with at least one year working with LLMs. You possess strong Python skills, a proven track record of deploying containerized services (Docker, Kubernetes), and deep expertise in at least one of the following: deep learning (PyTorch, Transformers), ranking/matching algorithms, or LLMops (RAG, evals, fine-tuning). Interested? To apply and for more detailed information, please see the full job descriptions on our careers page: https://www.cosuno.com/en/company",Ask HN: Who is hiring? (August 2025),https://news.ycombinator.com/item?id=44758972,cosuno,,,,recommendation ranking,Conservative keyword/context screen: recommendation/ranking/feed plus change/platform context.,44757794,,2026-09-21T19:44:34.808161+00:00,UTC
hn_44929567,Hacker News,public_comment,2025-08-17 07:13:43+00:00,2025-08-17,"I think one of the key factors to consider is whether the people pushing these new technologies are communicating clearly and acting in good faith. Many of these self driving technologies are pushed using very confusing and misleading names. Beyond that, Elon has a history of making claims and promises which don't pan out, without ever taking accountability. In 2016 Elon claimed that you'd be able to summon a Tesla from New York to Los Angeles autonomously by 2018. Let's give him the benefit of the doubt and say that he really believed that claim in 2016; at what point between 2016 and 2018 do you think he realized it wasn't going to happen and why didn't he speak up at that point? It would've been as simple as tweeting: ""wow, we really underestimated the challenges, my previous claim was wrong and this problem will take longer to resolve"". It's fine to have ambitious deadlines and talk about what timelines you're hoping to hit. But this should be tempered by taking accountability and providing updates when new information becomes available. Nobody expects perfection, just the bare minimum of transparency and honesty. The accountability and lack-of-transparency problems persists to this day. Elon has made tons of claims over the years and he rarely provides any updates or follows up. A recent example: he talked up how Twitter would open source the recommendation algorithm, but instead we got a one-time source snapshot which never got updated.",The End of Tesla?,https://news.ycombinator.com/item?id=44929567,TheAceOfHearts,,,,Twitter recommendation algorithm,Conservative keyword/context screen: recommendation/ranking/feed plus change/platform context.,44928709,https://www.youtube.com/watch?v=2znwoOp2rw4,2026-09-21T19:44:34.808161+00:00,UTC
hn_45109098,Hacker News,public_comment,2025-09-02 21:09:50+00:00,2025-09-02,"You still ask for evidence that their recommendation algorithm is not actually not open-source, despite that I just presented to you that the last so-called “open-source” commit was made almost 800 days ago. To summarize, you believe that because X once called X’s algo open-source, that it must be open-source (“unless proven otherwise”) in the comment section of an article that (again) explains that Twitter censors any unwanted opinions for self-interest. I think the Flavor Aid remark was entirely warranted.",Twitter Shadow Bans Turkish Presidential Candidate,https://news.ycombinator.com/item?id=45109098,hashstring,,,,Twitter recommendation algorithm,Conservative keyword/context screen: recommendation/ranking/feed plus change/platform context.,45104597,https://utkusen.substack.com/p/xtwitter-secretly-shadow-bans-turkish,2026-09-21T19:44:34.808161+00:00,UTC
hn_45122593,Hacker News,public_comment,2025-09-04 01:53:55+00:00,2025-09-04,"That's due to Elon's gross mishandling of Twitter governance (e.g. demanding that the recommendation algorithm be tweaked so that literal Nazis dominate people's feeds), not due to any technical failings of the platform as a result of downsizing the engineering staff.",Evidence that AI is destroying jobs for young people,https://news.ycombinator.com/item?id=45122593,MontyCarloHall,,,,Twitter recommendation algorithm,Conservative keyword/context screen: recommendation/ranking/feed plus change/platform context.,45121342,https://www.derekthompson.org/p/the-evidence-that-ai-is-destroying,2026-09-21T19:44:34.808161+00:00,UTC
hn_45177043,Hacker News,public_story,2025-09-09 03:26:08+00:00,2025-09-09,Source code for the X Recommendation Algorithm,Source code for the X Recommendation Algorithm,https://news.ycombinator.com/item?id=45177043,just_human,14.0,7.0,14.0,Twitter recommendation algorithm,Conservative keyword/context screen: recommendation/ranking/feed plus change/platform context.,45177043,,2026-09-21T19:44:34.808161+00:00,UTC
hn_45177716,Hacker News,public_comment,2025-09-09 05:22:44+00:00,2025-09-09,YouTube's recommendation algorithm has always been terrible; I only watch the channels I have subscribed to.,YouTube views are down (don't panic),https://news.ycombinator.com/item?id=45177716,anghunk,,,,YouTube recommendation algorithm,Conservative keyword/context screen: recommendation/ranking/feed plus change/platform context.,45173455,https://www.jeffgeerling.com/blog/2025/youtube-views-are-down-dont-panic,2026-09-21T19:44:34.808161+00:00,UTC
hn_45178315,Hacker News,public_story,2025-09-09 06:42:01+00:00,2025-09-09,DeepWiki of Twitter's Recommendation Algorithm,DeepWiki of Twitter's Recommendation Algorithm,https://news.ycombinator.com/item?id=45178315,spdling2,2.0,0.0,2.0,Twitter recommendation algorithm,Conservative keyword/context screen: recommendation/ranking/feed plus change/platform context.,45178315,,2026-09-21T19:44:34.808161+00:00,UTC
hn_45183039,Hacker News,public_story,2025-09-09 15:11:57+00:00,2025-09-09,Source code for the X recommendation algorithm,Source code for the X recommendation algorithm,https://news.ycombinator.com/item?id=45183039,mxstbr,249.0,141.0,249.0,Twitter recommendation algorithm,Conservative keyword/context screen: recommendation/ranking/feed plus change/platform context.,45183039,,2026-09-21T19:44:34.808161+00:00,UTC
hn_45196244,Hacker News,public_comment,2025-09-10 11:39:11+00:00,2025-09-10,YouTube's recommendation algorithm is a modern miracle if you take care to: - Like - Subscribe - Dislike,YouTube is a mysterious monopoly,https://news.ycombinator.com/item?id=45196244,carlosjobim,,,,YouTube recommendation algorithm,Conservative keyword/context screen: recommendation/ranking/feed plus change/platform context.,45177683,https://anderegg.ca/2025/09/08/youtube-is-a-mysterious-monopoly,2026-09-21T19:44:34.808161+00:00,UTC
hn_45217195,Hacker News,public_comment,2025-09-11 23:34:04+00:00,2025-09-11,"Kitchen knives murder people. Toyota Hiluxes have powered more jihad than modern battle tanks. Our tastes, beliefs, and opinions as a society are shaped by recommendation algorithms run by facebook/instagram/twitter, to our profound detriment (personal opinion). > And so its important for us to understand how they can be weaponized and to consider the social cost of that weaponization. To be clear, I absolutely agree. Plenty of tech is double-edged. And Palantir very much so. Let me restate my point. Palantir (or that class of tech products) is powerful at enabling visibility over a complex system. But visibility is not decisions, it is an input to decisions. If you had real-time telemetry from every single stomach, you could maybe automatically dispatch drones with food wherever someone is starving. Or you could use the data as a high-frequency indicator for a successful invasion. Morality is downstream of decisions not data.",How Palantir is mapping the nation’s data,https://news.ycombinator.com/item?id=45217195,mrlongroots,,,,Twitter recommendation algorithm,Conservative keyword/context screen: recommendation/ranking/feed plus change/platform context.,45215984,https://theconversation.com/when-the-government-can-see-everything-how-one-company-palantir-is-mapping-the-nations-data-263178,2026-09-21T19:44:34.808161+00:00,UTC
hn_45283974,Hacker News,public_comment,2025-09-18 01:47:07+00:00,2025-09-18,"It's funny you mention Veritasium in particular, since he hates the clickbait as much as anyone, and made a video specifically about it: https://www.youtube.com/watch?v=S2xHZPH5Sng tldw You're basically forced to structure your thumbnails and titles that way if you want your videos to actually be seen. Blame YouTube's recommendation algorithm, not the creators.",How to motivate yourself to do a thing you don't want to do,https://news.ycombinator.com/item?id=45283974,fknorangesite,,,,YouTube recommendation algorithm,Conservative keyword/context screen: recommendation/ranking/feed plus change/platform context.,45276987,https://ashleyjanssen.com/how-to-motivate-yourself-to-do-a-thing-you-dont-want-to-do/,2026-09-21T19:44:34.808161+00:00,UTC
hn_45390143,Hacker News,public_comment,2025-09-26 19:29:11+00:00,2025-09-26,"""Unique"" is definitely not necessary. Look at the dominant social media platforms of the last two decades. MySpace -> Facebook -> Twitter -> Instagram -> Snapchat -> TikTok. Each of them was a minor evolution over the last, with the core feature set remaining basically the same. Lots of user-generated content, algorithmic recommendations, likes, comments, DMs, ads. There has really not been a revolution in the social media space since it was invented.",Open Social,https://news.ycombinator.com/item?id=45390143,paxys,,,,Twitter recommendation algorithm,Conservative keyword/context screen: recommendation/ranking/feed plus change/platform context.,45388021,https://overreacted.io/open-social/,2026-09-21T19:44:34.808161+00:00,UTC
hn_45453468,Hacker News,public_comment,2025-10-02 18:28:07+00:00,2025-10-02,"this is just the tech-person habit of assuming that users are less informed than they are. go ask an ""everyday user"" how much they think instagram tracks them. i think you'll be surprised at what their assumptions are. most people i know (including my extremely non-tech-savvy parents) understand that ""the algorithm"" knows everything they do on the computer, and that's how both ads and content get targeted to them. they don't necessarily understand that amazon, facebook, and google are different algorithms, or even different companies, but they know that there is an algorithm, and that it's train-able from their usage. a huge number of people think their ads are targeted based on their phone microphone always listening to them. and they don't change any habits as a result of that assumption.",NL Judge: Meta must respect user's choice of recommendation system,https://news.ycombinator.com/item?id=45453468,notatoad,,,,Instagram algorithm change,Conservative keyword/context screen: recommendation/ranking/feed plus change/platform context.,45448326,https://www.bitsoffreedom.nl/2025/10/02/judge-in-the-bits-of-freedom-vs-meta-lawsuit-meta-must-respect-users-choice/,2026-09-21T19:44:34.808161+00:00,UTC
hn_45524474,Hacker News,public_comment,2025-10-09 07:06:23+00:00,2025-10-09,"Decentralized social RSS feed / article recommendations could totally happen if the community came up with a standard way to implement it. Re-posting / paraphrasing a comment I made in a discussion about decentralized recommendation algorithms for RSS feed content: People used to post a ""blogroll"" (and sometimes an OPML file) to their personal blogs showing the feeds they followed. That was one way to do decentralized recommendations, albeit manually since there was no well-known URL convention for publishing OPML files. If there was a well-known URL convention for publishing OPML files a client could build a recommendation graph. OMPL files in well-known locations would be neat but would only provide feed-level recommendation. Article-level recommendation would be cooler. One of the various federated/decentralized/whatever-Bluesky-is ""modern"" re-implementations of Twitter/NNTP could be used to drive article-level recommendations. My feed reader could emit machine-readable recommendation posts based on ratings I give while browsing articles. My feed reader could consume these recommendations from others, and then lots of fun could be had weighting recommendations based on social graph, algorithmic summary of the article body, trustworthiness of the poster, friend-of-friend status, etc. I thought about some of this stuff back in '05 when I tried to contribute to ttrss. The maintainer didn't have much interest so I dropped it. I've thought about it periodically but never had the initiative to do anything with it.",The RSS feed reader landscape,https://news.ycombinator.com/item?id=45524474,EvanAnderson,,,,Twitter recommendation algorithm,Conservative keyword/context screen: recommendation/ranking/feed plus change/platform context.,45517134,https://lighthouseapp.io/blog/feed-reader-deep-dive,2026-09-21T19:44:34.808161+00:00,UTC
hn_45653520,Hacker News,public_comment,2025-10-21 08:00:15+00:00,2025-10-21,"Musk effectively left his newest plaything a few months after the takeover and some events like him going in in a datacenter and disconnecting servers, that was when Twitter (I'll call it X when he acknowledges his daughter) started to stabilize again. All that he seems to be doing these days at Twitter is messing around with the recommendation algorithm, override the decisions of what's left of moderation for his far-right friends and that's it. Oh and of course Grok/xAI or however it's called these days, but IIRC that's a separate corporate entity that just got shoehorned onto Twitter.",Today is when the Amazon brain drain sent AWS down the spout,https://news.ycombinator.com/item?id=45653520,mschuster91,,,,Twitter recommendation algorithm,Conservative keyword/context screen: recommendation/ranking/feed plus change/platform context.,45649178,https://www.theregister.com/2025/10/20/aws_outage_amazon_brain_drain_corey_quinn/,2026-09-21T19:44:34.808161+00:00,UTC
hn_45730455,Hacker News,public_comment,2025-10-28 08:41:36+00:00,2025-10-28,"I don't mean there's a single centralized moderating authority overseeing everything, but rather the general tools and mechanisms used for moderation on the Internet are centralized and undemocratic. They produce groups with authoritarian power structures and norms. Those groups get larger over time with no limit on their size. When they get large enough, they fight over which one gets to run a country. This is how modern democratic countries can turn authoritarian very fast, and it's already happening. When I say ""group"", I don't mean an actual Facebook group or subreddit (it could be, though). I mean a group of intellectually/ideologically homogenous people. They may be distributed across many subreddits and comment sections. Forums/subreddits/servers can be separate entities in form, but not in substance. Two Discord servers that moderate content the same way are the same group in this context. Moderation is not just for posters. It also affects lurking viewers because it changes what they will see. If a post is deleted by a moderator, then that moderator has decided for the viewers what they can and cannot see. Up/down voting (aka likes/dislikes) is a hidden form of moderation as well. People's likes and dislikes are deciding what other people are more likely to see because upvoted posts get to the top of the feed. Recommendation and ranking algorithms do the same thing. I'm not making a statement about who has nobler goals, be it the ad companies or Putin or the US gov or the people here on HN. I'm saying that the concept of centralized moderation on the Internet is itself the problem. Regardless of what or whose goals these tools serve, they're bad because they coagulate people into intellectually and ideologically homogenous groups, and there is no group size limit due to the practically infinite connectivity of the Internet. This will create nasty real-world consequences in the long run. But we can defuse this by moving all moderation and ranking to the client-side.",Study finds growing social circles may fuel polarization,https://news.ycombinator.com/item?id=45730455,txrx0000,,,,recommendation ranking,Conservative keyword/context screen: recommendation/ranking/feed plus change/platform context.,45725009,https://phys.org/news/2025-10-friends-division-social-circles-fuel.html,2026-09-21T19:44:34.808161+00:00,UTC
hn_45731428,Hacker News,public_comment,2025-10-28 11:20:53+00:00,2025-10-28,"It would correlate well with the social media boom in the late 2000s. Digg, Reddit, Twitter, Google's purchase and aggressive expansion of Youtube, etc. 4Chan. When did algorithmic recommendations (by which I mean injecting content into your feed to maintain attention, rather than an attempt to rank by quality) become commonplace? ISTR Youtube was being criticised for pushing conspiracy theories in the late 2000s, but I could be misremembering the timeline.",Study finds growing social circles may fuel polarization,https://news.ycombinator.com/item?id=45731428,teamonkey,,,,Twitter recommendation algorithm,Conservative keyword/context screen: recommendation/ranking/feed plus change/platform context.,45725009,https://phys.org/news/2025-10-friends-division-social-circles-fuel.html,2026-09-21T19:44:34.808161+00:00,UTC
hn_45742557,Hacker News,public_comment,2025-10-29 04:16:25+00:00,2025-10-29,"This is going to be such a ridiculous farce. It seemed so so likely this was going to be part Wikipedia rip off part LLM slop, and lo, sure looks so: absolutely zero actual real effort, zero hard work. All bias machine slop. Thanks Tim for digging in. Next up, replacing all recommendations & ranking with more Elonbot/Grok slop AI! https://www.socialmediatoday.com/news/x-formerly-twitter-swi... Philip K. Dick and the Fake Humans was such a beautiful conclusion to the ~2018-ish saga of articles, 'the world is now George Orwell future', 'the world is now Aldous Huxleys future'. It's captured so so well what the internet window shopped realities was leading too. And now they're giving LLM hallucinogens to these goddamned self-maniacing maniacs. They're building better and better faker and fake humans with less and less coupling to reality, more and more demented bias, more and more alien freakishness with not a shred of reality, spur ed further into their rabbit holes of insanity by absurd tortured LLMs. https://www.bostonreview.net/articles/henry-farrell-philip-k...",Grokipedia Review,https://news.ycombinator.com/item?id=45742557,jauntywundrkind,,,,recommendation ranking,Conservative keyword/context screen: recommendation/ranking/feed plus change/platform context.,45742383,https://www.tbray.org/ongoing/When/202x/2025/10/28/Grokipedia,2026-09-21T19:44:34.808161+00:00,UTC
hn_45816243,Hacker News,public_comment,2025-11-04 21:46:52+00:00,2025-11-04,"I think the right way to frame it is that the particular format of a site doesn't necessarily dictate whether or not something is ""social media"". It's important to look at how people actually use the site[0], as well as whether the voting/ranking/whatever system looks more like a popularity contest or objective moderation. It usually won't be 100% of either of those, but it will certainly lean one way or the other. I think HN leans toward objective moderation much more than Reddit does, even though HN's moderation is certainly not fully objective. [0] This use can be heavily influenced by how the owners of the site push things, e.g. HN's guidelines and in-house moderation decisions vs. Facebook's algorithmic news feed that chases user engagement above all else.",No Socials November,https://news.ycombinator.com/item?id=45816243,kelnos,,,,Facebook news feed algorithm,Conservative keyword/context screen: recommendation/ranking/feed plus change/platform context.,45801096,https://bjhess.com/posts/no-socials-november,2026-09-21T19:44:34.808161+00:00,UTC
hn_45925390,Hacker News,public_comment,2025-11-14 09:45:21+00:00,2025-11-14,"You should probably engage more with (or find) your hobbies, because this definitely feels like a ""recommendation algorithms decide what I see"" issue. There are extensions that disable youtube's recommended page and redirect you to your subscriptions page. There are extensions that disable twitter's for-you tab. If you're using said sites' mobile apps, uninstall them and use stuff like Revanced or whatever. You don't need to radically disconnect from everything, there are smaller steps that can be taken to make ""being online"" a radically better experience.",Ask HN: Is building for the web even worth it now?,https://news.ycombinator.com/item?id=45925390,ch_fr,,,,Twitter recommendation algorithm,Conservative keyword/context screen: recommendation/ranking/feed plus change/platform context.,45924891,,2026-09-21T19:44:34.808161+00:00,UTC
hn_45978748,Hacker News,public_comment,2025-11-19 12:25:43+00:00,2025-11-19,"This is because you are holding it wrong. BlueSky and Twitter and alike are algorithmic attention grabbers. They try to feed you as much controversial stuff you might react to as possible. In the fediverse, there are no recommendation algorithms yet, so you need to make sure to connect with people you are interested in proactively.",I am stepping down as the CEO of Mastodon,https://news.ycombinator.com/item?id=45978748,master-lincoln,,,,Twitter recommendation algorithm,Conservative keyword/context screen: recommendation/ranking/feed plus change/platform context.,45969909,https://blog.joinmastodon.org/2025/11/my-next-chapter-with-mastodon/,2026-09-21T19:44:34.808161+00:00,UTC
hn_46023884,Hacker News,public_comment,2025-11-23 14:39:14+00:00,2025-11-23,"https://www.pnas.org/doi/10.1073/pnas.1320040111 In 2014, Facebook published a paper showing how they can manipulate users’ emotions with their news feed algorithm. Facebook ran this test on 700k users without consent. I deactivated my account the day I read that paper and never looked back.","Meta buried 'causal' evidence of social media harm, US court filings allege",https://news.ycombinator.com/item?id=46023884,Denzel,,,,Facebook news feed algorithm,Conservative keyword/context screen: recommendation/ranking/feed plus change/platform context.,46019817,https://www.reuters.com/sustainability/boards-policy-regulation/meta-buried-causal-evidence-social-media-harm-us-court-filings-allege-2025-11-23/,2026-09-21T19:44:34.808161+00:00,UTC
hn_46148529,Hacker News,public_comment,2025-12-04 15:11:53+00:00,2025-12-04,"What's become clear is we need to bring Section 230 into the modern era. We allow companies to not be treated as publishers for user-generated content as long as they meet certain obligations. We've unfortunately allowed tech companies to get away with selling us this idea that The Algoirthm is an impartial black box. Everything an algorithm does is the result of a human intervening to change its behavior. As such, I believe we need to treat any kind of recommendation algorithm as if the company is a publisher (in the S230 sense). Think of it this way: if you get 1000 people to submit stories they wrote and you choose which of them to publish and distribute, how is that any different from you publishing your own opinions? We've seen signs of different actors influencing opinion through these sites. Russian bot farms are probably overplayed in their perceived influence but they're definitely a thing. But so are individual actors who see an opportunity to make money by posting about politics in another country, as was exposed when Twitter rolled out showing location, a feature I support. We've also seen this where Twitter accounts have been exposed as being ChatGPT when people have told them to ""ignore all previous instructions"" and to give a recipe. But we've also seen this with the Tiktok ban that wasn't a ban. The real problem there was that Tiktok wasn't suppressing content in line with US foreign policy unlike every other platform. This isn't new. It's been written about extensively, most notably in Manufacturing Consent [1]. Controlling mass media through access journalism (etc) has just been supplemented by AI bots, incentivized bad actors and algorithms that reflect government policy and interests. [1]: https://en.wikipedia.org/wiki/Manufacturing_Consent",How elites could shape mass preferences as AI reduces persuasion costs,https://news.ycombinator.com/item?id=46148529,jmyeet,,,,Twitter recommendation algorithm,Conservative keyword/context screen: recommendation/ranking/feed plus change/platform context.,46145180,https://arxiv.org/abs/2512.04047,2026-09-21T19:44:34.808161+00:00,UTC
hn_46488721,Hacker News,public_comment,2026-01-04 15:14:07+00:00,2026-01-04,"Unrelated, but I want to move from a Google account youtube feed to something a bit more client-side where I have the control but my main problem is the YouTube recommendation algorithm. I feel like after a decade and a half google knows pretty well what I like and what I'm interested in. I built that homepage brick by brick. Whenever I tried other youtube clients or ungoogled alternatives the recommendations were all really generic and not that good. Of course I won't find something that matches the real deal, but at least I want to: 1. Steer away from viral content, aka Mr Beast videos or whatever. 2. Have discoverability of youtube videos I would be interested in but that I'm not subscribed to yet. To this day I still find new channels or videos I'm really interested in on my recommended feed.",YouTube Playlist Downloader,https://news.ycombinator.com/item?id=46488721,weli,,,,YouTube recommendation algorithm,Conservative keyword/context screen: recommendation/ranking/feed plus change/platform context.,46487351,https://github.com/Linuxmaster14/yt-playlist-downloader,2026-09-21T19:44:34.808161+00:00,UTC
hn_46508171,Hacker News,public_comment,2026-01-06 02:49:39+00:00,2026-01-06,> Ask their managers? But then how do their managers verify? It's a hierarchical org chart. If you're really not sure ask Sundar. It's likely any Googler can verify the identity of any other by looking up their username but it's unlikely that the same tool would do something like tell you how the YouTube recommendation algorithm works or who would know that. They will know the names of frequent collaborators and something about the scope of relevant work but it's not like everyone at Google needs intimate knowledge of every workstream. At that scale it's unlikely anyone has the full picture.,Google broke my heart,https://news.ycombinator.com/item?id=46508171,mulmen,,,,YouTube recommendation algorithm,Conservative keyword/context screen: recommendation/ranking/feed plus change/platform context.,46505518,https://perishablepress.com/google-broke-my-heart/,2026-09-21T19:44:34.808161+00:00,UTC
hn_46553228,Hacker News,public_comment,2026-01-09 12:35:53+00:00,2026-01-09,"High CTR Ad Visuals: Stops The Scroll & Saves Your Budget Your ads look like ads (and that's bad). Learn 'Pattern Interrupt' science and generate high-CTR visuals that stop the scroll. In 2024-2025, the ""Media Buying"" game changed forever. Meta (Facebook/Instagram), Google (PMax), and TikTok have automated the targeting. You can no longer find a ""secret audience"" hack. The algorithm finds the customer for you. So, how do you win? The only lever left is Creative. According to Nielsen, 70% of campaign performance is determined by the creative asset. If your image is boring, you lose—no matter how good your product is. If your image pops, you win. The Visual Pattern Interrupt Average humans scroll 300 feet of content per day on mobile (the height of the Statue of Liberty). Their brain is in ""autopilot"" mode. They are filtering out noise. To stop them, you need a Pattern Interrupt. The Psychology of the ""Lizard Brain"" Your creative must speak to the primal brain, not the logical brain. Contrast: Don't blend in. If the feed is mostly white/grey (LinkedIn), use deep purple or neon orange. Break the platform's native palette. Emotion: Faces are the most powerful magnet effectively. But not ""smiling stock photo"" faces. We are wired to notice extreme emotion—surprise, fear, intense focus, or pure joy. Novelty: Something that looks ""impossible,"" ""weird,"" or ""glitchy"" triggers curiosity. ""What is that?"" leads to a click. The AI Advantage: Speed & Volume Humans are slow. A designer takes 2 days to make 3 ad variations. The AI Ad Creative Studio makes 50 variations in 5 minutes. (If you need video variations, seeing the Marketing Video Ad Guide is your next step). This volume allows for a new strategy: Radical Testing. 1. Test Radically Different Concepts Don't just change the button color from red to blue. That is a micro-optimization. Change the specific visual metaphor entirely. Concept A: Minimalist, ""Apple-style"" product shot. Concept B: Chaos, ""Cyberpunk"" meme style. Concept C: Hand-drawn diagram on a napkin. 2. Let Data Decide Run small budget tests ($50/day) on all 10 variations. Kill the 9 losers. Scale the 1 winner. Often, the winner is the one you (the human) thought was ""ugly."" The market is always right. 3. Refresh Constantly (Ad Fatigue) ""Ad Fatigue"" is the silent killer. A winning ad works for 2 weeks, then CTR drops. With AI, you can refresh that winning concept with 10 new slight variations instantly, effectively resetting the fatigue clock. ""Your ad isn't an ad. It's a ticket to a new reality."" The ""Ugly Ad"" Paradox Sometimes, professional design fails. ""Ugly"", native-looking content (lo-fi, UGC style, iPhone photos) often outperforms polished studio work. Why? Because it looks like a friend's post, not a company's ad. AI understands this nuance. It can generate ""studio quality"" or ""native lo-fi"" on demand. Fix Your Creatives Stop burning cash on bad visuals. The most expensive ad is the one nobody clicks. CONTINUE HERE: https://vect.pro/#/signup?continue=%2Fapp%2Ftools%3Ftool%3DA... Related contents: Audience Simulation: Predict 300% ROI Before Launching!!! https://blog.vect.pro/audience-simulation The Visual Monopoly: Create Brand-Definable Assets In AI!! https://blog.vect.pro/visual-monopoly AI SEO Strategy: Dominate SERPs Without Backlinks (2025)! https://blog.vect.pro/ai-seo-strategy Cold Email Is Dead? The AI Protocol Getting 50% Replies!! https://blog.vect.pro/cold-email-protocol",[dead],https://news.ycombinator.com/item?id=46553228,WoWSaaS,,,,Instagram algorithm change,Conservative keyword/context screen: recommendation/ranking/feed plus change/platform context.,46553227,,2026-09-21T19:44:34.808161+00:00,UTC
hn_46638507,Hacker News,public_story,2026-01-15 20:12:59+00:00,2026-01-15,Show HN: I built a way to use X without the algorithmic feed,Show HN: I built a way to use X without the algorithmic feed,https://news.ycombinator.com/item?id=46638507,cr1st1an,1.0,0.0,1.0,feed algorithm,Conservative keyword/context screen: recommendation/ranking/feed plus change/platform context.,46638507,,2026-09-21T19:44:34.808161+00:00,UTC
hn_46685240,Hacker News,public_comment,2026-01-19 22:14:02+00:00,2026-01-19,I've used Twitter since the first year it came out (almost 20yrs now) and it's always been filled with crazy politics. It's also always been a platform where you have to invest time to very carefully curate your feed otherwise you get garbage. You can 100% filter out politics and get high quality stuff that suits your interests. It's not like Tiktok where they'll do that job for you with an algorithm and push you into a comfortable bubble immediately. Twitters recommendation algorithms have never been good.,"Threads edges out X in daily mobile users, new data shows",https://news.ycombinator.com/item?id=46685240,dmix,,,,Twitter recommendation algorithm,Conservative keyword/context screen: recommendation/ranking/feed plus change/platform context.,46683947,https://techcrunch.com/2026/01/18/threads-edges-out-x-in-daily-mobile-users-new-data-shows/,2026-09-21T19:44:34.808161+00:00,UTC
hn_46688173,Hacker News,public_story,2026-01-20 05:16:14+00:00,2026-01-20,X For You Feed Algorithm,X For You Feed Algorithm,https://news.ycombinator.com/item?id=46688173,grainier,125.0,65.0,125.0,feed algorithm,Conservative keyword/context screen: recommendation/ranking/feed plus change/platform context.,46688173,,2026-09-21T19:44:34.808161+00:00,UTC
hn_46871412,Hacker News,public_comment,2026-02-03 14:30:26+00:00,2026-02-03,"You appear to have posted a bit of a loaded question here, apologies if I'm misinterpreting your comment. It is, of course, the public that should decide what communication is of public interest, at least in a democracy operating optimally. I suppose the answer, if we're serious about it, is somewhat more nuanced. To begin, public administrations should not get to unilaterally define ""the public interest"" in their communication, nor should private platforms for that matter. Assuming we're still talking about a democracy, the decision-making should be democratically via a combination of law + rights + accountable institutions + public scrutiny, with implementation constraints that maximise reach, accessibility, auditability, and independence from private gatekeepers. The last bit is rather relevant, because the private sector's interests and the citizen's interests are nearly always at odds in any modern society, hence the state's roles as rule-setter (via democratic processes) and arbiter. Happy to get into further detail regarding the actual processes involved, if you're genuinely interested. That aside - there are two separate problems that often get conflated when we talk about these platforms: - one is reach: people are on Twitter, LinkedIn, Instagram, so publishing there increases distribution; public institutions should be interested in reaching as many citizens as possible with their comms; - the other one is dependency: if those become the primary or exclusive channels, the state's relationship with citizens becomes contingent on private moderation, ranking algorithms, account lockouts, paywalls, data extraction, and opaque rule changes. That is entirely and dangerously misaligned with democratic accountability. A potential middle position could be ti use commercial social platforms as secondary distribution instead of the authoritative channel, which in reality is often the case. However, due to the way societies work and how individuals operate within them, the public won't actually come across the information until it's distributed on the most popular platforms. Which is why some argue that they should be treated as public utilities since dominant communications infrastructure has quasi-public function (rest assured, I won't open that can of worms right now). Politics is messy in practice, as all balancing acts are - a normal price to pay for any democratic society, I'd say. Mix that with technology, social psychology and philosophies of liberty, rights, and wellbeing, and you have a proper head-scratcher on your hands. We've already done a lot to balance these, for sure, but we're not there yet and it's a dynamic, developing field that presents new challenges.",X offices raided in France as UK opens fresh investigation into Grok,https://news.ycombinator.com/item?id=46871412,robtherobber,,,,Instagram algorithm change,Conservative keyword/context screen: recommendation/ranking/feed plus change/platform context.,46868998,https://www.bbc.com/news/articles/ce3ex92557jo,2026-09-21T19:44:34.808161+00:00,UTC
hn_46915301,Hacker News,public_comment,2026-02-06 17:01:50+00:00,2026-02-06,"And I’m so glad they did. Tiktok has brought so many positive changes to my life, and it never would have happened if they hadn’t built a product so good that it’s literally addictive. I don’t want the government to be my parent. Additionally, Instagram and Facebook have tried their best to make their products as addictive as possible, yet their recommendation algorithm is so absolutely terrible (not to mention their ads) that I barely stay on the platform for five minutes when I use it.",TikTok's 'addictive design' found to be illegal in Europe,https://news.ycombinator.com/item?id=46915301,rzz3,,,,Instagram algorithm change,Conservative keyword/context screen: recommendation/ranking/feed plus change/platform context.,46911869,https://www.nytimes.com/2026/02/06/business/tiktok-addictive-design-europe.html,2026-09-21T19:44:34.808161+00:00,UTC
hn_46939726,Hacker News,public_comment,2026-02-08 23:34:12+00:00,2026-02-08,"I built meepr recently. It's basically twitter v1, but the hashtag system is gated, it builds a knowledge base of what you talk about and how deeply, and then enables you to post into/create hashtags, think of twitter meets reddit meets quora? Feel free to follow me and share with your friends. No recommendations, no algorithmic timeline, no ads etc. Just regular old micro-blogging with a small twist. https://meepr.co/je The other thing I built but am less interested in personally just through should exist, is something like MoltBook but for more formal topics like the sciences. -> https://ideas.gd/",Ask HN: What are you working on? (February 2026),https://news.ycombinator.com/item?id=46939726,neom,,,,Twitter recommendation algorithm,Conservative keyword/context screen: recommendation/ranking/feed plus change/platform context.,46937696,,2026-09-21T19:44:34.808161+00:00,UTC
hn_46940570,Hacker News,public_comment,2026-02-09 01:36:51+00:00,2026-02-09,"I read a quote once that went something like (paraphrased): every organizational app has to compete with email and every form of social media has to compete with group texts. And I think that's accurate. If you pick random people they'll have often very old group texts. Family, friend groups, etc. These are used to organize, disseminate news and so on. 10+ years ago, a lot of people did these things on FAcebook. Group texts work on all platforms. They don't have ads. They're chronological. From an engagement perspective, algorithmic recommendations and ranking (ie the newsfeed) has ""succeeded"" but it killed the use cases that people now use group texts for. And I think the two are fundamentally incompatible.","Shifts in U.S. Social Media Use, 2020–2024: Decline, Fragmentation, Polarization (2025)",https://news.ycombinator.com/item?id=46940570,jmyeet,,,,recommendation ranking,Conservative keyword/context screen: recommendation/ranking/feed plus change/platform context.,46938903,https://arxiv.org/abs/2510.25417,2026-09-21T19:44:34.808161+00:00,UTC
hn_46998445,Hacker News,public_comment,2026-02-13 03:02:52+00:00,2026-02-13,"This is my complaint about many types of YouTube pundits. I had tuned in to some channels for analysis and insightful commentary, for example, film and TV series. But every one devolved into “Worst episode ever!” and “ has RUINED !” So to sum up, the YouTube recommendations algorithm has ruined independent criticism and there is nothing on anymore. Join my Patreon, “UnJustLikes” for the deep dive!",Beginning fully autonomous operations with the 6th-generation Waymo driver,https://news.ycombinator.com/item?id=46998445,RupertSalt,,,,YouTube recommendation algorithm,Conservative keyword/context screen: recommendation/ranking/feed plus change/platform context.,46990578,https://waymo.com/blog/2026/02/ro-on-6th-gen-waymo-driver,2026-09-21T19:44:34.808161+00:00,UTC
hn_47020218,Hacker News,public_story,2026-02-15 01:24:16+00:00,2026-02-15,NewPipe: YouTube client without vertical videos and algorithmic feed,NewPipe: YouTube client without vertical videos and algorithmic feed,https://news.ycombinator.com/item?id=47020218,nvader,338.0,115.0,338.0,feed algorithm,Conservative keyword/context screen: recommendation/ranking/feed plus change/platform context.,47020218,,2026-09-21T19:44:34.808161+00:00,UTC
hn_47066429,Hacker News,public_comment,2026-02-18 21:09:10+00:00,2026-02-18,"I really wish these points were made in a non-political / platform-specific way because if you care about this issue it's ultimately unhelpful to frame it as if this is an issue with just X or conservatives given how politically divided people are. I do share the author's concerns and was also concerned back in the day when Twitter was quite literally banning people for posting the wrong opinions there. But it's interesting how the people who used to complain about political bias, now seem to not care, and the people who argued ""Twitter is a private company they can do what they want"" suddenly think the conservative leaning algorithm now on X is a problem. It's hard to get people across political lines to agree when we do this. In my opinion there two issues here, neither are politically partisan. The first is that we humans are flawed and algorithms can use our flaws against us. I've repeatedly spoken about how much I love YouTube's algorithm because despite some people saying it's an echo chamber, I think it's one of the few recommendation algorithms which will serves you a genuinely diverse range of content. But I suspect that's because I genuinely like consuming a very wide range of political content and I know I'm in a minority there (probably because I'm interested in politics as a meta subject, but don't have strong political opinions myself). But my point is these algorithms can work really well if you genuinely want to watch a diverse range of political content. Secondly some recommendation algorithms (and search algorithms) seem to be genuinely biased which I'd argue isn't a problem itself (they are private companies and can do what they want), but that bias isn't transparent. X very clearly has a conservative bias and Bluesky also very clearly has political bias. Neither would admit their bias so people incorrectly assume they're being served something which is fairly representative of public opinion rather than curated – either by moderation or algorithm tweaks. What we need is honesty, both from individuals who are themselves seeking out their own bias, and platforms which pretend to not have bias but do, and therefore influence where people believe the center ground is. We can all be more honest with ourselves. If you exclusively use X or Bluesky, it's worth asking why that is, especially if you're engaging with political content on these platforms. But secondly I think we do need more regulation around the transparency of algorithms. I don't necessary think it's a problem if some platform recommends certain content above other content, or has some algorithm to ban users posts content they don't like, but these decisions should be far transparent than they are today so people are at least able to feed that into how they perceive the neutrality of the content they're consuming.",The political effects of X's feed algorithm,https://news.ycombinator.com/item?id=47066429,kypro,,,,Twitter recommendation algorithm,Conservative keyword/context screen: recommendation/ranking/feed plus change/platform context.,47065728,https://werd.io/the-political-effects-of-xs-feed-algorithm/,2026-09-21T19:44:34.808161+00:00,UTC
hn_47066527,Hacker News,public_comment,2026-02-18 21:16:59+00:00,2026-02-18,"I blame Google for a lot of this. Why? Because they more than anyone else succedded in spreading the propaganda that ""the algorithm"" was like some unbiased even all-knowing black box with no human influence whatsoever. They did this for obvious self-serving reasons to defend how Google properties ranked in search results. But now people seem to think newsfeeds, which increase the influence of ""the algorithm"", are just a result of engagement and (IMHO) nothing could be further from the truth. Factually accurate and provable statements get labelled ""misinformation"" (either by human intervention or by other AI systems ostensibly created to fight misinformation) and thus get lower distribution. All while conspiracy theories get broad distribution. Even ignoring ""misinformation"", certain platforms will label some content as ""political"" and other content as not when a ""political"" label often comes down to whether or not you agree with it. One of the most laughable incidents of putting a thumb on the scale was when Grok started complaining about white genocide in South Africa in completely unrelated posts [1]. I predict a coming showdown over Section 230 about all this. Briefly, S230 establishes a distinction between being a publisher (eg a newspaper) and a platform (eg Twitter) and gave broad immunity from prosecution for the platform for user-generated content. This was, at the time (the 1990s), a good thing. But now we have a third option: social media platforms have become de facto publishers while pretending to be platforms. How? Ranking algorithms, recommendations and newsfeeds. Think about it this way: imagine you had a million people in an auditorium and you were taking audience questions. What if you only selected questions that were supportive of the government or a particular policy? Are you really a platform? Or are you selecting user questions to pretend something has broad consensus or to push a message compatible with the views of the ""platform's"" owner? My stance is that if you, as a platform, actively suppresses and promotoes content based on politics (as IMHO they all do), you are a publisher not a platform in the Section 230 sense. [1]: https://www.theguardian.com/technology/2025/may/14/elon-musk...",The political effects of X's feed algorithm,https://news.ycombinator.com/item?id=47066527,jmyeet,,,,Twitter recommendation algorithm,Conservative keyword/context screen: recommendation/ranking/feed plus change/platform context.,47065728,https://werd.io/the-political-effects-of-xs-feed-algorithm/,2026-09-21T19:44:34.808161+00:00,UTC
hn_47147101,Hacker News,public_comment,2026-02-25 03:53:26+00:00,2026-02-25,"No, my YouTube recommendation algorithm just vacillates erratically between recommending esoteric engineering clips from 15 years ago and trying to push me down an alt right reactionary pipeline.",Mac mini will be made at a new facility in Houston,https://news.ycombinator.com/item?id=47147101,nozzlegear,,,,YouTube recommendation algorithm,Conservative keyword/context screen: recommendation/ranking/feed plus change/platform context.,47143152,https://www.apple.com/newsroom/2026/02/apple-accelerates-us-manufacturing-with-mac-mini-production/,2026-09-21T19:44:34.808161+00:00,UTC
hn_47175572,Hacker News,public_comment,2026-02-27 02:23:26+00:00,2026-02-27,"Right, but the recommendation algorithm is very contained. The YouTube recommendation algorithm doesn't write code to modify YouTube to up whatever metrics it has.",Self-improving software won't produce Skynet,https://news.ycombinator.com/item?id=47175572,array_key_first,,,,YouTube recommendation algorithm,Conservative keyword/context screen: recommendation/ranking/feed plus change/platform context.,47161498,https://contalign.jefflunt.com/self-improving-software/,2026-09-21T19:44:34.808161+00:00,UTC
hn_47178296,Hacker News,public_comment,2026-02-27 08:59:52+00:00,2026-02-27,The US is a major exporter of that. Including Google itself via the YouTube recommendations algorithm.,"Google workers seek 'red lines' on military A.I., echoing Anthropic",https://news.ycombinator.com/item?id=47178296,pjc50,,,,YouTube recommendation algorithm,Conservative keyword/context screen: recommendation/ranking/feed plus change/platform context.,47175931,https://www.nytimes.com/2026/02/26/technology/google-deepmind-letter-pentagon.html,2026-09-21T19:44:34.808161+00:00,UTC
hn_47191022,Hacker News,public_comment,2026-02-28 05:58:50+00:00,2026-02-28,> It's for people who want to read individual posts on Twitter/X without requiring JavaScript and without being fed a sidebar full of algorithmic recommendations.,We Will Not Be Divided,https://news.ycombinator.com/item?id=47191022,zahlman,,,,Twitter recommendation algorithm,Conservative keyword/context screen: recommendation/ranking/feed plus change/platform context.,47188473,https://notdivided.org,2026-09-21T19:44:34.808161+00:00,UTC
hn_47331193,Hacker News,public_comment,2026-03-11 02:33:28+00:00,2026-03-11,Leave parenting to the parents. Stopping bad/evil parents is not possible. The tiktok/youtube recommendation algorithms will undoubtedly cause more harm to minors than wandering onto an adult website and learning about how babies are made.,Online age-verification tools for child safety are surveilling adults,https://news.ycombinator.com/item?id=47331193,davemp,,,,YouTube recommendation algorithm,Conservative keyword/context screen: recommendation/ranking/feed plus change/platform context.,47322635,https://www.cnbc.com/2026/03/08/social-media-child-safety-internet-ai-surveillance.html,2026-09-21T19:44:34.808161+00:00,UTC
hn_47368245,Hacker News,public_comment,2026-03-13 19:00:56+00:00,2026-03-13,"As a clarification, you don't need elfeed-tube to subscribe to YouTube feeds (channels or playlists) with elfeed, or to watch the videos with mpv. elfeed-tube only adds text to the feed entries, in the form of more video metadata, transcripts and synced playback with mpv. Also, mpv supports lua scripts for a variety of actions on YouTube (or other streaming) videos, such as showing you YouTube's recommended videos in the video player, clipping and downloading videos, sponsorblock and submitting sponsorblock segments, and so on. I've been doing this for almost a decade, and I do recommend it. In my experience, just importing my YouTube subscriptions into a feed reader was a positive experience. I've had a daily digest of mostly interesting videos and rarely (if ever) the urge to browse YouTube. But with YouTube's recommendation algorithm out of the picture, it does mean that you'll have to find some other way of discovering new channels.",Show HN: Channel Surfer – Watch YouTube like it’s cable TV,https://news.ycombinator.com/item?id=47368245,karthink,,,,YouTube recommendation algorithm,Conservative keyword/context screen: recommendation/ranking/feed plus change/platform context.,47336100,https://channelsurfer.tv,2026-09-21T19:44:34.808161+00:00,UTC
hn_47420279,Hacker News,public_comment,2026-03-18 00:35:23+00:00,2026-03-18,"It's all about who controls the algorithm. A sensible approach would be to decouple recommendations from platforms, to treat them like plug-ins that the user must be allowed to add or disable. You want to use YouTube's recommendation algorithm on YouTube? Great, but there needs to be an off-switch and a way to change over to another provider. This is classic anti-trust stuff, breaking up a sector into interoperable pieces.","Meta and TikTok let harmful content rise to drove engagement, say whistleblowers",https://news.ycombinator.com/item?id=47420279,idle_zealot,,,,YouTube recommendation algorithm,Conservative keyword/context screen: recommendation/ranking/feed plus change/platform context.,47417814,https://www.bbc.com/news/articles/cqj9kgxqjwjo,2026-09-21T19:44:34.808161+00:00,UTC
hn_47551257,Hacker News,public_comment,2026-03-28 03:20:02+00:00,2026-03-28,"I watched my 78yo step mother become addicted to reels so older people are definitely not immune. But she was able to go cold turkey as she only communicated with her sister over instagram so it wasn’t a problem to just continue with WhatsApp. Young people real life networks are too enmeshed with instagram to have the same option. Also, what you’re describing sounds like when you’ve haven’t spent enough time on the shorts for the content recommendation algorithm to learn your preferences. Which I agree, is unwatchable. I saw it recently when my friend put on YouTube shorts on a guest account (on an Airbnb smart tv). it was bad. But spend enough time and that will change. But best you don’t!",Fear and denial in Silicon Valley over social media addiction trial,https://news.ycombinator.com/item?id=47551257,maxaw,,,,Instagram algorithm change,Conservative keyword/context screen: recommendation/ranking/feed plus change/platform context.,47550726,https://www.bbc.com/news/articles/c86e3eglv2go,2026-09-21T19:44:34.808161+00:00,UTC
hn_47551270,Hacker News,public_comment,2026-03-28 03:22:04+00:00,2026-03-28,"I believe there's a Chicxulub level meteor headed for social media and it's not addiction. It's liability . We, as a society, don't really care about addiction. That's reflected in our government. Gambling, nicotine, alcohol, drugs, etc. Remember with tobacco it was the harm not the addiction that was their undoing. Core to all of this is what's colloquially become known as The Algorithm. Google in particular has sucessfully propagandized this idea that The Algorithm is a neutral black box over which we have no influence (for search). But every feature and behavior of any kind of recommendation or ranking or news feed algorithm is the result of a human intentionally or negligently creating that behavior. So one thing most of us here should be aware of is to get more distribution for a post or a video or whatever is through engagement . That is likes, comments, shares, reposts, quotes and so on. All these companies measure those and optimize for engagement. That sounds neutral and possibly harmless but it's not and I think it's foreseeably not harmless and no doubt there's evidence along the way to demonstrate that harm. We've seen this with some very harmful ideas that get a lot of traction online. Conspiracy theories, antivaxxer nonsense, doxxing queer people, swatting, the manosphere and of course eating disorders. ED content has a long history on the Internet and you'll find pro-ana or ""thinspiration"" sites and forums going back to the 1990s. So I think social media sites are going to have three huge problems going forward: 1. That they knowingly had minors (and children under 13, which matters for COPPA) on their platforms and they profited from that by knowingly or negligently selling those audiences to advertisers; 2. They knew they had harmful content on their platforms but hid Section 230 in particular as simply being the host for third-party content. I believe that shield is going to fail; and 3. They knowingly or negligently pushed that content to children to increase overall engagement. One clue to all this is you see Mark Zuckerberg who wants to push age verification into the OS. Isn't that weird? The one company that doesn't have an OS thinks the OS should handle that or, more specifically, should be liable for age verification? That's so strange. In an era where we have LLMs (and the systems that came before) that can analyze posted content (including video) and derive features about that content you don't get to plead ignorance or even user preference. These companies will be held liable for the harm caused by content they distribute.",Fear and denial in Silicon Valley over social media addiction trial,https://news.ycombinator.com/item?id=47551270,jmyeet,,,,recommendation ranking,Conservative keyword/context screen: recommendation/ranking/feed plus change/platform context.,47550726,https://www.bbc.com/news/articles/c86e3eglv2go,2026-09-21T19:44:34.808161+00:00,UTC
hn_47609462,Hacker News,public_comment,2026-04-02 02:56:13+00:00,2026-04-02,"Location: Hong Kong (PR) · Sydney, Australia (PR) · EU national. No visa sponsorship required. Remote: Yes — worldwide. Open to fractional CPO, advisory, consulting, board, or part-time engagements. Also open to full-time senior/executive roles. Willing to relocate: Flexible across APAC. Prefer HK base. I've spent 15 years building mobile products at scale — Google, Myspace, Booking Holdings (Agoda), and Skyscanner. A few things I've shipped: Rebuilt Agoda's iOS + Android apps from scratch. Launched the OTA industry's first all-inclusive pricing model with ML-powered search. Result: 6x daily bookings, 2x conversion, $2B annual mobile GMV. Led Hotels, Car Hire & Rail at Skyscanner through COVID-19. Grew Hotels above pre-pandemic levels — the only product line at the company to do it. Launched the first Myspace app on Google Play. Installed on 50% of Android devices worldwide within 12 months. At Google, ran global launch marketing for Google Mobile Search, YouTube Mobile, and iPhone Apps. Co-wrote the quarterly board letter. What I'm good at: Mobile product strategy (iOS/Android), AI/ML product integration (recommendations, ranking, personalisation, pricing), P&L ownership, 0→1 and 1→scale, cross-functional team leadership across APAC/US/EU, UX/UI, OTA/travel tech, consumer internet. What I'm looking for right now: Fractional CPO · VP Product · Product advisor · Board / NED · Consulting engagements. Particularly interested in mobile-first, AI-native, or travel/e-commerce companies. Happy to work remotely from HK or Sydney with periodic travel. Stanford MBA · UC Berkeley CS CV: http://www.ulfw.com/docs/CVulfw.pdf LinkedIn: https://www.linkedin.com/in/waschbusch/ Email: calstanford at gmail dot com",Ask HN: Who wants to be hired? (April 2026),https://news.ycombinator.com/item?id=47609462,ulfw,,,,recommendation ranking,Conservative keyword/context screen: recommendation/ranking/feed plus change/platform context.,47601858,,2026-09-21T19:44:34.808161+00:00,UTC
hn_48016946,Hacker News,public_comment,2026-05-05 01:19:20+00:00,2026-05-05,"Way more than six months. You may be talking about how the world looks from your vantage point, as well you should. But there’s a reason why the world doesn’t allocate trillions of dollars of capital based on that. I really value skeptical people and skepticism generally. But what I think skeptical people would prefer to consider themselves is: rational and reasonable, with their beliefs well calibrated. You’re not the only one to think that literally nothing major or significant has happened with AI but that’s simply wrong. Every major tech company - the ones poised to get the first best rewards, have already gotten good incremental revenue from AI via ads ranking/recommendations (Google, Meta, etc.), good productivity increases due to scale of workforce and advanced in house tooling. You won’t see these numbers and you don’t have to believe them. But I have seen them and I believe them, and I, like you, hate bullshit.",Let's talk about LLMs,https://news.ycombinator.com/item?id=48016946,aspenmartin,,,,recommendation ranking,Conservative keyword/context screen: recommendation/ranking/feed plus change/platform context.,48011904,https://www.b-list.org/weblog/2026/apr/09/llms/,2026-09-21T19:44:34.808161+00:00,UTC
hn_48017538,Hacker News,public_comment,2026-05-05 02:48:33+00:00,2026-05-05,"> Every major tech company - the ones poised to get the first best rewards, have already gotten good incremental revenue from AI via ads ranking/recommendations (Google, Meta, etc.) That's just software evolving. It happened before LLMs, it would happen without LLMs. > good productivity increases due to scale of workforce and advanced in house tooling. Exactly same case.",Let's talk about LLMs,https://news.ycombinator.com/item?id=48017538,brazukadev,,,,recommendation ranking,Conservative keyword/context screen: recommendation/ranking/feed plus change/platform context.,48011904,https://www.b-list.org/weblog/2026/apr/09/llms/,2026-09-21T19:44:34.808161+00:00,UTC
hn_48108780,Hacker News,public_comment,2026-05-12 14:25:01+00:00,2026-05-12,"I see what you're saying, I should have been more specific. I more so mean recommendation algorithms that are artificially created by platforms to drive more traffic. I think the HN method of user votes without manipulation by the platform is better but not ideal, the best method is 100% user curated content (i.e. following specific accounts on instagram/twitter, RSS feeds, etc), which I would argue is not really a recommendation algorithm. I think that people don't realize how much the content they see influences your thoughts, and how much that content is chosen by profitability over anything else.","EU to crack down on TikTok, Instagram's 'addictive design' targeting kids",https://news.ycombinator.com/item?id=48108780,jrflo,,,,Twitter recommendation algorithm,Conservative keyword/context screen: recommendation/ranking/feed plus change/platform context.,48106534,https://www.cnbc.com/2026/05/12/tiktok-instagram-social-media-addictive-eu-crack-down.html,2026-09-21T19:44:34.808161+00:00,UTC
hn_48148656,Hacker News,public_story,2026-05-15 13:56:23+00:00,2026-05-15,X for You Feed Algorithm (Updated May 15th),X for You Feed Algorithm (Updated May 15th),https://news.ycombinator.com/item?id=48148656,M4v3R,3.0,0.0,3.0,feed algorithm,Conservative keyword/context screen: recommendation/ranking/feed plus change/platform context.,48148656,,2026-09-21T19:44:34.808161+00:00,UTC
hn_48256498,Hacker News,public_comment,2026-05-24 11:49:42+00:00,2026-05-24,"Via Substack's own recommendation algorithm, Substack Notes, and by perusing the leaderboards, both of which have been a thing on the platform for a while now. Substack's social media side is very Twitter-esque. Writers you follow ""restack"" publications (some of which are full of AI slop, unbeknownst to the restacker) and the algorithm also inserts ""writers"" you haven't encountered into your feed. (""Writers"" is in scare quotes for a reason.)",I Miss Terry Pratchett,https://news.ycombinator.com/item?id=48256498,st3phvee,,,,Twitter recommendation algorithm,Conservative keyword/context screen: recommendation/ranking/feed plus change/platform context.,48247127,https://www.mahl.me/blog/the-spell-that-wouldnt-leave/,2026-09-21T19:44:34.808161+00:00,UTC
hn_48370447,Hacker News,public_comment,2026-06-02 14:07:18+00:00,2026-06-02,"Hey everyone, I'm introducing my very last SaaS, or maybe I should say more set of tools, b10.studio ! When reposting videos or photos on social medias, you often get limited on reach, ban, shadow-ban or flagged as a reused activity. Most of the content spoofer you'll see online propose you to change some pixels and clear the metadata. But that often create poor quality videos, with abnormal exif metadata that gets instantly flagged on social medias such as Instagram, X, TikTok or Threads. Where b10 excels, where others fail The goal of b10 is to create very high quality spoofs, visually as well as technically, spoofing and repacking into a coherent file with USA (or your preferred location) recent iPhone fingerprint. It has been tested on multiple detection algorithms: perceptual hashing like PDQ/vPDQ, content recognition, audio ACR. About the quality also, changing pixel is kind of dangerous for your reach because the platform will see your content as a low quality visual and never make you reach your engagement and views goal. We developped a very powerful content analyzer using the same technics as the big social medias, in order to never pass the line of the degraded media. Bypassing duplicate-detection by keeping the quality of the content, that is the real miracle where b10 excels. Go deep, choose your customized preset For people that really need deep content spoofing, we also have higher tiers including adversarial ML that runs on GPUs. You can use that to spoof very high impact content, sur as your creatives on Meta Ads. For other presets, b10 applies a randomized combination of transforms like visual filters, audio, metadata output, timing change, speed change etc. Each photo/video that get out of the spoofer is a completely unique content. The technical details Before any spoof, we'll apply a cropping of the dead zones, in order to work on a clean file. We are gonna then apply the spoof. 1. Visual filters 2. Geometric transforms: Zoom, rotation, lens correction, perspective, aspect ratio, pixel shift, horizontal flip, wave warp — then recrop/rescale to hide the black edges and restore the original dimensions 3. Audio We'll apply another layer of spoofing, in order to break the audio fingerprint (anti-ACR): - Pitch shift that preserves duration (so it can't desync from the video) - Subtle volume gain - Spectral perturbation: highpass/lowpass, EQ nudge at a random band, low-shelf bass - all below the audible floor Even shazam will not recognize your Dua Lipa song! 4. Temporal clipping That is also where b10 crashes all the competitors: taken frame by frame, the input and the output video will be completely different. Because we apply an edit, clipping filter in order to modify the speed, trim the head/tail and audio. 5. Authentic iPhone re-encode This is also a very powerful feature: b10 doesn't scream like ""IT'S A SPOOFED FFMPEG CONTENT"". The output looks like a real iPhone capture. For that, we apply things like: - .mov output with the qt (QuickTime) brand (or jpeg for images) - CRF, audio bitrate, FPS (30/29.97) randomized per variant - Correct bt709 colorspace metadata - +bitexact to strip the Lavf60 6. Metadata (spoof + post-process) To finish, we strip all the original metadata, for our iPhone fingerprint to stamp again your content with a coherent identity (device/iOS/GPS/date/name) created via exiftool. It's not only about spoofing At b10, we propose a complete and global experience. You'll find other tools on the suite, such as: - Image and Video File Converter - Risk and Quality Analyzer - File Reducer with 3 different level of shriking - Frame extractor, in order to work on your hooks or AI content - Audio extractor, to reuse and edit videos with brand new songs - Share a file, to be able to work smoothly with your team and virtual assistants. See you soon on b10.studio",I build B10.Studio: the most powerful content spoofer,https://news.ycombinator.com/item?id=48370447,tom_beacon,,,,Instagram algorithm change,Conservative keyword/context screen: recommendation/ranking/feed plus change/platform context.,48370446,https://b10.studio,2026-09-21T19:44:34.808161+00:00,UTC
hn_48390175,Hacker News,public_story,2026-06-03 21:14:36+00:00,2026-06-03,Show HN: NoSuggest – Watch YouTube without the recommendation algorithm,Show HN: NoSuggest – Watch YouTube without the recommendation algorithm,https://news.ycombinator.com/item?id=48390175,VJ-2-108,60.0,66.0,60.0,recommendation algorithm,Conservative keyword/context screen: recommendation/ranking/feed plus change/platform context.,48390175,,2026-09-21T19:44:34.808161+00:00,UTC
hn_48610189,Hacker News,public_comment,2026-06-20 15:55:15+00:00,2026-06-20,"Funny how quickly ""won't someone think of the children"" turns into mandatory government ID for private services, banning necessary and secure (and encrypted) communications systems, and locking children out of access to the de facto communication systems of the modern era. This is a privacy nightmare on all fronts and a horrible limit on freedom of speech. These kids will be learning how to drive a car, yet unable to contact their extended family over Messenger or follow news on Twitter. For everyone else, it means no anonymity or secrecy which has a chilling effect on free speech at a time when fascism is growing within democratic countries and dissidents are being imprisoned or murdered. Yes, there are some really big problems with social media, but keeping children away from it doesn't fix the problems - it just leaves them for the rest of us to deal with. Let's fix the root of the problem, starting with the recommendation algorithms that inherently polarize people by building echo chambers around them and pushing divisive content all in the name of ""engagement"".",VPN ban update for UK households as government looks at 'age-gate',https://news.ycombinator.com/item?id=48610189,RevEng,,,,Twitter recommendation algorithm,Conservative keyword/context screen: recommendation/ranking/feed plus change/platform context.,48609385,https://www.birminghammail.co.uk/news/midlands-news/vpn-ban-update-uk-households-34141063,2026-09-21T19:44:34.808161+00:00,UTC
hn_48719959,Hacker News,public_comment,2026-06-29 14:44:43+00:00,2026-06-29,"Their approach of ""manually tagging songs that are good 'non-AI' and not good 'AI'"" is a questionable approach from an engineering and product perspective. They would benefit much more from a have a better recommendation and ranking algorithm that carefully monitors all metrics, recommends high-performers, and excludes unpopular content from the feed. You can use the fact it was AI-generated as a signal, but it is just a signal among other criterias, not an outright ban. Essentially, explore songs and artists, exploit winners. Lot of people abort a song/artist/creator/etc. Lot of fake listens. People don't like the song of an album Creator is historically with a low score etc... -> Downrank ( https://en.wikipedia.org/wiki/Multi-armed_bandit ) Then you judge the popularity of a song, an album, a creator, a playlist, etc not its creation method. Exactly like a genre type. It's not because you don't like country music that everybody should be forbidden to listen to country music. It's good for them too, the more streams they do, the more money they get, and the more their audience is engaged. If the person doesn’t like “AI-generated genre” then just downrank it heavily on its recommandation feed, like YouTube or TikTok does.",Tidal AI Policy,https://news.ycombinator.com/item?id=48719959,rvnx,,,,recommendation ranking,Conservative keyword/context screen: recommendation/ranking/feed plus change/platform context.,48718840,https://tidal.com/ai-policy,2026-09-21T19:44:34.808161+00:00,UTC
hn_48737730,Hacker News,public_story,2026-06-30 19:05:56+00:00,2026-06-30,YouTube and Algorithmic Feeds,YouTube and Algorithmic Feeds,https://news.ycombinator.com/item?id=48737730,jpmitchell,5.0,0.0,5.0,feed algorithm,Conservative keyword/context screen: recommendation/ranking/feed plus change/platform context.,48737730,,2026-09-21T19:44:34.808161+00:00,UTC
hn_48903159,Hacker News,public_comment,2026-07-14 07:01:01+00:00,2026-07-14,"I've heard a lot of negative talk about Californian politicians, but compared to how the discussion is going on in Norway about the same issue, this is great. It's very refreshing to see politicians actually understand the problem at hand instead of just throwing age checks at it. For reference, in Norway, you basically have 3 camps: * Age verification is a detriment to democracy if implemented at a large scale as a requirement to speak in public. Well documented (activists and subject matter experts generally agree on this) * We will solve the problem of kids online and we will solve it now. The solution must be age verification. Experts loud protest, and even committee findings that warn against are completely ignored (usually people who want a quick and easy solution, politicians who want the bragging rights of having saved the kids) * We want to solve the problem, but the only obvious solution is age verification so I guess it can't be helped (not really educated on the topic. Just like most of us when it comes to a random political question. Not really a matter of intelligence) Absolute circus. I think most people here used the internet as a kid to learn about things and talk to adults in the field there were interested in. For today's kids this happens mostly on the few big sites like twitter and discord. I'm more than happy to sacrifice endless scroll and recommendation algorithms (at least the type that is thrown at you without consent) to not have to verify my age to speak online.",The infinite scroll may become endangered if controversial Calif. law passes,https://news.ycombinator.com/item?id=48903159,petterroea,,,,Twitter recommendation algorithm,Conservative keyword/context screen: recommendation/ranking/feed plus change/platform context.,48897104,https://www.sfgate.com/politics/article/meta-social-media-teenagers-22337724.php,2026-09-21T19:44:34.808161+00:00,UTC
hn_49379538,Hacker News,public_comment,2026-08-20 20:06:26+00:00,2026-08-20,"Additional citations: Zuckerberg Knew. A Whistleblower Has the Emails to Prove It. - https://www.gadgetreview.com/zuckerberg-knew-a-whistleblower... - August 19th, 2026 > Armed with engineering documents and internal emails, the states allege Meta built specific features — infinite scroll, autoplay, beauty filters, engagement-optimized recommendation systems — to maximize time-on-platform for young users, while allegedly collecting data from children under 13 without parental consent. A federal judge already rejected Meta’s motion to dismiss, allowing the addictive-design and concealment claims to proceed. > Frances Haugen’s 2021 disclosures first established that Meta reportedly knew its products could harm young users and chose not to prioritize fixes. Béjar arrives in court with the internal emails and survey data to back that narrative. US states accuse Meta of covering up research on teen social media addiction in pivotal trial - https://www.theguardian.com/technology/2026/aug/18/meta-chil... - August 18th, 2026 > Lawyers representing 29 US states have accused Meta of covering up internal research showing Instagram was addictive for teenagers. In a packed courtroom Tuesday, on the opening day of a landmark legal challenge, they said the company knew its products harmed children but hid that information from the public. > The attorneys general disagree, saying Meta “developed and refined a set of psychologically manipulative” features designed to maximize people’s time on its apps. Those include an infinite scrolling recommendation algorithm, constant notification alerts, thumbs-up “likes” and visual filters for altering one’s image. > “AGs are in the perfect position to get this done,” he added. “We did it with the tobacco settlement in the 1990s. We did it with the companies behind the opioid crisis. We’ll do it again with Meta.” Meta and YouTube designed addictive products that harmed young people, jury finds - https://www.theguardian.com/media/2026/mar/25/jury-verdict-u... - March 25th, 2026 Sharpe BT, Spooner RA. Dopamine-scrolling: a modern public health challenge requiring urgent attention. Perspect Public Health. 2025 Jul;145(4):190-191. https://doi.org/10.1177/17579139251331914 Epub 2025 Apr 12. PMID: 40219910; PMCID: PMC12322333. > This manuscript examines the emerging phenomenon of dopamine-scrolling and its implications for public health, particularly regarding mental wellbeing and digital behaviour patterns. While extensive research exists on Internet addiction, problematic social media use, and doom-scrolling, the authors of this paper identify dopamine-scrolling as a distinct behavioural pattern that warrants specific attention from public health professionals and policymakers. De D, El Jamal M, Aydemir E, Khera A. Social Media Algorithms and Teen Addiction: Neurophysiological Impact and Ethical Considerations. Cureus. 2025 Jan 8;17(1):e77145. https://doi.org/10.7759/cureus.77145 PMID: 39925596; PMCID: PMC11804976. > Does it matter how many hours we spend scrolling through Instagram? This article examines the neurobiological impact of prolonged social media use, focusing on how it affects the brain's reward, attention, and emotional regulation systems. Frequent engagement with social media platforms alters dopamine pathways, a critical component in reward processing, fostering dependency analogous to substance addiction. Furthermore, changes in brain activity within the prefrontal cortex and amygdala suggest increased emotional sensitivity and compromised decision-making abilities. The role of artificial intelligence (AI) in this process is significant. AI-driven social media algorithms are designed solely to capture our attention for profit without prioritizing ethical concerns, personalizing content, and enhancing user engagement by continuously tailoring feeds to individual preferences. These adaptive algorithms are designed to maximize screen time, thereby deepening the activation of the brain's reward centers. This cycle of optimized content and heightened engagement accelerates the development of addictive behaviors. The interplay between altered brain physiology and AI-driven content optimization creates a feedback loop that promotes social media addiction among teenagers. This raises significant ethical concerns regarding privacy and the promotion of personalized content. This review article offers a comprehensive and in-depth analysis of the neurophysiological impact of social media on adolescents and the moral concerns governing them. It also provides solutions for ethical social media use and preventing addiction among teenagers. Addictive potential of social media, explained - https://med.stanford.edu/news/insights/2021/10/addictive-pot... - October 29th, 2021 What Makes TikTok so Addictive?: An Analysis of the Mechanisms Underlying the World’s Latest Social Media Craze - https://sites.brown.edu/publichealthjournal/2021/12/13/tikto... - December 13th, 2021 (I have provided subject matter expertise on this topic to federal policymakers, with peer reviewed citations in all cases, I hope I have helped improve your priors to bring them current)",Watching TikTok and Instagram deactivates the cognitive control network: Study,https://news.ycombinator.com/item?id=49379538,toomuchtodo,,,,Instagram algorithm change,Conservative keyword/context screen: recommendation/ranking/feed plus change/platform context.,49378630,https://www.rathbiotaclan.com/tiktok-videos-deactivate-key-cognitive-brain-regions/,2026-09-21T19:44:34.808161+00:00,UTC
hn_49526965,Hacker News,public_comment,2026-09-01 19:36:11+00:00,2026-09-01,"Yep. All I want is allow/deny permissions on particular channels. For my little guy I'd set up a blanket Deny rule, with a few channels allowed; for older kids parents might want to go the other way. All of the ""parent better"" messages are useless (not to mention out of touch) when technical tools to do so are not made avaliable to us. And, of course, those tools are not given because YouTube wants to drop kids into the endless algorithmic feed of slop. The age verification laws are stupid, and will nowhere address the actual problem. YouTube (and the like) - not parents - will still have full control.",EFF to Governor Newsom: Veto California's AB 1709,https://news.ycombinator.com/item?id=49526965,eszed,,,,algorithmic feed,Conservative keyword/context screen: recommendation/ranking/feed plus change/platform context.,49522954,https://www.eff.org/deeplinks/2026/08/eff-gov-newsom-veto-californias-ab-1709,2026-09-21T19:44:34.808161+00:00,UTC
hn_49527904,Hacker News,public_comment,2026-09-01 20:40:57+00:00,2026-09-01,"I almost wonder if it's even possible now that so many of us get our information through algorithmic feeds. I listened to one Zitron interview on YouTube and my home page was immediately crammed full of similarly foamy-mouthed AI critics. (As well as plenty more Zitron.) And it's suggested some people with un-nuanced pro-AI takes, too. But what the algorithm has never, not even once, given me is a sober voice that calls attention to the nuances.",How accurate have Ed Zitron's AI skeptic predictions been?,https://news.ycombinator.com/item?id=49527904,bunderbunder,,,,algorithmic feed,Conservative keyword/context screen: recommendation/ranking/feed plus change/platform context.,49526069,https://danluu.com/zitron/,2026-09-21T19:44:34.808161+00:00,UTC
hn_49528298,Hacker News,public_comment,2026-09-01 21:14:32+00:00,2026-09-01,"So the issue really isn't ""social media"", it's the blackbox personalized algorithmic feed. So that is what we should be addressing. Things like -> no personalized algorithmic feed for minors. The ability to disable algorithmic feed and revert to historical feed from contacts. Giving the user control over suggestions and feed via the requirement that it should be possible to switch to a ""third party algorithm provider"" or self-host, while still being able to have full access to the contents and social features of the platform.",EFF to Governor Newsom: Veto California's AB 1709,https://news.ycombinator.com/item?id=49528298,bogdanoff_2,,,,algorithmic feed,Conservative keyword/context screen: recommendation/ranking/feed plus change/platform context.,49522954,https://www.eff.org/deeplinks/2026/08/eff-gov-newsom-veto-californias-ab-1709,2026-09-21T19:44:34.808161+00:00,UTC
hn_49543154,Hacker News,public_comment,2026-09-02 21:59:00+00:00,2026-09-02,"Your complaints are about the algorithmic feed, and civilizational over-dependence on mobile phones and feeds. I'm with you on that and I do wish AI wasn't introduced in that particular environment. However behind it all most token usage is driven by automating TPS reports and writing code [1]. In that dominant token usage context, the LLM is clearly just a boring old tractor. Yes, some people are falling in love with their tractor because of an existing technology that has opened us up to that possibility, but that doesn't change the fact that the tractor is mostly being used to till the farm and that our algorithm driven media environment no longer allows coverage of that because its too boring. [1]: https://www.anthropic.com/research/economic-index-june-2026-...",AI Policy,https://news.ycombinator.com/item?id=49543154,pj_mukh,,,,algorithmic feed,Conservative keyword/context screen: recommendation/ranking/feed plus change/platform context.,49537900,https://dbushell.com/ai/,2026-09-21T19:44:34.808161+00:00,UTC
hn_49556374,Hacker News,public_comment,2026-09-03 20:24:55+00:00,2026-09-03,"What you're saying is super reasonable and the ways I think about it too sometimes. I have two thoughts on this and I'm not sure how clear I can be. 1. I think sometimes the shape of a technology pushes a shape of society. But there's a feedback loop here. The like 15 years of tech were dominated by ad-tech which lead to algorithmic feeds that made engagement the game. This had an accidental effect of enraging people against eachother. This all started because of how much money google started raking in money on ads - people were aware, and we copy. Tech's focus on ads was an accident of history which could have gone other ways. Maybe this seems intuitively wrong. Like there is some evolution about how these things must go. But there are a lot of examples in my experience that people see something successful and copy it and then it turns into a cottage industry of whatever that community was. The best way forward here is to build and be successful while still following good values. The tech moment right now is ripe for it. There's a lot of reasons why open source, local first, and catering to the end user (and not making them the product) is a great way to be successful starting a company right now. Being successful in this way and talking about it breeds more likewise. 2. From what I can tell, pessimism is actively harmful. I've spent a lot of time with Russian communities (most who left due to the war) in these past years. That got me very interested in Russian history. The weird thing about the arc of it is how similar it has been in every government they've transformed into. The same basic values hold which leads to the same problems: centralized authority, low value for human life, and general oppression. This is true in czarist times, or soviet times, or post-soviet times. Government change doesn't change cultural norms. That's not to say I think that they are forever doomed. But it is the general zeitgeist of society that leads to the same place. And for it to ever change, their cultural values need to change. There's a parallel universe out there where Russia is the richest country in the world that enriches and benefits the rest of world as a partner. This is obvious given its natural resources and geographic location at the nexus between great markets, and its history of producing terrific scientists and engineers. It is the pessimism that kills all of that ultimately leading to autocrats that live to hold on to power at the very high cost of the rest of the country. The assumption that the world will just continue to be shit is what causes this cycle of abuse. It's a very hard cycle to break out collectively once entrenched. As all collective action problems are. But my, now longwinded point, is that it is not government that is the mover of change but philosophical attitude. Zero-sum thinking, tribalism, and low appreciation for individual self-determination turns us all into a raging bucket of crabs. There will be a king crab but his life will suck too.",Google Antigravity TOS: 3rd party usage can get Google account suspended,https://news.ycombinator.com/item?id=49556374,throwaway13337,,,,algorithmic feed,Conservative keyword/context screen: recommendation/ranking/feed plus change/platform context.,49548452,https://twitter.com/GergelyOrosz/status/2095453567955968398,2026-09-21T19:44:34.808161+00:00,UTC
hn_49587611,Hacker News,public_comment,2026-09-06 15:42:32+00:00,2026-09-06,"Yeah, I think the elitist part of the book being reviewed is that it elevates books per se. I have a degree in literature and a home full of books, so I’m as sad as the next guy about no one reading anymore, but I think the argument (such as it is reconstructed by the reviewer) is better when focused on the types on things one could be doing, and the self-reflection and self-improvement that comes from doing them, rather than bemoaning the specific works not read. “No one reads Shakespeare anymore” is probably true, but it’s just as sad that families talk at dinner less, kids spend less time outside, watercolors and paint brushes gifted by grandparents are tossed aside, and kids don’t ride bikes, go camping, explore the woods behind school, bake brownies (that aren’t viral recipes), and so on. Instead of measuring IQ in correlation to technology, you could probably measure VO2 Max. I would be willing to bet that it turns out that the algorithmic feed, and especially TikTok, are specifically correlated to some of these deleterious things, and have outsized effects on kids, teens, and the neurodiverse. Not everyone possesses the self-control to put the phone away after a 15-minute scroll break the way grandpa would shut off the tv as soon as the 6 o’clock news was over, and the algorithm is designed to prevent that and ultimately probably wears down native willpower over time. “Let’s ban TikTok” sounds stupid and reactionary, but what to do about it is a discussion we ought to be having.",Doomscrolling ourselves to death,https://news.ycombinator.com/item?id=49587611,gregcohn,,,,algorithmic feed,Conservative keyword/context screen: recommendation/ranking/feed plus change/platform context.,49585627,https://www.edwest.co.uk/p/doomscrolling-ourselves-to-death,2026-09-21T19:44:34.808161+00:00,UTC
hn_49606607,Hacker News,public_comment,2026-09-08 07:10:43+00:00,2026-09-08,"> Why do people (or at least politicians pretend to) believe that cigarettes are popular despite the content nicotine and not because of them? The reason Malboro blew up is because it gives you a surge of dopamine without having to do anything for it. Yes - TikTok is popular, precicely because the algorithmic feeds are designed to be addictive. They show content, not because its good, not because its what you ask for, but because its exactly what will keep your eyes glued to the screen. I would assume that the majority of users would prefer a Facebook experience that showed them just the friends and family they follow, and nothing else.","My Feed, My Way",https://news.ycombinator.com/item?id=49606607,legostormtroopr,,,,algorithmic feed,Conservative keyword/context screen: recommendation/ranking/feed plus change/platform context.,49605782,https://www.pm.gov.au/media/my-feed-my-way,2026-09-21T19:44:34.808161+00:00,UTC
hn_49646373,Hacker News,public_comment,2026-09-10 16:25:17+00:00,2026-09-10,"The reason that algorithmic feeds were introduced was essentially that Zynga and various heavy posters were killing Facebook (but mostly Zynga). Back near the dawn of time, FB's feed was chronological, and that meant that Every.Single.Farmville.Notification showed up in your feed (and there were a lot of Farmville notifications). This was actually causing real problems for Facebook, and they introduced an algorithmic feed to fix it. Back then, it was actually relatively simple, and mostly just ranked posts based on how connected you were to the person on Facebook. Obviously things have changed since then, and algorithmic feeds have had a host of weird impacts, but a ranked feed is not necessarily bad in and of itself.",I think I hate the internet,https://news.ycombinator.com/item?id=49646373,disgruntledphd2,,,,algorithmic feed,Conservative keyword/context screen: recommendation/ranking/feed plus change/platform context.,49639104,https://strategictree.bearblog.dev/i-think-i-hate-the-internet/,2026-09-21T19:44:34.808161+00:00,UTC
hn_49646902,Hacker News,public_comment,2026-09-10 16:59:42+00:00,2026-09-10,"Algorithmic feeds make large ""pile of all posts everywhere"" social networks like Twitter and BlueSky viable IMO. The mentioned ""For You"" feed for BlueSky appears to be a variation of LinkLonk's algorithm (by the same author), so how it works is partially known: https://linklonk.com/item/3292763817660940288",I think I hate the internet,https://news.ycombinator.com/item?id=49646902,packetlost,,,,algorithmic feed,Conservative keyword/context screen: recommendation/ranking/feed plus change/platform context.,49639104,https://strategictree.bearblog.dev/i-think-i-hate-the-internet/,2026-09-21T19:44:34.808161+00:00,UTC
hn_49704897,Hacker News,public_comment,2026-09-14 22:11:31+00:00,2026-09-14,"From my vantage point the decentralization stuff distracted them from winning, but I am too ignorant to be sure if that's valid or not. The ideal twitter clone does, unfortunately, have to clone the ""virality"" aspect, including the recommendation algorithm, at least at first. A necessary evil, but at least it would be in better hands if it was rebuilt by more prosocial owners.",XCancel service is suspended until further notice,https://news.ycombinator.com/item?id=49704897,ajkjk,,,,Twitter recommendation algorithm,Conservative keyword/context screen: recommendation/ranking/feed plus change/platform context.,49694296,https://xcancel.com/#,2026-09-21T19:44:34.808161+00:00,UTC
hn_49724110,Hacker News,public_comment,2026-09-16 09:48:33+00:00,2026-09-16,"It's the wrong way to go about the issue. Instead, mandate control over the recommendation algorithms. Now THAT could actually change something. And is for good reason the worst nightmare of TikTok, Facebook and Twitter. While they obviously have no significant issue with age control. Because it doesn't hurt them.","EU chief proposes social media, online gaming and chatbot ban for kids under 13",https://news.ycombinator.com/item?id=49724110,lompad,,,,Twitter recommendation algorithm,Conservative keyword/context screen: recommendation/ranking/feed plus change/platform context.,49723877,https://apnews.com/article/europe-leyen-social-media-ban-kids-3e7176ea409ba4af0a069f5ca7dd9680,2026-09-21T19:44:34.808161+00:00,UTC
hn_49776259,Hacker News,public_comment,2026-09-20 14:29:11+00:00,2026-09-20,"Or how about you adults all grow up and gain some healthy personal accountability instead of blaming your devices and society for your lack of self control. For certain technology there should be bans but it is not social media and algorithmic feeds. There may be speedbumps, more user controls and auto classifiying of user type with optional alteration of the feed and type of content, but full bans for things like infinite scroll are disproptional. Should sexual content be banned on social media? Maybe? Should violent footage be banned? It depends? Should bullying or predatory behavior be banned? I guess so? Or maybe it should it only be discouraged? What kind of social media does there exist? Is it binary or is it a spectrum, and should different rules or guidelines be applied? Way too many variables. But what is clear is that age (ID) checks for the wide spread internet are completely out of the question. Governments should not have that much control over our social lives. Face it, technology changes the world. The smartphone with camera did. If you could, would you put that genie back in the bottle? Should all content produced on smartphones be checked and watermarked and pulled through a selection of governments fingerprints to be publishable? Be very careful what you wish for since every new technology comes with hard to imagine second order effects and threats.",Teen Social Media Bans Miss the Point,https://news.ycombinator.com/item?id=49776259,jck86,,,,algorithmic feed,Conservative keyword/context screen: recommendation/ranking/feed plus change/platform context.,49775700,https://thereader.mitpress.mit.edu/teen-social-media-bans-miss-the-point/,2026-09-21T19:44:34.808161+00:00,UTC
hn_49776271,Hacker News,public_comment,2026-09-20 14:30:15+00:00,2026-09-20,"Are people seriously routinely experiencing serious harm from social media use, comparable with alcohol or gambling addiction? The discussion may have suffered from much unnecessarily hyperbole in comparing YouTube to heroin, in how a single use guarantees unavoidable long term consequences with little redeeming qualities. I'm a college age gen Z, and don't really think you can fix much with a social media ban alone, even ignoring all the implications if it's enforcement. People don't get dysmorphia because some computer program told them so. The ""influencers"" are just other victims of a fundamentally toxic culture, or leaches on that insecurity. You could say it used to be better before the internet, and maybe you'd be right. But all the internet enabled is just more people talking to each other about what's on their mind. As long as there are humans communicating through any medium, there will be a culture that can harbor these destructive tendencies, and the bigger more sparse that culture is, the more extreme its ideas can get. Chronological feeds or more civic accountability for any algorithmic feeds (like forcing companies to share data with researchers to study their effects) could be a generally great initiative, but simply banning social media for anyone won't do as much as you'd hope. Looksmaxing, the latest of these strange internet-induced mental illnesses, literally began on a phpBB forum.",Teen Social Media Bans Miss the Point,https://news.ycombinator.com/item?id=49776271,pona-a,,,,algorithmic feed,Conservative keyword/context screen: recommendation/ranking/feed plus change/platform context.,49775700,https://thereader.mitpress.mit.edu/teen-social-media-bans-miss-the-point/,2026-09-21T19:44:34.808161+00:00,UTC
hn_49776309,Hacker News,public_comment,2026-09-20 14:35:20+00:00,2026-09-20,"I can agree with this. And I’m not sure how these bans are scoped but maybe they should be scoped specifically around algorithmic feeds. The biggest problem to me isn’t the content or posting on a friends timeline. It’s that choices are pushed to the user rather than pulled. Change that one dynamic and I may not care as much that YouTube has content I consider toxic. Add a little friction my teen has to go actively discover content he’s curious about, not pushed an algorithmic feed. I think the problem is though - the tech companies are incentivized to make this about _content_ “ I can’t ban Andrew Tate because it’s not my job to tell people what they can and can’t watch, first amendment, blah blah blah. And Zuckerberg isn’t wrong here exactly, but per above the real argument I think is less about content and more about form. But the reality is these companies don’t actually make their money from the content they make it from the form. So Zuckerberg can’t concede “oh you’re right, making the newsfeed less adddictive doesn’t violate first amendment rights, at least we’re not banning Trump, because he doesn’t care about banning Trump except for the heat he gets from republicans, he cares about you messing with the money printer. The thing we may all be able to agree they should do is the thing they’ll push back much harder against doing.",Teen Social Media Bans Miss the Point,https://news.ycombinator.com/item?id=49776309,techblueberry,,,,algorithmic feed,Conservative keyword/context screen: recommendation/ranking/feed plus change/platform context.,49775700,https://thereader.mitpress.mit.edu/teen-social-media-bans-miss-the-point/,2026-09-21T19:44:34.808161+00:00,UTC
hn_49791607,Hacker News,public_comment,2026-09-21 18:49:57+00:00,2026-09-21,"The sum total of things going on in the world is far more than any one human being can process. The function of the news media (either human or algorithmic) is to cherry-pick the stories that are presented to users. Because they are cherry-picked, they necessarily present a distorted picture of reality. In the days of the big-3 monopoly of broadcast TV, they were usually cherry-picked to support national unity and common American culture; as the news media got more competitive, they started cherry-picking ones that would hold viewer attention (""if it bleeds, it leads""), and then as we switched to Internet news and algorithmic feeds they are algorithmically chosen to maximize engagement.",Attention is all you have,https://news.ycombinator.com/item?id=49791607,nostrademons,,,,algorithmic feed,Conservative keyword/context screen: recommendation/ranking/feed plus change/platform context.,49787726,https://alicegg.tech/2026/09/21/attention,2026-09-21T19:44:34.808161+00:00,UTC
